// Auto-generated by tools/rgb565_convert.py
// Source:    /mnt/d/Projects/ESP32_Projects/Small_Screen/figures/picture1.png
// Target:    240x320, 76800 pixels, 153600 bytes
// Resample:  lanczos
// Rotate:    90 deg
// DATA FORMAT: Standard RGB565.
// Call gb_swap_buf() before esp_lcd_panel_draw_bitmap().
#include <stdint.h>

#define picture1_W 240
#define picture1_H 320

static const uint16_t picture1_data[] = {
    0x8B42, 0xACC3, 0xAD03, 0xC483, 0xC5E4, 0xB463, 0xA463, 0x9342,
    0x93E6, 0x9B48, 0x9BA4, 0x9323, 0xA3E3, 0xC442, 0xE543, 0xE66B,
    0xF6AA, 0xEF2F, 0xE66A, 0xE6EC, 0xD6AF, 0xCD0B, 0xD4E7, 0xEE90,
    0xF750, 0xEF0D, 0xEECB, 0xEE8C, 0xEEAD, 0xEF4E, 0xD60B, 0xE546,
    0xEEEA, 0xEF0F, 0xF7BD, 0xFF9C, 0xFFBE, 0xEF35, 0xC424, 0xE5E6,
    0xDE07, 0xF6C7, 0xF72A, 0xF6AA, 0xE649, 0xD5CA, 0xDD4A, 0xFE4A,
    0xF6EA, 0xEECA, 0xF70A, 0xEEC7, 0xE688, 0xEE88, 0xF625, 0xEE66,
    0xDE07, 0xEEA8, 0xD584, 0xE5C4, 0xE666, 0xE687, 0xE605, 0xC421,
    0xCD63, 0xD4A0, 0xBD8F, 0x6310, 0x6A01, 0x6A63, 0x6A22, 0x7262,
    0x6A63, 0x9241, 0xDD69, 0xDEB6, 0xE6D5, 0xB6B8, 0x6B72, 0x7223,
    0x7282, 0x8263, 0x8263, 0x7242, 0x9B42, 0xCC43, 0xA2E3, 0x7A41,
    0x73AA, 0x6C6D, 0x8282, 0x81A2, 0xA1A1, 0xD440, 0xD3E1, 0xD341,
    0xDAC5, 0xDAC4, 0xE421, 0xD322, 0xD342, 0xE402, 0xE402, 0xE422,
    0xE422, 0xE442, 0xE442, 0xD3C2, 0xB282, 0xB3A2, 0xBCE2, 0x8AC1,
    0x9470, 0xDEAD, 0xE568, 0xB201, 0xAB43, 0xE403, 0xE3E3, 0xD3C2,
    0xAA82, 0xAB22, 0xBDC3, 0xC5E4, 0xC5E6, 0xBDC8, 0xBDA3, 0xBDC9,
    0xD6D5, 0xDEF7, 0xEF37, 0xB596, 0xCE70, 0xE484, 0xBB61, 0xD583,
    0xE665, 0xE685, 0xE5E2, 0xD442, 0xCD66, 0xDE66, 0xF6A4, 0xACA2,
    0x41C1, 0x93E3, 0x7303, 0x7B42, 0x6A60, 0x632E, 0xCF1A, 0xFF5A,
    0xF75A, 0xF75A, 0xF75A, 0xF75A, 0xF77B, 0xFF7A, 0xF75A, 0xFF98,
    0xE5CA, 0x5200, 0x3982, 0x4A01, 0xAAA2, 0x79A0, 0x326A, 0xBF5B,
    0xFF3A, 0xEF3A, 0xEF19, 0xF66C, 0xBAE0, 0x2960, 0x2181, 0x2140,
    0x3183, 0x49A1, 0x1940, 0x3A81, 0x5362, 0x42C1, 0x1820, 0x38E1,
    0x38C1, 0x38E1, 0x38C1, 0x38C1, 0x38A1, 0x30A1, 0x38A1, 0x38A1,
    0x38A1, 0x38A1, 0x38A1, 0x38A1, 0x30A1, 0x30A1, 0x3081, 0x30A1,
    0x3881, 0x3081, 0x3081, 0x3081, 0x3081, 0x3081, 0x3081, 0x3081,
    0x3081, 0x3081, 0x3081, 0x30A1, 0x3081, 0x3081, 0x3081, 0x3081,
    0x3081, 0x3882, 0x3882, 0x38C2, 0x38A2, 0x3882, 0x38A2, 0x38A2,
    0x40A2, 0x40A2, 0x40A2, 0x40A2, 0x40A2, 0x40A2, 0x40A2, 0x4162,
    0x4122, 0x40A2, 0x40C2, 0x40A2, 0x40A2, 0x40A2, 0x40A2, 0x40A2,
    0x8B82, 0xA482, 0xB563, 0xC5E3, 0xC623, 0xCE63, 0x9483, 0x92E3,
    0x9383, 0x9325, 0x9BE4, 0x8B23, 0x9343, 0xCC02, 0xF627, 0xF6EB,
    0xEF4D, 0xDED0, 0xD629, 0xCD88, 0xC4C7, 0xCC83, 0xD5A1, 0xD544,
    0xE62C, 0xDECD, 0xDE2B, 0xEE28, 0xF5E8, 0xD50B, 0xE5E9, 0xF6C9,
    0xEEED, 0xEEEB, 0xF797, 0xFFBD, 0xFFDC, 0xEF9D, 0xCC69, 0xE605,
    0xEE27, 0xF749, 0xE74F, 0xD58C, 0xE4E6, 0xE4E3, 0xECE3, 0xFE22,
    0xF6A5, 0xDD88, 0xDE4A, 0xE6AB, 0xDE08, 0xEE87, 0xF727, 0xF728,
    0xE647, 0xE647, 0xDDE5, 0xE624, 0xDE47, 0xE666, 0xEEC7, 0xD523,
    0xC483, 0xD502, 0xD4A3, 0x7A64, 0x6A01, 0x7242, 0x7262, 0x6A63,
    0x9241, 0xDD28, 0xDED5, 0xD6D5, 0x9DB6, 0x72EF, 0x7203, 0x7262,
    0x7242, 0x82C3, 0x8B22, 0x7A62, 0x8BA3, 0xDE84, 0xBD03, 0x7A82,
    0x8A25, 0xAA08, 0xD203, 0xE322, 0xEBE2, 0xE422, 0xE442, 0xE442,
    0xE422, 0xE422, 0xE462, 0xE482, 0xED02, 0xEDA2, 0xEDA2, 0xEDA2,
    0xEDA2, 0xEDE2, 0xF5A2, 0xED02, 0xD523, 0xBCA3, 0xABC5, 0x9B23,
    0x8C83, 0xE70E, 0xEF9A, 0xE549, 0xB9C0, 0xC321, 0xBB22, 0xAAC3,
    0xBC03, 0xBDA2, 0xBDC3, 0xBDA5, 0xC5C4, 0xCDA1, 0xC5A2, 0xD605,
    0xE6B3, 0xC615, 0xDEF7, 0xDE32, 0xDF3A, 0xCD2B, 0xC420, 0xE665,
    0xEE86, 0xE666, 0xE645, 0xE643, 0xEDC4, 0xEE66, 0x9506, 0x4201,
    0x9422, 0x8C43, 0x5A82, 0x7382, 0x6AE0, 0x7B48, 0xC6BB, 0xFF79,
    0xF75A, 0xF73A, 0xFF7A, 0xF77A, 0xFF9B, 0xF77B, 0xF739, 0xFFBC,
    0xDD6D, 0x4120, 0x3141, 0x1960, 0x4222, 0x89E0, 0x5107, 0x449A,
    0xCF5A, 0xF75A, 0xF759, 0xFFFA, 0xC404, 0x1900, 0x2181, 0x1921,
    0x3983, 0x5161, 0x4200, 0x6C01, 0x3120, 0x1020, 0x38E1, 0x38C1,
    0x38E2, 0x38C1, 0x38C1, 0x38C1, 0x38A1, 0x30A1, 0x30A1, 0x38A1,
    0x30A1, 0x38A1, 0x30A1, 0x38A1, 0x3081, 0x3081, 0x3081, 0x3081,
    0x3881, 0x3081, 0x3081, 0x3081, 0x3081, 0x3081, 0x3081, 0x3081,
    0x3081, 0x3081, 0x3081, 0x30A1, 0x3081, 0x3081, 0x3081, 0x3081,
    0x3082, 0x3882, 0x3882, 0x38A2, 0x38A2, 0x3882, 0x38A1, 0x38A2,
    0x40A2, 0x40A2, 0x40A2, 0x40A2, 0x40C2, 0x40A2, 0x4103, 0x4142,
    0x40A2, 0x40C2, 0x40C2, 0x40A2, 0x40A2, 0x40A2, 0x40A2, 0x40A2,
    0xAC42, 0xACA2, 0xBDA3, 0xB543, 0xCE23, 0xCE83, 0xB583, 0x8AC3,
    0x8B03, 0x9343, 0x9BA3, 0x93A3, 0x9AE3, 0xDC85, 0xEE0A, 0xFF2C,
    0xE731, 0xD608, 0xD600, 0xC4C1, 0xCC80, 0xCD00, 0xCD21, 0xCD01,
    0xC4E2, 0xCDA5, 0xD5C1, 0xE601, 0xFF62, 0xEEC4, 0xE627, 0xF74E,
    0xEEEC, 0xF72D, 0xF7BA, 0xEF7E, 0xF7BC, 0xEFBF, 0xD532, 0xEE05,
    0xF708, 0xDEED, 0xCD0C, 0xD403, 0xEE45, 0xEF2A, 0xE62A, 0xF6A8,
    0xFFA8, 0xE564, 0xCC22, 0xCC45, 0xD445, 0xD525, 0xD608, 0xD609,
    0xD568, 0xD526, 0xDE06, 0xE646, 0xE646, 0xEE87, 0xEE86, 0xE646,
    0xC3E2, 0xCCC2, 0xDD01, 0x9342, 0x69E2, 0x7A82, 0x6A63, 0x9241,
    0xDD68, 0xDED6, 0xDE95, 0x8493, 0x7268, 0x7A41, 0x7262, 0x7242,
    0x7242, 0x7AE2, 0x7B83, 0x72A3, 0x7324, 0x866A, 0x8DC7, 0xA2A2,
    0xB9C2, 0xD223, 0xF4C3, 0xF583, 0xED23, 0xE4A3, 0xE4A3, 0xE422,
    0xECA2, 0xEDA2, 0xF642, 0xF682, 0xF682, 0xEE82, 0xF682, 0xF682,
    0xF682, 0xF662, 0xF643, 0xF663, 0xF603, 0xED64, 0xDCA4, 0xD423,
    0x8AC5, 0xCF1A, 0xEF99, 0xE779, 0xEEF2, 0xD5ED, 0xBD22, 0xBDC5,
    0xBE26, 0xBDA2, 0xBD83, 0xC580, 0xD66C, 0xE6CC, 0xDE8C, 0xD6F4,
    0xD715, 0xE6D5, 0xEF18, 0xADB4, 0x9DF1, 0xD424, 0xC4E2, 0xE686,
    0xEE66, 0xE646, 0xEE66, 0xF6E6, 0xD6A6, 0x7C65, 0x72C2, 0xA463,
    0xA585, 0x6AC0, 0x6280, 0x5AA2, 0x6B20, 0x83C4, 0xBD79, 0xCF3B,
    0xE75A, 0xEFD9, 0xFF79, 0xF73B, 0xFF9B, 0xEF3A, 0xFF9A, 0xFFDC,
    0x7BA9, 0x3940, 0x3940, 0x1940, 0x10E0, 0x59E1, 0xBB22, 0xAB4C,
    0xB598, 0xBDD9, 0x8DDB, 0x9659, 0x4A84, 0x1920, 0x2160, 0x2120,
    0x4982, 0x4162, 0x53E5, 0x4220, 0x1000, 0x38C2, 0x38C1, 0x38C1,
    0x38C1, 0x38C1, 0x38E1, 0x38A1, 0x30A1, 0x30A1, 0x30A1, 0x30A1,
    0x3081, 0x38A1, 0x38A1, 0x38A1, 0x30A1, 0x3081, 0x3081, 0x3081,
    0x3081, 0x3081, 0x3081, 0x30A1, 0x3081, 0x3081, 0x3081, 0x3081,
    0x3081, 0x3081, 0x3081, 0x30A1, 0x3081, 0x3081, 0x3082, 0x30A2,
    0x3082, 0x3882, 0x3882, 0x3882, 0x38A2, 0x38A1, 0x3882, 0x38A2,
    0x40A2, 0x40A2, 0x40C2, 0x40C2, 0x40C2, 0x40C3, 0x40C3, 0x40A2,
    0x40C2, 0x40C2, 0x40C2, 0x40C2, 0x40C2, 0x40A2, 0x40A2, 0x40A2,
    0xBD43, 0xBD03, 0xC583, 0xC563, 0xB5E3, 0x9CC3, 0xAD63, 0x9403,
    0x8AC3, 0x8B03, 0x8B03, 0x8B43, 0x9B02, 0xE568, 0xD56A, 0xF669,
    0xEF8F, 0xDE26, 0xE621, 0xD522, 0xCCC1, 0xCCA1, 0xC4A1, 0xCD41,
    0xCD01, 0xC4A1, 0xC4A2, 0xCD41, 0xE661, 0xEFC4, 0xE707, 0xEF0F,
    0xEECB, 0xF791, 0xEF5D, 0xE68F, 0xEECB, 0xDF14, 0xCCCF, 0xE665,
    0xEF6C, 0xCD4C, 0xCC02, 0xCC63, 0xCCA6, 0xDD49, 0xE586, 0xF5A3,
    0xFF6A, 0xF7B1, 0xEE87, 0xD442, 0xD482, 0xCC42, 0xD4A3, 0xD483,
    0xCC03, 0xCBE1, 0xDCE3, 0xEEA7, 0xEE87, 0xEE87, 0xEE66, 0xEEA6,
    0xCCA3, 0xC441, 0xD522, 0xA3C2, 0x7242, 0x6A63, 0xA281, 0xE5A9,
    0xE6F6, 0xDEF6, 0xB677, 0x7AC7, 0x7AA2, 0x7263, 0x7242, 0x7242,
    0x7242, 0x72A3, 0x6B05, 0x6AA3, 0x72A3, 0x8C4D, 0xAC0D, 0xC203,
    0xDB42, 0xF5C2, 0xFEE4, 0xFEA4, 0xF683, 0xDD23, 0xD3E3, 0xED62,
    0xF662, 0xF663, 0xF643, 0xF643, 0xEE22, 0xEDE2, 0xE5A2, 0xEDC3,
    0xEE03, 0xEE43, 0xEE63, 0xEE63, 0xEE83, 0xEE43, 0xED83, 0xED22,
    0xEC63, 0xD453, 0xC59A, 0xCEB7, 0xDF58, 0xC60A, 0xBDA2, 0xBDA2,
    0xBDA3, 0xC5C3, 0xC5C3, 0xDEAA, 0xCE70, 0xCED6, 0xBE0E, 0x9D49,
    0x8CB0, 0xA638, 0xF777, 0xA408, 0x9D31, 0xB406, 0xD543, 0xF6A6,
    0xF6C6, 0xDE86, 0xBE67, 0x8506, 0x52E3, 0x8B82, 0xA564, 0xA5A5,
    0x7BC3, 0x8B81, 0x5A60, 0x8342, 0x8382, 0x6BA1, 0xD5AA, 0xD575,
    0xCD95, 0xD677, 0xC6B6, 0xBEB8, 0xCE98, 0xCE97, 0xCEBB, 0x8C51,
    0x3981, 0x59C1, 0x3120, 0x2920, 0x7B46, 0xF691, 0xEEF3, 0xF6D3,
    0xF6D5, 0xED8C, 0xAA66, 0x1905, 0x1940, 0x2140, 0x1940, 0x2961,
    0x5181, 0x2944, 0x3224, 0x1860, 0x2881, 0x38C1, 0x38C1, 0x38C1,
    0x38C1, 0x38C2, 0x38A1, 0x38A1, 0x30A1, 0x3081, 0x30A1, 0x30A1,
    0x3081, 0x30A1, 0x3081, 0x30A1, 0x30A1, 0x3081, 0x30A1, 0x3081,
    0x3081, 0x3081, 0x3081, 0x3081, 0x3081, 0x3081, 0x3081, 0x3081,
    0x3081, 0x3081, 0x3081, 0x30A2, 0x3081, 0x3081, 0x3082, 0x30A2,
    0x3082, 0x3882, 0x3882, 0x38A2, 0x38A2, 0x38A2, 0x38A2, 0x38A2,
    0x40A2, 0x40C2, 0x40C2, 0x40C2, 0x40C3, 0x48C3, 0x40C2, 0x40C2,
    0x40C2, 0x40C2, 0x40C2, 0x40C2, 0x40C2, 0x40C2, 0x40C2, 0x40C2,
    0xA3C2, 0xCD83, 0xCE24, 0xBE24, 0x9C23, 0x9B62, 0x9362, 0x8B63,
    0x9AE2, 0xABE2, 0xA383, 0x9303, 0x9B02, 0xEDA7, 0xD60C, 0xE588,
    0xEFF0, 0xE66B, 0xEE64, 0xDEAA, 0xC501, 0xCCA1, 0xC4C1, 0xC4A1,
    0xD581, 0xD561, 0xC462, 0xCC81, 0xC4C1, 0xCDA4, 0xEE27, 0xEF0D,
    0xEEEC, 0xEF37, 0xEECF, 0xE6A5, 0xEEC7, 0xE6A8, 0xCCA6, 0xC5A6,
    0xDE6B, 0xCCA7, 0xCC21, 0xCC02, 0xD461, 0xEEA7, 0xEEEC, 0xEF08,
    0xEF8D, 0xD655, 0xCDAC, 0xE607, 0xD4E3, 0xCC22, 0xE563, 0xE5E8,
    0xCC02, 0xCC41, 0xDCC3, 0xEEC9, 0xEE87, 0xEE87, 0xEE87, 0xEEA7,
    0xD564, 0xC3E1, 0xDD22, 0x93E2, 0x6A02, 0xB2E1, 0xE60C, 0xE6F7,
    0xC696, 0x84D5, 0x72ED, 0x7263, 0x7243, 0x7242, 0x6A62, 0x6A62,
    0x7A62, 0x7A43, 0x8A04, 0xA1E3, 0xB9A2, 0xC9C6, 0xD268, 0xEC84,
    0xF683, 0xF683, 0xF6E6, 0xFF05, 0xE5C3, 0xD3A3, 0xED62, 0xF6A3,
    0xF662, 0xF663, 0xEEC3, 0xE563, 0xDBA3, 0xE3C3, 0xE3A3, 0xE3A2,
    0xE3E2, 0xE423, 0xE443, 0xE4C3, 0xE523, 0xE563, 0xE4A2, 0xE442,
    0xE402, 0xEBC1, 0xE2E6, 0xD2E8, 0xC491, 0xBD85, 0xB5C2, 0xBDA3,
    0xC5C5, 0xD648, 0xBDE9, 0xBE12, 0xBD85, 0xCDE9, 0xC508, 0xCD25,
    0xCD4D, 0xA593, 0xA676, 0x8CAB, 0x6C0C, 0x72C2, 0xB5C5, 0x9E07,
    0x7CE6, 0x5BE5, 0x4283, 0x6261, 0xACA2, 0xA5A5, 0x7C44, 0x7423,
    0x4AC1, 0x9442, 0x4200, 0xBD03, 0x7B21, 0x6B22, 0xADC6, 0xC5C4,
    0xD6EA, 0xD6A9, 0x528A, 0x326D, 0xA4CF, 0xC50F, 0xCCCA, 0x7201,
    0x41E5, 0x51E3, 0x3980, 0x5345, 0xD656, 0xFF79, 0xF738, 0xF738,
    0xF718, 0xF799, 0xFECB, 0xCAC0, 0x3100, 0x1960, 0x3940, 0x3961,
    0x4161, 0x2182, 0x20E0, 0x1041, 0x38E1, 0x38C1, 0x38C1, 0x38A1,
    0x38C1, 0x38A1, 0x38A1, 0x38A1, 0x30A1, 0x38A1, 0x30A1, 0x3081,
    0x3081, 0x3081, 0x30A1, 0x38A1, 0x3081, 0x30A1, 0x30A1, 0x3081,
    0x3081, 0x3081, 0x3081, 0x3081, 0x3081, 0x3081, 0x3081, 0x3081,
    0x3081, 0x3081, 0x3081, 0x30A1, 0x3081, 0x30A1, 0x30A2, 0x30A2,
    0x3082, 0x3882, 0x3882, 0x38A2, 0x38A1, 0x38A2, 0x38A2, 0x38A2,
    0x40A2, 0x40C2, 0x40A2, 0x40C2, 0x48C2, 0x40C2, 0x40C2, 0x40C2,
    0x40C2, 0x40C2, 0x40C2, 0x40C2, 0x40C2, 0x40C2, 0x40C2, 0x40C2,
    0xC543, 0xBD83, 0xCE24, 0xAD84, 0x9BA3, 0xA402, 0x9BA3, 0x8A83,
    0xBC23, 0xB5E3, 0xBD63, 0xB503, 0x9382, 0xC424, 0xE64C, 0xDD08,
    0xE72E, 0xE62B, 0xEE21, 0xDE67, 0xCD02, 0xC4A1, 0xC4C1, 0xC4A1,
    0xC461, 0xCD61, 0xCCE1, 0xC481, 0xCCE1, 0xC461, 0xF5E6, 0xF791,
    0xE6AE, 0xEEAD, 0xEEA7, 0xEEC9, 0xEEA8, 0xE6E9, 0xC446, 0xB485,
    0xDDE7, 0xD4A4, 0xCC01, 0xDC81, 0xD483, 0xCCE7, 0xDE89, 0xD5A8,
    0xDE0A, 0xD5AB, 0xC446, 0xCC45, 0xD525, 0xCBE2, 0xE626, 0xDE6B,
    0xCBE2, 0xCC62, 0xD402, 0xEE47, 0xEEC8, 0xEEA7, 0xEE87, 0xEEA7,
    0xD5C4, 0xCC01, 0xCCE2, 0x82E1, 0xC342, 0xE68E, 0xDEB7, 0xE6F6,
    0x8C92, 0x7224, 0x7A61, 0x7262, 0x6A62, 0x7242, 0x8A02, 0xA9C2,
    0xC1C2, 0xD222, 0xE2A2, 0xEB62, 0xEC02, 0xED03, 0xF604, 0xF683,
    0xF644, 0xF644, 0xF6A5, 0xEF25, 0xCC22, 0xED42, 0xF6E3, 0xF6A3,
    0xE682, 0xD5E2, 0xDD23, 0xDC23, 0xDBE2, 0xD3C2, 0xCBE2, 0xD3C2,
    0xDBE2, 0xDBA2, 0xDBC2, 0xE3C2, 0xE3A2, 0xE3C2, 0xE3C2, 0xE3E2,
    0xE402, 0xDBE3, 0xDC01, 0xE3E0, 0xE363, 0xDBA4, 0xCC82, 0xB5A2,
    0xC629, 0xCE2A, 0xCDA1, 0xC5A1, 0xEEA9, 0xEEEE, 0xEF71, 0xCF56,
    0x43F1, 0x226D, 0x2A28, 0x4A62, 0x4A40, 0x5200, 0x52A3, 0x5241,
    0x5A00, 0x6200, 0x8340, 0xAD64, 0x8506, 0x6322, 0x6302, 0x51C0,
    0x5B02, 0x83C1, 0x5A21, 0xBC22, 0xABE5, 0xE5CB, 0xF672, 0xEE2F,
    0xDDEE, 0x8304, 0x3120, 0xAC02, 0xFE24, 0xD582, 0xCCC0, 0x3921,
    0x7B03, 0x79C2, 0x2900, 0x3ACA, 0xEF5A, 0xF75A, 0xF75B, 0xF75A,
    0xF759, 0xF73A, 0xF77B, 0xFF0E, 0xCAC0, 0x2121, 0x3AA1, 0x5181,
    0x3961, 0x1960, 0x18E0, 0x1861, 0x38E2, 0x38C1, 0x38C1, 0x38C1,
    0x38A1, 0x38A1, 0x38A1, 0x30A1, 0x38A1, 0x38A1, 0x3081, 0x3081,
    0x3081, 0x3081, 0x30A1, 0x3081, 0x3081, 0x3081, 0x30A1, 0x3081,
    0x3081, 0x3081, 0x3081, 0x3081, 0x3081, 0x3081, 0x3081, 0x3081,
    0x3081, 0x3081, 0x3081, 0x30A1, 0x3081, 0x30A1, 0x38A2, 0x3082,
    0x3082, 0x3882, 0x3882, 0x38A2, 0x30A2, 0x38A1, 0x38A2, 0x38A2,
    0x38A2, 0x40C2, 0x40C2, 0x40C2, 0x40C2, 0x40C2, 0x40C2, 0x40C2,
    0x40C2, 0x40C2, 0x40C2, 0x40C2, 0x40C2, 0x40C2, 0x40C2, 0x40C2,
    0xA4A4, 0xBCC4, 0xB5A4, 0x9C04, 0x9B23, 0x9BA2, 0x93E3, 0x9AC2,
    0xACA3, 0x93C3, 0xB423, 0xB544, 0xAC63, 0xA302, 0xCD28, 0xCCAA,
    0xDE09, 0xE623, 0xEE63, 0xEE40, 0xD5A1, 0xC4C1, 0xC4A1, 0xD4E1,
    0xCCE1, 0xD4A1, 0xD560, 0xD4E0, 0xD521, 0xD521, 0xE643, 0xF750,
    0xEEEB, 0xEEA7, 0xEEA8, 0xEEA8, 0xEEC8, 0xE688, 0xCD07, 0x9BC5,
    0xD566, 0xCD67, 0xCC02, 0xEE04, 0xEE88, 0xD485, 0xCC46, 0xCC22,
    0xD443, 0xCC64, 0xCC64, 0xCC22, 0xD442, 0xCBE1, 0xCC44, 0xD487,
    0xDC21, 0xD442, 0xCBE1, 0xEE05, 0xEF09, 0xEEA8, 0xEE87, 0xE6A7,
    0xD584, 0xD4C2, 0xB3E1, 0xCC64, 0xEED2, 0xDEB7, 0xE6B5, 0xBE77,
    0x72C9, 0x72A1, 0x6A63, 0x8222, 0xA9E2, 0xD222, 0xE2E1, 0xEBE1,
    0xF502, 0xEDC2, 0xEE02, 0xF643, 0xF643, 0xF663, 0xEE23, 0xF643,
    0xF663, 0xF663, 0xF6A3, 0xD585, 0xE4C3, 0xF703, 0xDE23, 0xD563,
    0xD4C3, 0xDC84, 0xE402, 0xE442, 0xDC42, 0xE4A3, 0xDB62, 0xD302,
    0xCB62, 0xD3E2, 0xD382, 0xD362, 0xDBA2, 0xDBC3, 0xDBC2, 0xDB82,
    0xCB02, 0xCAA2, 0xCAC2, 0xCAE2, 0xB242, 0xB262, 0xC2E2, 0xA1E2,
    0xB545, 0xD68E, 0xEECD, 0xDECF, 0xCF7C, 0x9614, 0x4C34, 0x320D,
    0x38A0, 0x5940, 0x6A20, 0x7B00, 0x7B21, 0x8B81, 0x9BE0, 0x9C41,
    0x9C82, 0x9482, 0x8D05, 0x63C4, 0x6281, 0x6B41, 0x8B02, 0x8AA1,
    0x7C23, 0x6AC1, 0x7B81, 0xBCC8, 0xEF39, 0xFFBC, 0xF77B, 0xFFDC,
    0xFF57, 0xED69, 0xC404, 0xC668, 0xCDA4, 0xACA2, 0xCCE5, 0xC363,
    0xB4A1, 0x92A1, 0x20A0, 0x8D13, 0xFFDB, 0xF75A, 0xF77B, 0xEF5A,
    0xEF3A, 0xEF7B, 0xFF7A, 0xF77B, 0xFEED, 0xC280, 0x1901, 0x3182,
    0x20C0, 0x1880, 0x2860, 0x38C1, 0x38C1, 0x38C1, 0x38C1, 0x30A1,
    0x38C1, 0x38C1, 0x38A1, 0x38C1, 0x38A1, 0x3081, 0x3081, 0x3081,
    0x3081, 0x3081, 0x3081, 0x3081, 0x3081, 0x3081, 0x3081, 0x3081,
    0x3081, 0x3081, 0x3081, 0x3081, 0x3081, 0x3081, 0x3081, 0x3081,
    0x3081, 0x3081, 0x3081, 0x30A1, 0x3081, 0x30A1, 0x3082, 0x3082,
    0x3082, 0x38A2, 0x3882, 0x38A2, 0x30A1, 0x38A1, 0x38A2, 0x38A2,
    0x38A2, 0x40C2, 0x40C2, 0x40C2, 0x40C2, 0x40C2, 0x40C2, 0x40C3,
    0x40C3, 0x40C2, 0x40C2, 0x40C2, 0x40C2, 0x40C2, 0x40C2, 0x40C2,
    0xAB62, 0xCD83, 0xBD64, 0xAC23, 0x9BE3, 0xA3A2, 0x9AE2, 0xAB82,
    0xBC83, 0xC4C3, 0xBCE3, 0xBD04, 0xC564, 0xA4C3, 0xAB83, 0xCC0A,
    0xD4A6, 0xDE41, 0xEE89, 0xF6A4, 0xE640, 0xCCC1, 0xC481, 0xCD21,
    0xD601, 0xDE02, 0xEEC7, 0xE663, 0xDE21, 0xDE01, 0xEEA7, 0xEECC,
    0xEEEA, 0xEEC8, 0xEEC8, 0xE6C8, 0xE6A8, 0xE648, 0x9CA7, 0x83A3,
    0xD5C4, 0xD4E7, 0xCBE5, 0xE648, 0xEE68, 0xEEA8, 0xDD66, 0xCC62,
    0xD442, 0xCC62, 0xCC22, 0xCC02, 0xD4C2, 0xEDE5, 0xD401, 0xCBE1,
    0xE4A2, 0xDC82, 0xD461, 0xEEC8, 0xEF0A, 0xEEC8, 0xEEC8, 0xDE27,
    0xD583, 0xCCE2, 0xD4A5, 0xE715, 0xDEB7, 0xEEB5, 0xD6F7, 0x73B1,
    0x7242, 0x8A63, 0xB9E2, 0xDA81, 0xEBC1, 0xEC82, 0xE4C2, 0xE4A2,
    0xE462, 0xE443, 0xED22, 0xF603, 0xF603, 0xF623, 0xF623, 0xF663,
    0xF662, 0xF663, 0xF6A3, 0xDCA5, 0xD5A3, 0xD543, 0xDCE3, 0xED44,
    0xF5E4, 0xE4C3, 0xE442, 0xE422, 0xDCC3, 0xDDC3, 0xE481, 0xD2A0,
    0xD301, 0xDD43, 0xED63, 0xED22, 0xED22, 0xD3A2, 0xDBE2, 0xE442,
    0xECA2, 0xED22, 0xEDC2, 0xF5A2, 0xF4C2, 0xDB42, 0x9A02, 0xB1A1,
    0xCD25, 0xDECE, 0xAE93, 0x64A9, 0x32AB, 0x2945, 0x5160, 0x8B00,
    0x93E1, 0x9442, 0x8C63, 0x8C83, 0x9483, 0x8CC4, 0x84E5, 0x7445,
    0x6BE4, 0x5B43, 0x4A61, 0x6A80, 0x6B61, 0x7B63, 0xDDE4, 0x4A22,
    0x8424, 0x5220, 0xA443, 0xC616, 0xF77B, 0xF719, 0xF77A, 0xF79A,
    0xEF3A, 0xEF37, 0xF6D1, 0xB484, 0xA4AA, 0xF6F4, 0xFF79, 0xFF97,
    0xE565, 0x7280, 0x4963, 0xA596, 0xEF7A, 0xF75A, 0xE6D8, 0xDEB8,
    0xEF38, 0xE6B8, 0xE73B, 0xF719, 0xE77C, 0x9C67, 0x1860, 0x1081,
    0x2860, 0x30C1, 0x38E2, 0x38C1, 0x38C1, 0x38C1, 0x38E1, 0x38E1,
    0x38C1, 0x38C1, 0x38C1, 0x38C1, 0x30A1, 0x30A1, 0x3081, 0x3081,
    0x3081, 0x3081, 0x3081, 0x3081, 0x3081, 0x3081, 0x3081, 0x3081,
    0x3081, 0x3081, 0x3081, 0x3081, 0x3081, 0x3081, 0x30A1, 0x30A1,
    0x3081, 0x3081, 0x3081, 0x30A1, 0x3081, 0x30A1, 0x30A2, 0x3082,
    0x3082, 0x38A2, 0x38A2, 0x38A2, 0x38A2, 0x3882, 0x38A2, 0x38A2,
    0x38A2, 0x40C2, 0x38A2, 0x40C2, 0x40C2, 0x40C2, 0x40C2, 0x40C2,
    0x40C2, 0x40C2, 0x40C2, 0x40C2, 0x40C2, 0x40C2, 0x40C2, 0x48C2,
    0xC4C3, 0xD5E4, 0xC625, 0xB544, 0xA3A3, 0xB422, 0xCD43, 0xC563,
    0x9C83, 0xC5C4, 0xB584, 0xC543, 0xC624, 0xC584, 0xC583, 0xC5E6,
    0xC529, 0xDE02, 0xDE44, 0xDEAD, 0xE646, 0xE622, 0xCD01, 0xC461,
    0xC4A1, 0xC4C1, 0xCD66, 0xD5EB, 0xD5E6, 0xD5E1, 0xE689, 0xEF0E,
    0xEEA9, 0xEF09, 0xEEC8, 0xE688, 0xEEA9, 0xC5C9, 0x8AA5, 0x9C21,
    0xBD63, 0xF608, 0xDDA2, 0xDE04, 0xDE69, 0xDE48, 0xE606, 0xDDC3,
    0xDD41, 0xD462, 0xCC22, 0xCBE1, 0xCC42, 0xF72A, 0xEE89, 0xD442,
    0xDCC2, 0xDD42, 0xD4E2, 0xE647, 0xE669, 0xE689, 0xDE28, 0xD5A4,
    0xD5A3, 0xCD02, 0xCCC7, 0xDEF7, 0xDE75, 0xEF36, 0x8CD5, 0x7A44,
    0xB222, 0xD9E2, 0xEBE1, 0xE4C1, 0xE402, 0xE3E3, 0xE3A3, 0xE383,
    0xEC62, 0xED23, 0xEDC3, 0xF603, 0xF622, 0xF642, 0xF642, 0xF662,
    0xF663, 0xF683, 0xF6A3, 0xF643, 0xED64, 0xEDA4, 0xF624, 0xF684,
    0xE563, 0xE422, 0xE422, 0xE4E2, 0xCD23, 0xCB22, 0xE563, 0xDB02,
    0xD362, 0xD483, 0xEDC3, 0xEDE3, 0xEE03, 0xED22, 0xDBC2, 0xDC42,
    0xE522, 0xED62, 0xED22, 0xE542, 0xF643, 0xA522, 0x7C01, 0xCE46,
    0xA627, 0x5C47, 0x31C1, 0x4140, 0x61E0, 0x6AA0, 0x7BE2, 0x84E4,
    0x7C84, 0x7C03, 0x73E3, 0x7C03, 0x7C44, 0x6343, 0x5281, 0x5281,
    0x5260, 0x5220, 0x7B20, 0x63A2, 0x7323, 0xEEA7, 0x8BE3, 0x4A01,
    0x8B83, 0x5241, 0xDE25, 0xC593, 0xDF3A, 0xFF5A, 0xF75B, 0xF759,
    0xEF18, 0xF739, 0xF759, 0xC528, 0x9D36, 0xDFBE, 0xE77B, 0xE79C,
    0xDE0E, 0x61C0, 0x5B23, 0xCD10, 0xB679, 0xEEF6, 0xE652, 0xDE76,
    0xEF59, 0xEEB3, 0xE697, 0xFF57, 0x5AAC, 0x0042, 0x2060, 0x30A1,
    0x30C2, 0x30E2, 0x38E1, 0x38C1, 0x38E1, 0x38C1, 0x30C1, 0x30C1,
    0x30C1, 0x30C1, 0x30C1, 0x30A1, 0x30A1, 0x30A1, 0x30A1, 0x30A1,
    0x30A1, 0x40A1, 0x30A1, 0x3081, 0x3081, 0x3081, 0x3081, 0x3081,
    0x3081, 0x3081, 0x3081, 0x3081, 0x3081, 0x3081, 0x3081, 0x3081,
    0x30A1, 0x38A1, 0x3081, 0x30A1, 0x3081, 0x30A1, 0x3082, 0x3082,
    0x3082, 0x38A2, 0x38A2, 0x38A2, 0x30A2, 0x38A2, 0x38A2, 0x3882,
    0x38A2, 0x40A2, 0x40C2, 0x40C2, 0x40C2, 0x40C2, 0x40C2, 0x40C2,
    0x40C3, 0x40C2, 0x40C2, 0x40C2, 0x40C2, 0x40C2, 0x40C2, 0x48C2,
    0xCDE4, 0xBE04, 0xAD04, 0xCD03, 0xC644, 0xA443, 0xBD43, 0xB644,
    0xA3E3, 0xAC42, 0xAD44, 0xC523, 0xCE04, 0xC5E4, 0xC604, 0xAD63,
    0xB465, 0xDD43, 0xDE20, 0xD586, 0xEE4C, 0xEEED, 0xEE47, 0xE5E2,
    0xD501, 0xCCE1, 0xC440, 0xCC40, 0xCC82, 0xD581, 0xD622, 0xE66C,
    0xEF0C, 0xE6EE, 0xEE8B, 0xEEAA, 0xD6CA, 0xB367, 0xCB02, 0xB381,
    0xBCA3, 0xEEE6, 0xDE26, 0xC441, 0xC3E4, 0xC464, 0xD561, 0xCD41,
    0xCD41, 0xD4E2, 0xCC02, 0xD401, 0xD421, 0xD5C8, 0xEF0C, 0xDDC8,
    0xD441, 0xCD44, 0xD483, 0xE5C4, 0xDE05, 0xDE05, 0xD5C4, 0xD5C4,
    0xD5A4, 0xCD02, 0xCC66, 0xE6D6, 0xDED5, 0x9DB6, 0xB327, 0xC9E1,
    0xD981, 0xE361, 0xE462, 0xE3A2, 0xE3C2, 0xE3E2, 0xEC43, 0xED22,
    0xEE02, 0xEE02, 0xEDE2, 0xF602, 0xF622, 0xF663, 0xF663, 0xF663,
    0xF683, 0xF683, 0xF683, 0xF664, 0xF644, 0xF644, 0xF664, 0xE5C4,
    0xE483, 0xE442, 0xE4E2, 0xC563, 0xAAC2, 0xE4C3, 0xE4E2, 0xE404,
    0xDB44, 0xE583, 0xE5E3, 0xEDC3, 0xEDC3, 0xEDE3, 0xECE2, 0xDBE2,
    0xDC42, 0xE522, 0xE502, 0xE4C2, 0xECE2, 0xC380, 0x6361, 0x64A5,
    0x31E2, 0x59E0, 0x8300, 0x83A1, 0x7BC2, 0x73A2, 0x7383, 0x6B63,
    0x7362, 0x6B62, 0x6B62, 0x6322, 0x5AC1, 0x5A60, 0x6280, 0x5260,
    0x6280, 0x7BA1, 0x6383, 0x79E2, 0xC3E4, 0xCCE6, 0x4A02, 0x6B03,
    0x7AE2, 0x5323, 0xF726, 0xBD6E, 0xD73C, 0xF79A, 0xF75A, 0xF719,
    0xF739, 0xF759, 0xF75A, 0xE589, 0xA3E8, 0xBD76, 0xA513, 0x9D14,
    0xAC87, 0x7980, 0x4A41, 0xD5A5, 0xCCF2, 0xADD3, 0xCE73, 0xDE94,
    0xE6B9, 0xEF38, 0xFFBA, 0x7C0E, 0x1000, 0x3081, 0x30C1, 0x30A1,
    0x30A2, 0x30E2, 0x30C1, 0x30C2, 0x30C1, 0x30A1, 0x30A1, 0x30A1,
    0x38C1, 0x38C1, 0x30A1, 0x38A1, 0x30A1, 0x30A1, 0x30A1, 0x3081,
    0x3942, 0x4941, 0x3061, 0x30A1, 0x30A1, 0x30A1, 0x3081, 0x3081,
    0x3081, 0x3081, 0x3081, 0x3081, 0x3081, 0x3081, 0x3081, 0x3081,
    0x30A1, 0x38C1, 0x3081, 0x30A1, 0x3081, 0x30A1, 0x30A2, 0x30A2,
    0x3082, 0x3882, 0x3882, 0x38A2, 0x30A2, 0x38A2, 0x38A2, 0x38A2,
    0x38A2, 0x40A2, 0x40A2, 0x40A2, 0x40A2, 0x40C2, 0x40C2, 0x40C2,
    0x40C2, 0x40C2, 0x40C2, 0x40C2, 0x40C2, 0x40C2, 0x40A2, 0x48C2,
    0xB5E4, 0xACC4, 0xBC83, 0xB603, 0x9484, 0xA3E3, 0xAC63, 0x9BE3,
    0xA463, 0xA4A3, 0x9BA3, 0xC563, 0xC624, 0xBDC4, 0xCDC2, 0xD582,
    0xD626, 0xDEAF, 0xD667, 0xDE00, 0xDE47, 0xE6CE, 0xE6EE, 0xE70D,
    0xD60A, 0xCCE8, 0xE626, 0xE666, 0xDDC4, 0xD5E1, 0xD561, 0xE5C7,
    0xE6CC, 0xE66B, 0xEEA9, 0xD6AB, 0xBBE9, 0xDC44, 0xDCE6, 0xC365,
    0xBAC3, 0xE6A6, 0xDE87, 0xD462, 0xC360, 0xCB80, 0xCC01, 0xCC22,
    0xC381, 0xD481, 0xDDA2, 0xD521, 0xDDC1, 0xD524, 0xDD86, 0xD5A6,
    0xD462, 0xDCC3, 0xD444, 0xE624, 0xDE25, 0xD5C5, 0xDDE5, 0xD5C4,
    0xD5C4, 0xC502, 0xCC88, 0xE715, 0x9575, 0xB208, 0xE301, 0xDAC2,
    0xE3A1, 0xE3E3, 0xE3A3, 0xE3E2, 0xE3A3, 0xE403, 0xEDC3, 0xEDE2,
    0xED42, 0xED82, 0xEDE2, 0xF602, 0xF642, 0xF643, 0xF683, 0xF683,
    0xF643, 0xF604, 0xF624, 0xF644, 0xF644, 0xF684, 0xE5E4, 0xE443,
    0xE462, 0xED23, 0xEE44, 0xB1E2, 0xCAA2, 0xE442, 0xED42, 0xF5C4,
    0xDB25, 0xDC04, 0xD523, 0xEE03, 0xEDC3, 0xEDC3, 0xEE03, 0xF643,
    0xF623, 0xEDC3, 0xED82, 0xED82, 0xED02, 0xE421, 0x9280, 0x6161,
    0x8260, 0x7BC2, 0x6BC3, 0x6363, 0x6342, 0x6322, 0x6322, 0x5B02,
    0x5AE1, 0x5281, 0x5A60, 0x5A60, 0x5A80, 0x5AA0, 0x5AC0, 0x6B00,
    0x73C2, 0x5AE2, 0x5201, 0xCBE2, 0xD4C2, 0x9B62, 0x39A1, 0x8BA3,
    0x6241, 0x6BA5, 0xFF47, 0xDD8D, 0xC5D8, 0xBD97, 0x95B6, 0xB697,
    0xCE97, 0x9D96, 0xAE7A, 0xC5D0, 0x5281, 0x63A3, 0xD58B, 0xEE2F,
    0xEE6E, 0xEDA9, 0xD444, 0xB4AA, 0xC6D4, 0xDDCF, 0xC571, 0xBD93,
    0xCE74, 0xDEB8, 0x4AED, 0x1020, 0x38A1, 0x30C1, 0x30A1, 0x30A1,
    0x30A2, 0x30A1, 0x30A1, 0x30A1, 0x30A1, 0x30A1, 0x30A1, 0x30A1,
    0x3941, 0x38C1, 0x38E1, 0x38A1, 0x30A1, 0x30A1, 0x30A1, 0x30A1,
    0x3081, 0x3081, 0x3081, 0x3081, 0x30A1, 0x3081, 0x3081, 0x3081,
    0x3081, 0x3081, 0x3081, 0x3081, 0x3081, 0x3081, 0x3081, 0x3081,
    0x3081, 0x3081, 0x3081, 0x3081, 0x3081, 0x30A1, 0x30A2, 0x30A2,
    0x30A2, 0x3882, 0x3882, 0x3882, 0x30A2, 0x38A2, 0x38A2, 0x38A2,
    0x38A2, 0x40A2, 0x40A2, 0x40A2, 0x40A2, 0x40A2, 0x40A2, 0x40A2,
    0x40A2, 0x40A2, 0x40A2, 0x40A2, 0x40A2, 0x40A2, 0x40A2, 0x40A2,
    0xC584, 0xCDA3, 0xAD43, 0xA403, 0xA383, 0x9BA2, 0xA443, 0xBD03,
    0xAC23, 0x9B63, 0xABA2, 0xB482, 0xD5A2, 0xE645, 0xF6EB, 0xD712,
    0xA571, 0x9D31, 0x9D0E, 0xC5A1, 0xDE21, 0xDE25, 0xD62A, 0xD5E6,
    0xD627, 0xCCC5, 0xCC87, 0xD58A, 0xDE25, 0xDD83, 0xEE87, 0xEEEB,
    0xE6CA, 0xE6AA, 0xCDCA, 0xD469, 0xCBC4, 0xE5E7, 0xEEC9, 0xE608,
    0xB2C4, 0xD445, 0xDF0D, 0xDE04, 0xD481, 0xCC42, 0xD442, 0xD4C2,
    0xCC22, 0xD481, 0xDE02, 0xD5A1, 0xD5A1, 0xD582, 0xD581, 0xD4E3,
    0xDCA3, 0xECE3, 0xE403, 0xD4C4, 0xD525, 0xCCA4, 0xCD64, 0xD5C4,
    0xD604, 0xBC62, 0xDD8C, 0x9E37, 0xBA09, 0xE1A0, 0xE404, 0xE444,
    0xE3C2, 0xE3E3, 0xE3C2, 0xE3A3, 0xEC63, 0xED82, 0xE542, 0xE442,
    0xECA2, 0xF5E2, 0xF602, 0xF622, 0xF642, 0xF663, 0xF623, 0xF603,
    0xF624, 0xF664, 0xF664, 0xF685, 0xEE24, 0xE504, 0xE422, 0xECE2,
    0xF603, 0xF6C4, 0xF6A4, 0xDB01, 0xDB62, 0xED42, 0xF643, 0xE683,
    0xDC24, 0xDB05, 0xDBC4, 0xEE03, 0xF603, 0xEDE3, 0xEDA3, 0xEDC3,
    0xEE23, 0xF683, 0xEE23, 0xE5A3, 0xE603, 0xE542, 0xEC42, 0xF401,
    0xEBC1, 0xDB42, 0xBB01, 0x7A80, 0x4A60, 0x4A80, 0x5A60, 0x6280,
    0x5AA0, 0x5AA0, 0x5280, 0x4A80, 0x4240, 0x49E0, 0x5A81, 0x7B83,
    0x7B22, 0x6B00, 0x6B20, 0x9C83, 0xE604, 0x4A01, 0x62A2, 0x93A3,
    0x5A01, 0x84C7, 0xFF08, 0xF728, 0xE566, 0xD443, 0x8A27, 0x32ED,
    0x8C8C, 0x9C47, 0xA4EE, 0x8387, 0x61E0, 0x8C4F, 0xFFDC, 0xEF7C,
    0xF77B, 0xF7BC, 0xF7B7, 0xF630, 0xB490, 0x64ED, 0x858E, 0xADAF,
    0x9512, 0x29C6, 0x2000, 0x38E1, 0x30A1, 0x30A1, 0x30A1, 0x30A1,
    0x30A1, 0x30A1, 0x30A1, 0x30A1, 0x30A1, 0x30A1, 0x30A1, 0x30A1,
    0x30A1, 0x3901, 0x38E1, 0x30A1, 0x30A1, 0x30A1, 0x30A1, 0x3081,
    0x3081, 0x30A1, 0x30A1, 0x30A1, 0x3081, 0x3081, 0x3081, 0x3081,
    0x3081, 0x3081, 0x3081, 0x3081, 0x3081, 0x3081, 0x3081, 0x3081,
    0x3081, 0x3081, 0x3081, 0x3081, 0x3081, 0x3081, 0x3082, 0x30A2,
    0x30A2, 0x3882, 0x3882, 0x38A2, 0x3082, 0x3882, 0x3882, 0x38A2,
    0x38A2, 0x38A2, 0x40A2, 0x40A2, 0x40A2, 0x40A2, 0x40A2, 0x40A2,
    0x40A2, 0x40A2, 0x40A2, 0x40A2, 0x40A2, 0x40A2, 0x40A2, 0x48A2,
    0xBDE4, 0xCDC4, 0xCDC4, 0xBD03, 0xB583, 0xA443, 0xABA2, 0xC4E2,
    0xD622, 0xDDC2, 0xD604, 0xDD86, 0xF750, 0xDFBA, 0xBEFD, 0xA5F9,
    0x940A, 0x9423, 0x9CC1, 0x8C21, 0x9C22, 0xC5A1, 0xDDE0, 0xD5E0,
    0xD5C0, 0xD601, 0xD5A1, 0xC448, 0xCC48, 0xDE4A, 0xD64C, 0xD5CB,
    0xCDAB, 0xD628, 0xD545, 0xE626, 0xCD49, 0xDCC6, 0xE6AA, 0xE6A9,
    0xE5E9, 0xBB23, 0xEDAC, 0xD567, 0xC441, 0xCC62, 0xCC22, 0xCC62,
    0xCC43, 0xD3E1, 0xDD82, 0xCD22, 0xD581, 0xDDC1, 0xD5A2, 0xD565,
    0xDCE5, 0xFD63, 0xFDE3, 0xE4C1, 0xD442, 0xCC02, 0xCC23, 0xC484,
    0xC524, 0xD423, 0xA635, 0xB22B, 0xEA60, 0xE3E2, 0xE3E4, 0xE3C4,
    0xE3C2, 0xE3A2, 0xE403, 0xECE2, 0xE522, 0xE422, 0xE3A3, 0xED03,
    0xEE02, 0xF602, 0xF602, 0xF622, 0xF663, 0xF684, 0xF684, 0xF644,
    0xEE64, 0xEE44, 0xEE04, 0xEDE4, 0xE503, 0xE503, 0xE5C3, 0xEE84,
    0xCE65, 0xB4A4, 0xDDA4, 0xDDA3, 0xED83, 0xE604, 0xE544, 0xD424,
    0xED84, 0xDBA4, 0xDB85, 0xDC03, 0xE5E3, 0xE5A3, 0xEDC3, 0xF623,
    0xF643, 0xF5E3, 0xEDC3, 0xED22, 0xDBC2, 0xC2E2, 0xAA22, 0xA2E2,
    0xCBC3, 0xE402, 0xEBE2, 0xE381, 0xBB20, 0x92A0, 0x5260, 0x3A00,
    0x41E0, 0x49E0, 0x6A40, 0x79A0, 0x8A20, 0x93C2, 0x8C04, 0x9485,
    0x8443, 0x62E0, 0x6B20, 0x7C02, 0x8423, 0x3141, 0x8B83, 0x9383,
    0x49C2, 0xADE7, 0xF749, 0xD608, 0xCC81, 0xCCE1, 0xD3E0, 0x5900,
    0x4C04, 0x9585, 0xA584, 0xBD81, 0x7AC0, 0x95B7, 0xFF9A, 0xEF1A,
    0xEF5A, 0xEF19, 0xE6D8, 0xF777, 0xE4E7, 0x40A1, 0x4144, 0x2A27,
    0x18E2, 0x2840, 0x38E2, 0x30A1, 0x30A1, 0x30A1, 0x30A1, 0x30A1,
    0x30A1, 0x30A1, 0x30A1, 0x30A1, 0x30A1, 0x30A1, 0x30A1, 0x30A1,
    0x30C2, 0x30E2, 0x30A1, 0x30A1, 0x30A1, 0x30A1, 0x30A1, 0x3081,
    0x3081, 0x3081, 0x30A1, 0x30A1, 0x3081, 0x3081, 0x3081, 0x3081,
    0x3081, 0x3081, 0x3081, 0x3081, 0x3081, 0x3081, 0x3081, 0x3081,
    0x3081, 0x3081, 0x3081, 0x3081, 0x3081, 0x3081, 0x3082, 0x30A2,
    0x30A2, 0x3082, 0x3082, 0x30A2, 0x3082, 0x3082, 0x3881, 0x3882,
    0x38A2, 0x38A2, 0x38A2, 0x38A2, 0x40A2, 0x40A2, 0x40A2, 0x40A2,
    0x40A2, 0x40A2, 0x40A2, 0x40A2, 0x40A2, 0x40A2, 0x40A2, 0x40A2,
    0xBD03, 0xCD83, 0xCE64, 0xC5C4, 0xC523, 0xDD41, 0xE684, 0xE688,
    0xF70A, 0xE772, 0xCEF8, 0xC675, 0xA5F8, 0x9D36, 0x8CAB, 0x9423,
    0x9CA1, 0x9C81, 0x9CE1, 0x9401, 0x7B42, 0xAC41, 0xF6C7, 0xE688,
    0xE645, 0xE643, 0xDD84, 0xE547, 0xDD26, 0xDD08, 0xDD08, 0xD528,
    0xC445, 0xCCE1, 0xCD21, 0xCD82, 0xD5C3, 0xD5E3, 0xEEA8, 0xE649,
    0xEECA, 0xD507, 0xCC45, 0xEF0C, 0xD483, 0xCC01, 0xCC02, 0xD442,
    0xD482, 0xDD81, 0xE665, 0xDD47, 0xD4A4, 0xD504, 0xDD25, 0xDD25,
    0xDC22, 0xF5E2, 0xFFC4, 0xF683, 0xCCA2, 0xCC22, 0xD4A1, 0xD4E3,
    0xDC61, 0xA630, 0x9AAE, 0xEAA0, 0xE423, 0xE423, 0xE3C2, 0xE3C3,
    0xEC43, 0xE442, 0xE4A2, 0xE422, 0xE3A2, 0xEC23, 0xED62, 0xF5E2,
    0xF5C2, 0xF602, 0xFE43, 0xF683, 0xEE84, 0xE644, 0xE644, 0xE604,
    0xE544, 0xEDA4, 0xDDE4, 0xD524, 0xD544, 0xD544, 0xD5A4, 0xACC5,
    0x99C3, 0xDC23, 0xDD03, 0xE543, 0xEE24, 0xD443, 0xECA4, 0xDB65,
    0xEDC3, 0xDBC4, 0xDD84, 0xD3C5, 0xDC24, 0xE522, 0xEE23, 0xF6A4,
    0xEE64, 0xEE83, 0xF6A3, 0xF663, 0xF663, 0xFCC2, 0xE9C1, 0xB8A1,
    0xC1E2, 0xE402, 0xE3C2, 0xE3C2, 0xEBE2, 0xF3A1, 0xBA80, 0xAB21,
    0xBB81, 0xBBA1, 0x9342, 0x8A80, 0xA4A2, 0x7C23, 0x7BA4, 0x73C3,
    0x6B61, 0x6B80, 0x6B60, 0x6381, 0x2961, 0x5A82, 0x9443, 0x8BA3,
    0x41E3, 0xB567, 0xCCE6, 0xCC83, 0xDD84, 0xD523, 0xD523, 0xCBC1,
    0x5141, 0x3AE3, 0x7CE7, 0xA666, 0x9382, 0x84F7, 0xFFB9, 0xFF18,
    0xF6F8, 0xF739, 0xF738, 0xDF3C, 0xB56C, 0xB4E2, 0x9BE2, 0x2820,
    0x30A1, 0x38C2, 0x30A1, 0x30A1, 0x30A1, 0x30A1, 0x30A1, 0x30C1,
    0x30A1, 0x3081, 0x30A1, 0x3081, 0x3081, 0x3081, 0x30A1, 0x30A2,
    0x30A2, 0x30A1, 0x30A1, 0x30A1, 0x30A1, 0x3081, 0x3081, 0x3081,
    0x3081, 0x3081, 0x30A1, 0x3081, 0x3081, 0x3081, 0x3081, 0x3081,
    0x3081, 0x3081, 0x3081, 0x3081, 0x3081, 0x3081, 0x3081, 0x3081,
    0x3081, 0x3081, 0x3081, 0x3081, 0x3081, 0x3081, 0x3082, 0x30A2,
    0x30A2, 0x3082, 0x3082, 0x3082, 0x30A2, 0x30A2, 0x30A1, 0x38A2,
    0x38A2, 0x40A2, 0x40A2, 0x38A2, 0x38A2, 0x40A2, 0x40A2, 0x40A2,
    0x40A2, 0x40A2, 0x40A2, 0x40A2, 0x4082, 0x40A2, 0x40A2, 0x40A2,
    0xD644, 0xBDC4, 0xCD42, 0xDE42, 0xEEA5, 0xF74E, 0xE7B8, 0xCEDA,
    0xCF1C, 0xAE9C, 0x946F, 0x948A, 0x8B86, 0x8B61, 0x8340, 0x8301,
    0x8BE1, 0x9CC1, 0x9461, 0x9381, 0x8BA2, 0xC3C1, 0xEF0A, 0xE6AC,
    0xEECC, 0xEECB, 0xE6EB, 0xD62B, 0xEE6A, 0xEEEA, 0xE70A, 0xCDEA,
    0xCD22, 0xCD41, 0xCCC2, 0xCCA0, 0xC4C1, 0xC4C1, 0xD5A2, 0xEECA,
    0xE649, 0xE6CA, 0xBB84, 0xE608, 0xE6AA, 0xC4A5, 0xC3C2, 0xC461,
    0xCCE3, 0xCD46, 0xC4E7, 0xCD47, 0xEE67, 0xF647, 0xF6CA, 0xF70A,
    0xF667, 0xF6E6, 0xFFEC, 0xF7AD, 0xD5C5, 0xC3A2, 0xDD83, 0xDE43,
    0x85CC, 0x726E, 0xEAC1, 0xE422, 0xE3E3, 0xE403, 0xE3E3, 0xE422,
    0xE4A2, 0xE442, 0xE3A2, 0xE3A3, 0xECA2, 0xED82, 0xEDA2, 0xFDC2,
    0xFE22, 0xF643, 0xE643, 0xDDA3, 0xDD44, 0xE504, 0xECE3, 0xF522,
    0xFE63, 0xEE65, 0xD524, 0xD564, 0xCD24, 0xEE24, 0xDD44, 0xB162,
    0xE4C3, 0xC5A4, 0xE5A4, 0xE664, 0xE5A4, 0xDCC3, 0xEE04, 0xDCA4,
    0xE563, 0xE3C4, 0xDD63, 0xD3C3, 0xDBC4, 0xEE83, 0xEDE3, 0xEE64,
    0xF664, 0xD383, 0xCCA3, 0xF683, 0xE583, 0xE6C4, 0xF763, 0xFD82,
    0xEC02, 0xE3E3, 0xE3E2, 0xE3C2, 0xE3C2, 0xE3C3, 0xDBE2, 0x7B62,
    0x9C02, 0xAB81, 0x59A0, 0x52C0, 0x7341, 0x4AC0, 0x5360, 0x3A80,
    0x19E0, 0x19E0, 0x19C0, 0x1140, 0x3121, 0x7BA4, 0x7C24, 0x7B02,
    0x5242, 0xC4E3, 0xD503, 0xD584, 0xD5E4, 0xDDA3, 0xD503, 0xCCE3,
    0xCB20, 0x6160, 0x3AA3, 0x63E5, 0x7C01, 0x7C11, 0xAE9C, 0xBE99,
    0xC698, 0xC679, 0xC5F5, 0x9C6E, 0xAD48, 0xAD85, 0x3122, 0x30C1,
    0x38C1, 0x30A1, 0x30A1, 0x38A1, 0x30A1, 0x30A1, 0x30A1, 0x38C1,
    0x38A1, 0x30A1, 0x3081, 0x3081, 0x3081, 0x3081, 0x3081, 0x30A1,
    0x38A1, 0x30A1, 0x30A1, 0x30A1, 0x3081, 0x3081, 0x3081, 0x3081,
    0x3081, 0x3081, 0x3081, 0x3081, 0x3081, 0x30A1, 0x3081, 0x3081,
    0x3081, 0x3081, 0x3081, 0x3081, 0x3081, 0x3081, 0x3081, 0x3061,
    0x2881, 0x3081, 0x3081, 0x3081, 0x3081, 0x3081, 0x30A2, 0x30A2,
    0x30A2, 0x3082, 0x3082, 0x3082, 0x30A2, 0x30A2, 0x3082, 0x38A2,
    0x3882, 0x38A2, 0x38A2, 0x40A2, 0x38A2, 0x40A2, 0x40A2, 0x40A2,
    0x40A2, 0x40A2, 0x40A2, 0x40A2, 0x4082, 0x40A2, 0x40A2, 0x40A2,
    0xD623, 0xE643, 0xEEC8, 0xF751, 0xEFB9, 0xD77D, 0xAE5C, 0x9CAF,
    0x9528, 0x93A5, 0xA4C1, 0x94A0, 0x8AE0, 0x8AC2, 0x8AC2, 0x8AE1,
    0x8AA1, 0x82E2, 0x9401, 0x9C42, 0x94E1, 0x9B80, 0xDD48, 0xEF2C,
    0xEEAB, 0xEE8B, 0xE6AB, 0xDD49, 0xEE6A, 0xE6CB, 0xD5AB, 0xCD08,
    0xC4C2, 0xC421, 0xC421, 0xCD61, 0xC481, 0xC421, 0xBBC0, 0xE5C7,
    0xE6CB, 0xE6A8, 0xCD27, 0xCC65, 0xE6CA, 0xC484, 0xC401, 0xD4C0,
    0xD525, 0xC446, 0xC445, 0xBB85, 0xC486, 0xDE68, 0xE6EB, 0xE6EB,
    0xEF2B, 0xEF4C, 0xEFB3, 0xD776, 0xCD0A, 0xE542, 0xCE66, 0x74CD,
    0x8A49, 0xEA80, 0xE402, 0xE3C3, 0xE3E3, 0xE423, 0xE443, 0xE422,
    0xE3E3, 0xE3A3, 0xEC02, 0xED02, 0xED62, 0xED82, 0xEDE2, 0xEE02,
    0xEE02, 0xE502, 0xE4A3, 0xECC3, 0xF502, 0xF562, 0xF682, 0xE724,
    0xC665, 0xACC5, 0xA364, 0xAAE4, 0xDC24, 0xEEC5, 0xEE45, 0xF684,
    0xA424, 0xD403, 0xE624, 0xD463, 0xEE64, 0xDD23, 0xE5E4, 0xDCC4,
    0xE403, 0xE483, 0xDBC2, 0xE481, 0xE4A4, 0xDCE4, 0xF6E3, 0xEDE3,
    0xEE84, 0xF522, 0xE3C2, 0xEE63, 0xEDA3, 0xDC24, 0xAAC3, 0xB463,
    0xE443, 0xEC03, 0xE402, 0xE3C2, 0xE3C2, 0xFC23, 0x6A81, 0x08E1,
    0x2A62, 0x6441, 0x6B60, 0x2200, 0x8B80, 0x4940, 0x0900, 0x1100,
    0x10E0, 0x18E0, 0x1900, 0x10A0, 0x5222, 0x8384, 0x7B84, 0x6AE2,
    0x5AC2, 0xD604, 0xD604, 0xD4E3, 0xC4A4, 0xD5E4, 0xD5A3, 0xD543,
    0xCCE2, 0xD402, 0x8160, 0x31E0, 0x5B00, 0x7B43, 0x7349, 0x83CA,
    0x944C, 0xBD4B, 0xB507, 0xADE3, 0xA585, 0x3942, 0x3081, 0x38E1,
    0x30A1, 0x30A1, 0x30C1, 0x38C1, 0x30A1, 0x30A1, 0x30C1, 0x30E1,
    0x38C1, 0x3081, 0x38A1, 0x3081, 0x3081, 0x3081, 0x30C1, 0x40E1,
    0x3081, 0x30A1, 0x30A1, 0x30A1, 0x3081, 0x30A1, 0x3081, 0x3081,
    0x3081, 0x30A1, 0x30A1, 0x3081, 0x30A1, 0x30A1, 0x3081, 0x3081,
    0x3081, 0x3081, 0x3081, 0x3081, 0x3081, 0x3081, 0x3081, 0x3081,
    0x3081, 0x2881, 0x3081, 0x2881, 0x3081, 0x3081, 0x30A2, 0x30A2,
    0x30A2, 0x3082, 0x3082, 0x30A2, 0x30A2, 0x30A2, 0x30A2, 0x3882,
    0x3882, 0x40A2, 0x38A2, 0x40A2, 0x38A2, 0x38A2, 0x3882, 0x40A2,
    0x40A2, 0x40A2, 0x40A2, 0x40A2, 0x40A2, 0x40A2, 0x40A2, 0x40A2,
    0xF6EB, 0xF773, 0xEF9B, 0xD75D, 0xB69B, 0xA572, 0x9D06, 0x9C41,
    0x9BA1, 0xA421, 0x9D22, 0x8B62, 0x8AC2, 0x8B01, 0x8AE1, 0x8AC2,
    0x8AE2, 0x82C2, 0x82E1, 0x9CA1, 0x8C61, 0x7AC0, 0xB302, 0xDD69,
    0xE6CB, 0xEEEB, 0xE6EB, 0xD5AA, 0xD5E8, 0xD609, 0xD569, 0xC485,
    0xC420, 0xCC80, 0xCD00, 0xC501, 0xC401, 0xC420, 0xCC80, 0xDDA2,
    0xE6AD, 0xE688, 0xD588, 0xE503, 0xD689, 0xC445, 0xC400, 0xC4C4,
    0xC466, 0xCC01, 0xCC01, 0xC3C4, 0xD4A4, 0xC404, 0xBC65, 0xC486,
    0xBC86, 0xA4E6, 0xBC67, 0xCCE9, 0xEDC8, 0xBE8D, 0x63EF, 0x7A05,
    0xE321, 0xE423, 0xE3C3, 0xE3E3, 0xE3E3, 0xE423, 0xE3C2, 0xE3A3,
    0xE3C3, 0xEC63, 0xED02, 0xED42, 0xED82, 0xE542, 0xDC62, 0xE3E2,
    0xED85, 0xED43, 0xED22, 0xED62, 0xF5C2, 0xE623, 0xA3C4, 0xA203,
    0xA942, 0xC1C2, 0xDB63, 0xFDC3, 0xE745, 0xBCE5, 0xF685, 0xE5E5,
    0xDBE2, 0xEEA4, 0xD3E3, 0xE563, 0xBC04, 0xED83, 0xE604, 0xDCC4,
    0xE462, 0xDC42, 0xD381, 0xF6A3, 0xE5E4, 0xE404, 0xDD43, 0xE583,
    0xDD43, 0xDE43, 0xF703, 0xF683, 0xF683, 0xFEA7, 0xDA42, 0xB861,
    0xDC42, 0xECA3, 0xEBE2, 0xEBC2, 0xF3E2, 0x8342, 0x0920, 0x1920,
    0x1080, 0x5A00, 0x49C0, 0x00A0, 0x4B81, 0x8BA0, 0x3120, 0x1900,
    0x1920, 0x1920, 0x1120, 0x10C0, 0x62C3, 0x7B23, 0x7323, 0x4222,
    0xABA2, 0xD483, 0xC4A4, 0xC584, 0xCCC3, 0xC463, 0xC4E3, 0xCD03,
    0xCCA3, 0xCCC3, 0xDC81, 0xAA20, 0x4A21, 0x84A1, 0xBD41, 0xB4C1,
    0x8D24, 0xB6E5, 0xBD83, 0x8C24, 0x2902, 0x3081, 0x38C1, 0x30A1,
    0x38C1, 0x38C1, 0x30C1, 0x2081, 0x20A1, 0x38A1, 0x30A1, 0x30A1,
    0x30A1, 0x38C1, 0x40E1, 0x38A1, 0x3081, 0x30A2, 0x3101, 0x30A1,
    0x3081, 0x30A1, 0x30A1, 0x3081, 0x3081, 0x3081, 0x3081, 0x3081,
    0x3081, 0x3081, 0x3081, 0x3081, 0x30A1, 0x3081, 0x3081, 0x3081,
    0x3081, 0x3081, 0x3081, 0x3081, 0x3081, 0x3081, 0x3081, 0x3081,
    0x3081, 0x3081, 0x3081, 0x2881, 0x3081, 0x3081, 0x3081, 0x30A2,
    0x30A2, 0x3082, 0x3082, 0x30A2, 0x3082, 0x3082, 0x30A2, 0x3082,
    0x3882, 0x40A2, 0x38A2, 0x40A2, 0x40A2, 0x4082, 0x38A2, 0x40A2,
    0x38A2, 0x40A2, 0x40A2, 0x4082, 0x4082, 0x40A2, 0x40A2, 0x40A2,
    0xEF78, 0xD77E, 0xB69B, 0xA592, 0xA527, 0xA541, 0x9CA1, 0x92C2,
    0xA3E3, 0xA562, 0x94C2, 0x92E2, 0x9302, 0x8B01, 0x8AE1, 0x8AC2,
    0x82E2, 0x82E1, 0x82A1, 0x82E1, 0x8321, 0x7A81, 0x8302, 0xC3C6,
    0xD4A7, 0xD529, 0xD5C9, 0xD5E3, 0xD5C1, 0xD5C2, 0xD5C2, 0xE604,
    0xEE23, 0xD603, 0xCD22, 0xDCE0, 0xDCC1, 0xDD60, 0xDDE0, 0xE623,
    0xDE89, 0xDE89, 0xE688, 0xD6AA, 0xC4C9, 0xC3E0, 0xC420, 0xC3E2,
    0xC421, 0xCCA1, 0xE665, 0xCCE2, 0xC422, 0xCCE4, 0xBBC0, 0xCC41,
    0xB383, 0x8201, 0xD4E4, 0xE6D1, 0xC718, 0x6BF3, 0x3942, 0xCA21,
    0xEC23, 0xE403, 0xE3E2, 0xE3E3, 0xE3E3, 0xE3C3, 0xE3C3, 0xEC03,
    0xECA2, 0xECE1, 0xED21, 0xDD02, 0xDBE2, 0xE421, 0xEC41, 0xF4E1,
    0xED44, 0xECE3, 0xECC1, 0xECC2, 0xED02, 0xF563, 0xE3E2, 0xEC82,
    0xE5A3, 0xDE44, 0xEF25, 0xC6A6, 0xA284, 0xE4A3, 0xEEC5, 0xEE04,
    0xF6E4, 0xE564, 0xEDE3, 0xCCA4, 0xA0C2, 0xEE24, 0xE5A4, 0xE422,
    0xE442, 0xD322, 0xD3A2, 0xF6E4, 0xE482, 0xDC04, 0xECC4, 0xED43,
    0xC2C2, 0xC322, 0xC362, 0xC462, 0xDDE3, 0xE5A5, 0xE502, 0xE3E2,
    0xDBC2, 0xD3A2, 0xD3C2, 0xABE2, 0xBC42, 0x7260, 0x28C0, 0x10E0,
    0x8300, 0x9421, 0x1960, 0x1900, 0x1120, 0x11C0, 0x1940, 0x1100,
    0x08E0, 0x18C0, 0x28E0, 0x3120, 0x7303, 0x6B02, 0x6B00, 0x4181,
    0x63C3, 0xBDA3, 0xDD02, 0xD3E3, 0xCC83, 0xCC22, 0xCCA3, 0xD523,
    0xD543, 0xD564, 0xD5E3, 0xDCC1, 0xC2E2, 0x8385, 0x6486, 0x84E3,
    0x9CC5, 0x7BA3, 0x6BE4, 0x4961, 0x3081, 0x38E1, 0x30C1, 0x4921,
    0x4922, 0x4942, 0x40E1, 0x3880, 0x2061, 0x20A1, 0x38A1, 0x30A1,
    0x30C1, 0x4101, 0x38C1, 0x30A1, 0x3081, 0x30A2, 0x30A1, 0x3081,
    0x3081, 0x30A1, 0x30A1, 0x3081, 0x3081, 0x30A1, 0x3081, 0x3081,
    0x3081, 0x3081, 0x3081, 0x30A1, 0x3081, 0x3081, 0x3081, 0x3081,
    0x3081, 0x3081, 0x3081, 0x2881, 0x3081, 0x3081, 0x3081, 0x3081,
    0x3081, 0x3081, 0x3061, 0x2881, 0x3081, 0x3081, 0x3081, 0x30A2,
    0x30A2, 0x3082, 0x3882, 0x3082, 0x3081, 0x3082, 0x30A2, 0x30A2,
    0x3882, 0x38A2, 0x38A2, 0x3882, 0x3882, 0x40A2, 0x38A2, 0x38A2,
    0x40A2, 0x40A2, 0x40A2, 0x40A2, 0x40A2, 0x4082, 0x40A2, 0x4082,
    0xA50D, 0xA571, 0xA506, 0xA521, 0x9C81, 0xA482, 0xA3C2, 0xA482,
    0xA542, 0x9D42, 0x8BC2, 0x8AE1, 0x8B03, 0x8AC1, 0x8AE1, 0x8AE2,
    0x8B01, 0x8AC1, 0x8B01, 0x9341, 0x9341, 0x9361, 0x9381, 0xA361,
    0xDD27, 0xEE8A, 0xE667, 0xDDE1, 0xD5A1, 0xD5A2, 0xD5A1, 0xEEC8,
    0xDEEF, 0xCDA9, 0xDD60, 0xF6E7, 0xF72D, 0xF6EA, 0xEF2A, 0xD6AB,
    0xBC88, 0xC406, 0xC508, 0xBBE5, 0xC3E0, 0xC400, 0xC400, 0xC400,
    0xC420, 0xCC03, 0xC446, 0xDE08, 0xC421, 0xD543, 0xC421, 0xC460,
    0xB381, 0xDCC5, 0xE735, 0xD6F9, 0x6BD0, 0x5A01, 0x9960, 0xF362,
    0xE403, 0xE3E3, 0xE403, 0xE3E3, 0xE3E3, 0xE3E3, 0xE462, 0xECC1,
    0xECC1, 0xF521, 0xED21, 0xD2E1, 0xEC41, 0xECE1, 0xECC1, 0xED01,
    0xECA2, 0xECC2, 0xECC1, 0xF4E1, 0xECE1, 0xD562, 0xB4E3, 0xA3A3,
    0xB363, 0xE503, 0xDDA4, 0xBA63, 0xE4C3, 0xEEA5, 0xF6A5, 0xEEC5,
    0xF664, 0xD604, 0xBD04, 0xCB83, 0xB981, 0xEE84, 0xDCA3, 0xE422,
    0xDBC2, 0xDB82, 0xDB81, 0xDD44, 0xDD03, 0xE3E1, 0xED66, 0xEDE5,
    0xD2C2, 0xC463, 0xC4C4, 0xC463, 0x6262, 0xAC02, 0xBC02, 0xB442,
    0xB442, 0xBCC2, 0xAC83, 0x3A01, 0x9482, 0x7C02, 0x9320, 0x41A0,
    0x3B41, 0x1980, 0x18E0, 0x1920, 0x1900, 0x10E0, 0x18C0, 0x40E0,
    0x8240, 0xBBE1, 0xC3E1, 0xB221, 0xBA82, 0xB380, 0x8360, 0x6241,
    0x2901, 0x1283, 0x54C4, 0xA5C3, 0xC523, 0xCD63, 0xCDC4, 0xD5E4,
    0xD5E4, 0xCDA4, 0xCCC4, 0xCC42, 0xD461, 0xD382, 0xB222, 0x5A24,
    0x4BC4, 0x73C1, 0x30C1, 0x30A2, 0x4942, 0x30C1, 0x4122, 0x4942,
    0x4122, 0x4122, 0x4121, 0x4101, 0x38A0, 0x2061, 0x28A1, 0x38A1,
    0x3102, 0x38E1, 0x30A1, 0x30A1, 0x3081, 0x3081, 0x3081, 0x3081,
    0x30A1, 0x30A1, 0x3081, 0x30A1, 0x3081, 0x30A1, 0x3081, 0x3081,
    0x3081, 0x3081, 0x30A1, 0x30A1, 0x3081, 0x3081, 0x3081, 0x3081,
    0x3081, 0x2881, 0x2881, 0x2881, 0x3081, 0x2881, 0x3061, 0x2881,
    0x2881, 0x3081, 0x3061, 0x3081, 0x3081, 0x2881, 0x3081, 0x3082,
    0x3082, 0x3082, 0x3082, 0x30A2, 0x30A2, 0x30A1, 0x30A2, 0x30A2,
    0x3882, 0x38A2, 0x38A2, 0x3882, 0x38A2, 0x38A2, 0x38A2, 0x38A2,
    0x38A2, 0x40A2, 0x40A2, 0x4082, 0x40A2, 0x40A2, 0x40A2, 0x40A2,
    0xA3C2, 0xA3E1, 0xA501, 0x93C2, 0x9B21, 0xA4C1, 0xA482, 0xA562,
    0x9D02, 0x93E2, 0x92C1, 0x9AC1, 0x9AA1, 0xAC21, 0x93E2, 0xA402,
    0xB521, 0xB4C1, 0xB521, 0xBD41, 0xBD61, 0xBD61, 0xB562, 0xA521,
    0xA3C2, 0xC4A8, 0xDE2C, 0xE6AA, 0xE6A6, 0xDE24, 0xD5E1, 0xCDE6,
    0xDDE6, 0xE621, 0xF6E5, 0xF74E, 0xEF4E, 0xE72E, 0xCDCD, 0xCBC7,
    0xE4C4, 0xDD23, 0xD441, 0xDD41, 0xBC21, 0xC3E0, 0xC400, 0xC400,
    0xC3C0, 0xDDA4, 0xE5E6, 0xD586, 0xCCC4, 0xCC84, 0xCCC3, 0xC3E0,
    0xD3E0, 0xE68D, 0xE6F9, 0xC697, 0x5AA6, 0x59C0, 0xE2A1, 0xE423,
    0xEC43, 0xEC23, 0xE3E3, 0xE3E3, 0xE3E3, 0xE3C2, 0xE422, 0xECC1,
    0xECA1, 0xF561, 0xF5A1, 0xD2A1, 0xDCA1, 0xECE1, 0xECC1, 0xECE2,
    0xECA1, 0xED21, 0xF582, 0xF622, 0xDD42, 0xAA02, 0xB962, 0xE2E2,
    0xF543, 0xF604, 0xEDE3, 0xF623, 0xF6A5, 0xEF05, 0xB565, 0xCCC4,
    0xFF05, 0x9283, 0xCBC3, 0xE463, 0xE482, 0xE624, 0xE402, 0xE462,
    0xD362, 0xD362, 0xF5E3, 0xE422, 0xE442, 0xF622, 0xF686, 0xE4C7,
    0xE422, 0xC3C4, 0xC5C6, 0xCDA5, 0x8241, 0x9CE2, 0xC603, 0xB564,
    0xC5C3, 0xB5C3, 0xB563, 0xA3A1, 0x9C82, 0x5221, 0x8422, 0x7240,
    0x20C0, 0x2140, 0x2140, 0x2120, 0x1120, 0x3900, 0xBA80, 0xDCA2,
    0xD543, 0xC3E3, 0xD3A3, 0xE462, 0xED62, 0xFE02, 0xD401, 0x8B60,
    0xC3E1, 0x8980, 0x1881, 0x09A2, 0x1243, 0x9C24, 0xE4C3, 0xC484,
    0xC423, 0xBBE3, 0xD4E3, 0xDDE4, 0xE645, 0xEE44, 0xEE44, 0xEC22,
    0x8961, 0x1881, 0x38E1, 0x4942, 0x38E1, 0x38E1, 0x4942, 0x4122,
    0x4922, 0x4101, 0x4102, 0x4122, 0x4101, 0x3880, 0x2061, 0x28A2,
    0x38A2, 0x30A1, 0x30A1, 0x38A1, 0x3081, 0x3081, 0x3081, 0x3081,
    0x3081, 0x30A1, 0x30A1, 0x30A1, 0x30A1, 0x3081, 0x3081, 0x3081,
    0x3081, 0x3081, 0x30A1, 0x3081, 0x3081, 0x3081, 0x3081, 0x3081,
    0x3081, 0x3081, 0x2881, 0x2881, 0x3081, 0x2861, 0x2861, 0x2881,
    0x30C1, 0x3081, 0x2861, 0x3081, 0x3081, 0x2881, 0x3082, 0x2882,
    0x3081, 0x3082, 0x3082, 0x30A2, 0x30A2, 0x30A2, 0x30A2, 0x30A2,
    0x3882, 0x3882, 0x3882, 0x38A2, 0x38A2, 0x40A2, 0x40A2, 0x38A2,
    0x38A2, 0x38A2, 0x40A2, 0x40A2, 0x4082, 0x4082, 0x40A2, 0x40A2,
    0xAD42, 0xA4E3, 0x93A2, 0x9B21, 0xA4A1, 0xA522, 0xACC2, 0xBC23,
    0xC343, 0xD362, 0xDBE1, 0xE462, 0xDC62, 0xDCA3, 0xCBA2, 0xC3E2,
    0xD5E3, 0xCE03, 0xC5E3, 0xB5A3, 0xB5A3, 0xAD63, 0xAD23, 0xAD03,
    0xA523, 0x9C41, 0xA3C3, 0xB447, 0xC4EA, 0xD529, 0xD505, 0xD501,
    0xDDE4, 0xDE6C, 0xDE6E, 0xD64E, 0xC56C, 0xAC09, 0xAB64, 0xEE06,
    0xEF6D, 0xEF0C, 0xEECA, 0xDE4A, 0xC423, 0xC440, 0xC3E0, 0xC3E0,
    0xC3E0, 0xCCA2, 0xCE07, 0xC486, 0xC4A4, 0xC3E3, 0xC462, 0xC3C1,
    0xDD84, 0xDF14, 0xE6D7, 0xC657, 0x5265, 0x9120, 0xEB62, 0xE3E3,
    0xEC83, 0xE4A3, 0xE3E3, 0xE3C3, 0xE3A3, 0xF423, 0xF4A1, 0xF4C1,
    0xED21, 0xED81, 0xF685, 0xECE2, 0xDB21, 0xE3E1, 0xE441, 0xE461,
    0xE4C1, 0xED42, 0xED42, 0xED43, 0xECA2, 0xF461, 0xF501, 0xF5E1,
    0xEDA2, 0xEDC2, 0xEE24, 0xFEC4, 0xDEA4, 0x9344, 0xA962, 0xFE44,
    0xCD84, 0x8841, 0xE543, 0xF623, 0xEE64, 0xDCC3, 0xE402, 0xE4A2,
    0xD322, 0xDBE2, 0xF6A4, 0xF6A4, 0xF6A3, 0xF664, 0xF6A4, 0xF585,
    0xE424, 0xD282, 0xBCE5, 0xC5E4, 0xCD42, 0x6B02, 0xA4E4, 0xDD63,
    0xBDC3, 0xA4E3, 0xAD23, 0xACC2, 0x8BA2, 0x9BE1, 0x9C22, 0x9381,
    0x7240, 0x1120, 0x1140, 0x1120, 0x20E0, 0xAA60, 0xDD83, 0xC463,
    0xC322, 0xE462, 0xF5E2, 0xEE02, 0xEDC2, 0xEE03, 0xF542, 0xCAE2,
    0xD624, 0xFDE3, 0xD3A1, 0x9220, 0x3944, 0xBF1A, 0xF6B0, 0xD543,
    0xCC41, 0xCC21, 0xD4E3, 0xCD04, 0xD607, 0xE6A8, 0xEEC7, 0xEEA4,
    0x51A2, 0x38C1, 0x4942, 0x4942, 0x30A1, 0x4122, 0x4922, 0x4922,
    0x4922, 0x4101, 0x4102, 0x4902, 0x4121, 0x40E1, 0x38A0, 0x2061,
    0x28A1, 0x38A1, 0x30A1, 0x30A1, 0x3081, 0x3081, 0x3081, 0x3081,
    0x3081, 0x30A1, 0x30A1, 0x30A1, 0x3081, 0x3081, 0x30A1, 0x3081,
    0x3081, 0x3081, 0x30A1, 0x3081, 0x3081, 0x3081, 0x2881, 0x3081,
    0x3081, 0x3081, 0x2881, 0x28A1, 0x2881, 0x2861, 0x2881, 0x2861,
    0x30A1, 0x3061, 0x2881, 0x3081, 0x30A1, 0x2881, 0x30C1, 0x50C2,
    0x3081, 0x3082, 0x3082, 0x3082, 0x3082, 0x3082, 0x3082, 0x3082,
    0x3882, 0x3882, 0x38A2, 0x38A2, 0x38A2, 0x3882, 0x3882, 0x38A2,
    0x38A2, 0x40A2, 0x40A2, 0x40A2, 0x40A2, 0x40A2, 0x4082, 0x40A2,
    0xA542, 0x9BC2, 0x9341, 0x9BA1, 0xB3E2, 0xCB84, 0xDBE5, 0xE4C6,
    0xEDE7, 0xF6A9, 0xEF0A, 0xEF2B, 0xEF2B, 0xEEEB, 0xEEAA, 0xEE89,
    0xEEAA, 0xEEA9, 0xE667, 0xCDC5, 0xAD02, 0xA4E2, 0xAD03, 0xA503,
    0xA4E3, 0xA503, 0xA502, 0x9CA2, 0xA484, 0xA4A5, 0xAD07, 0xB588,
    0xAD08, 0x8BE8, 0x82E6, 0x9345, 0x9B63, 0x8BA3, 0x9BC3, 0xD527,
    0xE6CC, 0xEECC, 0xEECC, 0xDE2A, 0xC443, 0xC443, 0xD462, 0xCC60,
    0xBBC0, 0xC421, 0xBBE6, 0xC3A2, 0xD460, 0xCC40, 0xC420, 0xCC03,
    0xDE91, 0xDEB7, 0xE6D6, 0xC636, 0x6264, 0xC220, 0xEBE2, 0xE3C3,
    0xE403, 0xE485, 0xEBE3, 0xEBE3, 0xDC62, 0xCCE1, 0xCD21, 0xBD61,
    0xBD22, 0xED82, 0xEDE4, 0xEE03, 0xEDA1, 0xECC1, 0xEC82, 0xE401,
    0xDBE1, 0xE482, 0xE4A2, 0xE482, 0xE4A2, 0xE522, 0xED82, 0xEE44,
    0xEE84, 0xF644, 0xF6C4, 0xBD84, 0x8143, 0xA8A1, 0xF5C3, 0xF765,
    0x9243, 0xB1A2, 0xFE84, 0xEE44, 0xDDA4, 0xE423, 0xE442, 0xEC83,
    0xDB02, 0xE523, 0xF6A4, 0xF624, 0xF643, 0xF643, 0xF644, 0xF683,
    0xF4E5, 0xE364, 0xD363, 0xB4C3, 0xB4C5, 0x8221, 0x72A4, 0xCC25,
    0xD4A3, 0xA482, 0xA503, 0xACE2, 0xC4C2, 0x94A3, 0x8523, 0x84A2,
    0x93E2, 0x6960, 0x7120, 0x9160, 0xBA40, 0xE462, 0xDCE3, 0xE482,
    0xED62, 0xEE22, 0xEE22, 0xF643, 0xF643, 0xEE63, 0xF643, 0xD2C2,
    0xD564, 0xFF64, 0xEE24, 0xEE03, 0xD488, 0xC574, 0xD525, 0xCD83,
    0xE625, 0xF684, 0xE4C1, 0xCC41, 0xCCC3, 0xCD65, 0xE626, 0x72E2,
    0x2040, 0x5162, 0x4922, 0x4901, 0x30C1, 0x4942, 0x5122, 0x4922,
    0x4922, 0x4101, 0x4921, 0x4922, 0x4122, 0x4101, 0x40E1, 0x3880,
    0x2061, 0x28C1, 0x38E1, 0x3081, 0x3081, 0x3081, 0x30A1, 0x3081,
    0x3081, 0x30A1, 0x30A1, 0x30A1, 0x3081, 0x3081, 0x30A1, 0x3081,
    0x3081, 0x3081, 0x3081, 0x3081, 0x3081, 0x3081, 0x2881, 0x3081,
    0x3081, 0x2881, 0x2881, 0x3081, 0x2881, 0x2861, 0x2881, 0x2881,
    0x2861, 0x2861, 0x2881, 0x3081, 0x30A1, 0x2861, 0x2902, 0x4121,
    0x3081, 0x30A2, 0x3082, 0x30A2, 0x30A2, 0x3082, 0x3082, 0x30A2,
    0x3082, 0x3882, 0x38A2, 0x3882, 0x3882, 0x3882, 0x3882, 0x3882,
    0x3882, 0x3882, 0x3882, 0x40A2, 0x40A2, 0x40A2, 0x40A2, 0x40A2,
    0x9BC2, 0x9341, 0xA321, 0xCB01, 0xE444, 0xEDC7, 0xEEC9, 0xEF4B,
    0xEF2C, 0xEF2D, 0xF70D, 0xF70D, 0xF72E, 0xF70D, 0xEF0C, 0xEF0B,
    0xEF0B, 0xEF0C, 0xEF0C, 0xEF2C, 0xEF0A, 0xBDA5, 0xA4E2, 0xA503,
    0xA503, 0xA4C2, 0xA4A2, 0xA4A2, 0x9CA2, 0x9C62, 0x9462, 0x9C42,
    0x7C22, 0x6AE2, 0x6AC2, 0x7322, 0x8402, 0x9BA2, 0xE523, 0xDDC7,
    0xCCC8, 0xE6CA, 0xF76D, 0xEF0B, 0xD4E6, 0xCC41, 0xCD44, 0xCD66,
    0xC3C3, 0xBB42, 0xCBC1, 0xDD81, 0xD605, 0xCCE5, 0xCC43, 0xDE0E,
    0xDED7, 0xDEB5, 0xE6D6, 0xCE96, 0x5A85, 0x9A60, 0xEC03, 0xE3E3,
    0xEBE3, 0xDBE4, 0xABC3, 0x83C2, 0x6361, 0x6300, 0x5B21, 0x8300,
    0xD481, 0xEDA2, 0xEDA2, 0xED42, 0xED02, 0xEDA2, 0xF622, 0xF5E2,
    0xEDE2, 0xDC82, 0xE462, 0xEDE3, 0xF5A3, 0xF623, 0xDDA3, 0xEDE4,
    0xF644, 0xEEA3, 0xA443, 0x8022, 0xB0E1, 0xF5A3, 0xFF24, 0xBCE4,
    0x9042, 0xED63, 0xF684, 0xE604, 0xDCC3, 0xE442, 0xE442, 0xECC2,
    0xE482, 0xEE03, 0xF664, 0xF644, 0xF643, 0xF643, 0xF643, 0xF663,
    0xF583, 0xE3E4, 0xCB25, 0xD3C5, 0xCC05, 0xCBE3, 0x6182, 0x9444,
    0xDBA4, 0xBC42, 0x9D24, 0xA563, 0xB4E3, 0x9A42, 0xAB67, 0xC3A4,
    0xD322, 0xE342, 0xF402, 0xF482, 0xECE2, 0xE4E3, 0xE4C3, 0xE4E2,
    0xE4C2, 0xE3E3, 0xEC23, 0xB5A3, 0xD5E3, 0xECC3, 0xEE43, 0xE403,
    0xCD2B, 0xEF68, 0xF6A7, 0xEEA6, 0xE5E4, 0xDCE3, 0xD5A3, 0xD5A4,
    0xDE8A, 0xE729, 0xEEA6, 0xD543, 0xCC22, 0xCC62, 0xB401, 0x2020,
    0x4942, 0x4942, 0x4942, 0x4921, 0x30E1, 0x5162, 0x5142, 0x4922,
    0x4921, 0x4942, 0x4941, 0x4922, 0x4102, 0x4102, 0x4101, 0x40C1,
    0x3881, 0x2081, 0x28C1, 0x38A1, 0x3081, 0x30A1, 0x3081, 0x30A1,
    0x30A1, 0x30A1, 0x3081, 0x30A1, 0x30A1, 0x3081, 0x30A1, 0x3081,
    0x3081, 0x3081, 0x3081, 0x3081, 0x3081, 0x3081, 0x3081, 0x3081,
    0x3081, 0x3081, 0x2881, 0x2881, 0x2881, 0x2881, 0x2881, 0x2881,
    0x2861, 0x2881, 0x2881, 0x3081, 0x2881, 0x30C1, 0x3081, 0x2861,
    0x3082, 0x3081, 0x3082, 0x30A2, 0x30A2, 0x30A2, 0x30A2, 0x3082,
    0x38E2, 0x40A2, 0x3882, 0x3882, 0x3882, 0x38A2, 0x38A2, 0x38A1,
    0x3882, 0x3882, 0x3882, 0x3882, 0x3882, 0x3882, 0x4082, 0x40A2,
    0x9B41, 0xB321, 0xE3A0, 0xF625, 0xF74B, 0xF74D, 0xF72E, 0xF72E,
    0xF72F, 0xF74F, 0xF74F, 0xF74F, 0xF74F, 0xF76F, 0xE70F, 0xDE4B,
    0xD5AA, 0xD56A, 0xDD29, 0xCD09, 0xCC89, 0xEE2A, 0xC587, 0xA503,
    0xA4C3, 0xA4C2, 0xA4C2, 0x9C82, 0x9C82, 0x9C62, 0x9C62, 0x9482,
    0x7362, 0x72C2, 0x72E2, 0x6AC2, 0x72A2, 0xDCA3, 0xEEE8, 0xEEC9,
    0xDDA7, 0xC4A5, 0xC52A, 0xCDAB, 0xD5E9, 0xDE48, 0xC4A6, 0xC384,
    0xCC64, 0xD502, 0xD5A3, 0xC4C6, 0xCBC5, 0xD4E4, 0xCDCD, 0xE6D7,
    0xDEB6, 0xDEB6, 0xE6F6, 0xDEF7, 0x6AE7, 0x82C0, 0xEC43, 0xE3C3,
    0x9BC3, 0x5B02, 0x5AC1, 0x5AA0, 0x62C0, 0x5A80, 0xA2E0, 0xED01,
    0xEDC2, 0xED42, 0xED01, 0xED41, 0xEDA2, 0xEDE2, 0xF5C2, 0xFE02,
    0xE4A2, 0xE3C2, 0xED82, 0xF603, 0xDE22, 0xB402, 0xDC82, 0xF5E3,
    0xEE64, 0x9303, 0x8802, 0xC1E1, 0xF5C3, 0xFEC4, 0xCE04, 0x88C2,
    0xE422, 0xF6C4, 0xEE44, 0xDD24, 0xE443, 0xE462, 0xE422, 0xF5E3,
    0xD4C3, 0xE563, 0xF664, 0xF643, 0xF643, 0xF623, 0xF603, 0xF643,
    0xF664, 0xF4C2, 0xD262, 0xB265, 0xC405, 0xCBA5, 0xCB23, 0xB3A4,
    0xCC05, 0xA503, 0x83A3, 0xA1A2, 0xD2C2, 0xEBE2, 0xF4C8, 0xECC4,
    0xECE2, 0xE4E3, 0xED03, 0xE463, 0xE463, 0xE443, 0xE463, 0xE462,
    0xED63, 0xE344, 0xF304, 0x91E2, 0x8D02, 0xFC22, 0xE4E2, 0xF627,
    0xD369, 0xCCC7, 0xDEC9, 0xEEE9, 0xF708, 0xF6C5, 0xCC23, 0xC4A4,
    0xCD66, 0xD5C6, 0xD525, 0xC3E1, 0xC462, 0xD422, 0x5161, 0x30C1,
    0x5162, 0x4922, 0x4942, 0x4921, 0x3902, 0x5182, 0x5142, 0x4922,
    0x4942, 0x4942, 0x4921, 0x4102, 0x4101, 0x4102, 0x4101, 0x4901,
    0x40C1, 0x3880, 0x2061, 0x28A1, 0x38A1, 0x3081, 0x3081, 0x3081,
    0x3081, 0x30A1, 0x30A1, 0x3081, 0x3081, 0x30A1, 0x3081, 0x3081,
    0x3081, 0x3081, 0x3081, 0x3081, 0x30A1, 0x3081, 0x3081, 0x2881,
    0x28A1, 0x30A1, 0x2881, 0x2881, 0x2881, 0x2881, 0x2881, 0x2881,
    0x2861, 0x2881, 0x2881, 0x2881, 0x2881, 0x30E1, 0x30A1, 0x3081,
    0x3082, 0x3081, 0x3082, 0x30A2, 0x3082, 0x3082, 0x3081, 0x3081,
    0x30A2, 0x3882, 0x3882, 0x3882, 0x38A2, 0x3882, 0x3882, 0x38A2,
    0x38A2, 0x40A2, 0x38A2, 0x40A2, 0x40A2, 0x38A2, 0x4082, 0x4082,
    0xB3E1, 0xEC21, 0xF729, 0xF76F, 0xF72F, 0xF72F, 0xF74F, 0xF72F,
    0xF72F, 0xF74E, 0xF72E, 0xF74E, 0xE74F, 0xD5EE, 0xE56A, 0xEDE9,
    0xEE0A, 0xF66A, 0xF6AA, 0xEE6A, 0xE486, 0xEE47, 0xDE0B, 0xAC66,
    0xA4E3, 0xA4C2, 0x9CA2, 0x9C82, 0x9C82, 0x9C62, 0x9C82, 0x7C02,
    0x6AC2, 0x72E2, 0x72C2, 0x6AC3, 0x9302, 0xEE47, 0xEF0C, 0xEF0D,
    0xEEEB, 0xDDC7, 0xCBA3, 0xCBC4, 0xC364, 0xCC86, 0xCC86, 0xCC65,
    0xCCC5, 0xCCC6, 0xBB65, 0xD443, 0xE5C4, 0xD626, 0xC568, 0xDE93,
    0xDEB6, 0xDE96, 0xDEB6, 0xE738, 0x940C, 0x51C0, 0xD3C2, 0xD3E3,
    0x72C1, 0x6A80, 0x5AA0, 0x5AA0, 0x62A0, 0xA2E0, 0xF581, 0xEDC2,
    0xED22, 0xED21, 0xED81, 0xEDE2, 0xEDE2, 0xEDC2, 0xF602, 0xF5A2,
    0xF462, 0xFDA2, 0xF622, 0xBD02, 0xA202, 0xE3C2, 0xF603, 0xEE43,
    0xB423, 0xB102, 0xE3A2, 0xF643, 0xF664, 0xD604, 0x99A2, 0xE3C2,
    0xF6A4, 0xEE64, 0xE564, 0xE443, 0xE442, 0xE463, 0xED62, 0xF665,
    0xB203, 0xDCA3, 0xF663, 0xEE03, 0xF623, 0xF623, 0xF603, 0xF624,
    0xF644, 0xF643, 0xEC22, 0xC1C2, 0xABE5, 0xABE4, 0xA384, 0x5203,
    0x84C3, 0x4AE2, 0x9941, 0xF562, 0xFE82, 0xF683, 0xF624, 0xF5C3,
    0xED63, 0xEC83, 0xED03, 0xECA3, 0xE483, 0xECA3, 0xECE3, 0xE482,
    0xF683, 0xF543, 0xF3A4, 0x5962, 0xA3C3, 0xFD01, 0xE422, 0xF686,
    0xEC43, 0xC2E3, 0xD4C5, 0xD587, 0xDEA9, 0xDDE6, 0xDDA3, 0xD402,
    0xBAC2, 0xD502, 0xD421, 0xCCA1, 0xD4A2, 0xBBC1, 0x2840, 0x4942,
    0x4942, 0x4942, 0x5142, 0x5142, 0x4122, 0x6982, 0x5122, 0x4942,
    0x4942, 0x4922, 0x4921, 0x4102, 0x4102, 0x4101, 0x4101, 0x4922,
    0x4901, 0x40C1, 0x3880, 0x2061, 0x28A1, 0x30A1, 0x30A1, 0x3081,
    0x3081, 0x30A1, 0x30A1, 0x3081, 0x3081, 0x3081, 0x30A1, 0x3081,
    0x3081, 0x3081, 0x30A1, 0x3081, 0x3081, 0x3081, 0x3081, 0x3081,
    0x2881, 0x2861, 0x2881, 0x2881, 0x2881, 0x2881, 0x2881, 0x2881,
    0x2861, 0x2881, 0x2881, 0x2881, 0x2881, 0x2881, 0x2881, 0x3081,
    0x3082, 0x3081, 0x3082, 0x3082, 0x3082, 0x3082, 0x3081, 0x3082,
    0x3082, 0x3882, 0x3882, 0x38A2, 0x38A2, 0x3882, 0x3882, 0x38A1,
    0x38A2, 0x38A2, 0x38A2, 0x40A2, 0x40A2, 0x38A2, 0x40A2, 0x40A2,
    0xDBE1, 0xF6A6, 0xF76F, 0xF72F, 0xF72F, 0xF74F, 0xF72F, 0xF72E,
    0xF72E, 0xF72E, 0xF74E, 0xD6CE, 0xD569, 0xEE07, 0xF72C, 0xF76F,
    0xF76F, 0xF74F, 0xF72F, 0xF74F, 0xF78E, 0xEEEC, 0xEF0B, 0xD509,
    0xA403, 0xA4E2, 0xA482, 0x9C82, 0x9C82, 0xA482, 0x8C62, 0x7302,
    0x72E2, 0x72E2, 0x72E2, 0x6AC2, 0xAB23, 0xEE48, 0xEF0D, 0xEF0D,
    0xE6AB, 0xE689, 0xEEC9, 0xF70A, 0xF6C9, 0xEE48, 0xE5C6, 0xDD45,
    0xDD45, 0xE5A5, 0xDD44, 0xDDC5, 0xEEC8, 0xDE06, 0xDDE6, 0xDE93,
    0xDEB6, 0xDE95, 0xDEB6, 0xE6F7, 0xCE13, 0x6222, 0xCAA1, 0xE3E2,
    0xE381, 0xDB81, 0xAAE0, 0xAAA0, 0xD340, 0xECC1, 0xEDA2, 0xE522,
    0xE4E1, 0xF5A2, 0xEDE2, 0xEDC2, 0xEDA2, 0xED82, 0xE4C2, 0xF523,
    0xFF63, 0xEE82, 0xABE2, 0xA962, 0xEC62, 0xF623, 0xEDE3, 0xD4C3,
    0xD382, 0xFE03, 0xEEA4, 0xDDC4, 0xEE04, 0xB2C3, 0xE442, 0xF6A4,
    0xEE24, 0xE584, 0xE463, 0xE443, 0xEC83, 0xF583, 0xF623, 0xEDC4,
    0xA122, 0xD463, 0xF663, 0xEDE3, 0xF623, 0xF603, 0xF623, 0xF623,
    0xF603, 0xF623, 0xF563, 0xDAC2, 0xA283, 0xAC44, 0xC464, 0xB302,
    0x3A01, 0x6900, 0xECC2, 0xFF04, 0xF5E2, 0xF603, 0xF643, 0xF663,
    0xF663, 0xFE04, 0xED23, 0xE4A3, 0xE4A3, 0xED23, 0xDC42, 0xD4C3,
    0xF684, 0xFF24, 0x9C43, 0x4902, 0xE404, 0xF5C2, 0xE3C2, 0xEDE3,
    0xF643, 0xDB63, 0xD4A5, 0xD4E3, 0xC464, 0xCCA3, 0xCD64, 0xD603,
    0xDCA3, 0xD401, 0xC441, 0xCCE3, 0xDD63, 0x9281, 0x2061, 0x5162,
    0x4922, 0x4942, 0x5142, 0x5182, 0x6A22, 0x69A2, 0x5122, 0x4922,
    0x4922, 0x4922, 0x4901, 0x4921, 0x4101, 0x4102, 0x4942, 0x4922,
    0x4121, 0x4101, 0x40C1, 0x3880, 0x2061, 0x28A1, 0x3081, 0x30A1,
    0x3081, 0x30A1, 0x30A1, 0x3081, 0x3081, 0x30A1, 0x30A1, 0x3081,
    0x3081, 0x3081, 0x30A1, 0x30A1, 0x3081, 0x3081, 0x2881, 0x3081,
    0x2881, 0x2881, 0x2881, 0x2881, 0x2881, 0x2881, 0x2881, 0x2881,
    0x2861, 0x2861, 0x2881, 0x3061, 0x2881, 0x2881, 0x2881, 0x3081,
    0x3082, 0x3081, 0x3081, 0x3082, 0x3082, 0x3082, 0x3081, 0x3082,
    0x3082, 0x3882, 0x3882, 0x38A2, 0x38A2, 0x38A2, 0x38A2, 0x38A2,
    0x38A2, 0x38A2, 0x3882, 0x38A2, 0x38A2, 0x38A2, 0x38A2, 0x40A1,
    0xEC82, 0xF74C, 0xF72E, 0xF750, 0xF74F, 0xF74F, 0xF74F, 0xF72E,
    0xF72E, 0xF74E, 0xD6CF, 0xCCE8, 0xEDA2, 0xF74C, 0xF72F, 0xF72E,
    0xF72E, 0xF70E, 0xF72E, 0xF72E, 0xF72E, 0xEEED, 0xEECA, 0xEF0C,
    0xB406, 0x9CA2, 0xA4A3, 0x9C82, 0x9C82, 0x8C82, 0x6B42, 0x6AA2,
    0x6AE2, 0x6AC2, 0x6AC2, 0x6262, 0xBB02, 0xF6A8, 0xEF0D, 0xEF0D,
    0xE68A, 0xDE08, 0xEEEB, 0xEEED, 0xEF0C, 0xEF2C, 0xEF2C, 0xEF0A,
    0xEEC8, 0xEEE9, 0xDE69, 0xD5C7, 0xE6CA, 0xE647, 0xDE45, 0xD62B,
    0xE696, 0xE6B5, 0xE6F6, 0xEED6, 0xDF38, 0xAB89, 0xE361, 0xE3E3,
    0xE3C2, 0xE3C2, 0xEBE2, 0xEBC2, 0xE3C2, 0xDBC2, 0xE3C2, 0xE381,
    0xE381, 0xED02, 0xECE2, 0xE4C1, 0xED02, 0xECE2, 0xDB41, 0xED85,
    0xE70B, 0xA345, 0xCA22, 0xF562, 0xEDC3, 0xECE3, 0xEDA3, 0xED63,
    0xFE43, 0xD604, 0xAB83, 0xDCE3, 0xEE03, 0xED63, 0xF663, 0xEE03,
    0xDD44, 0xE483, 0xE463, 0xECE3, 0xF5E3, 0xF603, 0xF603, 0xED83,
    0x98A1, 0xCC03, 0xF643, 0xEDC3, 0xF603, 0xF603, 0xF623, 0xF623,
    0xF643, 0xF643, 0xF5E3, 0xEB62, 0xAA02, 0x9444, 0xCCE6, 0xCD25,
    0x6920, 0xAA41, 0xFE63, 0xF5E3, 0xF622, 0xF622, 0xF623, 0xF623,
    0xF643, 0xFEC5, 0xF5A3, 0xE462, 0xECC3, 0xE4A3, 0xCBA3, 0xD524,
    0xFF44, 0xC5A4, 0x3922, 0xA2C3, 0xF385, 0xE4A3, 0xE3E1, 0xE524,
    0xF6E3, 0xFD83, 0xD364, 0xC442, 0xCCC1, 0xCBE1, 0xD462, 0xC4E5,
    0xDE66, 0xCC22, 0xBB42, 0xCCA3, 0xE4C2, 0x7980, 0x28A1, 0x5162,
    0x4942, 0x5162, 0x5142, 0x5245, 0x5242, 0x4942, 0x4922, 0x4922,
    0x4942, 0x4922, 0x4122, 0x4921, 0x4101, 0x4922, 0x4922, 0x4922,
    0x4101, 0x4102, 0x4101, 0x40A1, 0x3880, 0x2061, 0x28A1, 0x30A1,
    0x3081, 0x30A1, 0x3081, 0x3081, 0x3081, 0x3081, 0x3081, 0x3081,
    0x3081, 0x3081, 0x30A1, 0x3081, 0x3081, 0x2881, 0x2881, 0x2881,
    0x2881, 0x2881, 0x2881, 0x2881, 0x2881, 0x2881, 0x2881, 0x2881,
    0x3081, 0x3861, 0x2881, 0x30A1, 0x2881, 0x2881, 0x2881, 0x3081,
    0x3082, 0x3082, 0x2881, 0x3081, 0x3082, 0x3082, 0x3081, 0x3082,
    0x3082, 0x3882, 0x3882, 0x38A2, 0x38A2, 0x38A2, 0x38A2, 0x38A2,
    0x38A2, 0x38A1, 0x3882, 0x40A2, 0x40A2, 0x38A2, 0x38A2, 0x40A1,
    0xE544, 0xF74D, 0xF750, 0xF74F, 0xF74F, 0xF74F, 0xF74F, 0xF72F,
    0xF74E, 0xDEEF, 0xC509, 0xD500, 0xEF09, 0xF770, 0xF74E, 0xF74E,
    0xF74E, 0xF76F, 0xF76F, 0xF74E, 0xEF0F, 0xEECC, 0xEEAA, 0xEF2B,
    0xCD4A, 0x9BE2, 0xA4C2, 0xACA2, 0xACC2, 0x9C02, 0x9322, 0x9342,
    0x9342, 0x9342, 0x9302, 0x9262, 0xCC03, 0xF72A, 0xEF0D, 0xEF0D,
    0xE6AB, 0xE5E7, 0xEEEC, 0xEEEC, 0xEEEC, 0xEEEB, 0xEEEB, 0xEEEB,
    0xEEEB, 0xEF0B, 0xDE2A, 0xC3E3, 0xCCA4, 0xCD45, 0xC4E6, 0xCBE2,
    0xDEB0, 0xBE98, 0xC656, 0xAE16, 0x8514, 0xB2A9, 0xEAE1, 0xE403,
    0xE3C2, 0xE3E2, 0xE3E2, 0xE3E2, 0xE3C2, 0xE3C2, 0xE3E2, 0xE443,
    0xE3E2, 0xE3C3, 0xE422, 0xE3C2, 0xEC23, 0xF402, 0xE401, 0xEC85,
    0xDCE9, 0xDBA4, 0xF5C3, 0xECE3, 0xEBA2, 0xEC81, 0xEDA3, 0xEE03,
    0xBD03, 0x9182, 0xD362, 0xF623, 0xE4C3, 0xE4C3, 0xEE03, 0xD4C3,
    0xDC23, 0xE463, 0xED03, 0xEE03, 0xEDE3, 0xF5E3, 0xF623, 0xE563,
    0x9881, 0xC362, 0xF643, 0xEDC3, 0xF603, 0xEE03, 0xF623, 0xF623,
    0xF623, 0xF623, 0xF603, 0xF422, 0xBAC2, 0x8BC4, 0xBD87, 0x94A6,
    0xAAC2, 0xD3E2, 0xFE63, 0xF5E2, 0xF623, 0xF623, 0xF623, 0xF643,
    0xF664, 0xF664, 0xF6A3, 0xF583, 0xE463, 0xD423, 0xCC04, 0xED24,
    0xCE04, 0x4982, 0x7A42, 0xDCC4, 0xE345, 0xEC04, 0xE461, 0xE463,
    0xF6E5, 0xF683, 0xED24, 0xCBA2, 0xCCE3, 0xFEE7, 0xF5A2, 0xCC03,
    0xC464, 0xCC42, 0xD4A1, 0xE521, 0xFD21, 0x6960, 0x28E2, 0x5162,
    0x4962, 0x4962, 0x5144, 0x4985, 0x4962, 0x4921, 0x4942, 0x4922,
    0x4922, 0x4922, 0x4122, 0x4922, 0x4922, 0x4922, 0x4901, 0x4101,
    0x4101, 0x4101, 0x4102, 0x4101, 0x40C1, 0x3880, 0x2061, 0x28A1,
    0x3081, 0x3081, 0x3081, 0x30A1, 0x30A1, 0x3081, 0x3081, 0x3081,
    0x3081, 0x3081, 0x30A1, 0x3081, 0x30A1, 0x3081, 0x2881, 0x2881,
    0x2881, 0x2881, 0x2881, 0x2881, 0x2881, 0x2881, 0x2881, 0x2861,
    0x3101, 0x40C1, 0x2841, 0x2881, 0x2881, 0x2881, 0x2881, 0x3081,
    0x3082, 0x3082, 0x2881, 0x3081, 0x3082, 0x3082, 0x3082, 0x3082,
    0x3082, 0x3882, 0x3882, 0x38A2, 0x38A2, 0x38A2, 0x38A2, 0x38A2,
    0x38A2, 0x38A2, 0x38A2, 0x40A2, 0x40A2, 0x40A2, 0x3882, 0x40A2,
    0xEEA9, 0xF76E, 0xF750, 0xF74F, 0xF74F, 0xF74F, 0xEF2F, 0xF72F,
    0xE72F, 0xCDAA, 0xCCC1, 0xCD21, 0xD607, 0xD68B, 0xDEAD, 0xE6EE,
    0xDECE, 0xD5ED, 0xDE4E, 0xEEED, 0xEECC, 0xEECB, 0xEECB, 0xEF0B,
    0xCDCB, 0xB403, 0xCD84, 0xCDA7, 0xD608, 0xCDA8, 0xC5A7, 0xCDA7,
    0xD5C8, 0xD5E8, 0xCDE8, 0xC5E8, 0xDDC7, 0xEF0B, 0xEF0D, 0xEF0D,
    0xEEEC, 0xE6A9, 0xEEAA, 0xEF0C, 0xEEEC, 0xEEEB, 0xEEEB, 0xEEEB,
    0xEECB, 0xF6EB, 0xEF4B, 0xCCC4, 0xC3C0, 0xCBE0, 0xDC00, 0xDDC3,
    0xAD6B, 0xC532, 0xD5D2, 0x7B8B, 0x6A22, 0x7221, 0xB9E1, 0xEB62,
    0xE402, 0xE3E2, 0xE3E2, 0xE3E2, 0xE3E2, 0xE3E2, 0xE3C2, 0xE3E3,
    0xE3C3, 0xE3C3, 0xE423, 0xE423, 0xE3C3, 0xF522, 0xEC83, 0xE423,
    0xED23, 0xE4E3, 0xEBE2, 0xEB81, 0xEC21, 0xECC1, 0xED82, 0xAC03,
    0x9902, 0xE3A2, 0xED23, 0xE444, 0xE3C3, 0xE402, 0xD423, 0xE463,
    0xE463, 0xED03, 0xEE03, 0xEDE3, 0xEDE3, 0xEDE3, 0xF603, 0xEDA3,
    0xA0A1, 0xCAE2, 0xF643, 0xEDC3, 0xF5E3, 0xEDE3, 0xF623, 0xF5E3,
    0xED23, 0xF623, 0xF603, 0xEC63, 0xBB62, 0x9C05, 0xBCC9, 0x8B03,
    0x7243, 0xED62, 0xF622, 0xF602, 0xF603, 0xF623, 0xF623, 0xF643,
    0xF644, 0xF664, 0xEE03, 0xE4C2, 0xD443, 0xCC04, 0xE564, 0xC504,
    0x4922, 0x7242, 0xEE04, 0xDD04, 0xE3C4, 0xE364, 0xEC83, 0xDCA3,
    0xEEC5, 0xF684, 0xF643, 0xE3E3, 0xD5C7, 0xF7E8, 0xE6C8, 0xE624,
    0xD4E1, 0xD4C3, 0xDE44, 0xFEE2, 0xFDC1, 0x7140, 0x28C2, 0x5962,
    0x5142, 0x4942, 0x5142, 0x5142, 0x5142, 0x4942, 0x4942, 0x4922,
    0x4922, 0x4922, 0x4922, 0x4922, 0x4922, 0x4922, 0x4922, 0x4902,
    0x4102, 0x4101, 0x4101, 0x4121, 0x4101, 0x40C1, 0x3880, 0x2061,
    0x28A1, 0x38A1, 0x30A1, 0x30A1, 0x30A1, 0x3081, 0x30A1, 0x30A1,
    0x3081, 0x3081, 0x3081, 0x3081, 0x30A1, 0x30A1, 0x3081, 0x2881,
    0x2881, 0x2881, 0x2881, 0x2881, 0x2881, 0x2881, 0x2881, 0x2881,
    0x2861, 0x2861, 0x2881, 0x2861, 0x2881, 0x2881, 0x2881, 0x3081,
    0x3082, 0x3081, 0x3081, 0x3081, 0x3082, 0x3082, 0x3082, 0x30A2,
    0x3081, 0x3882, 0x3882, 0x3882, 0x38A2, 0x38A2, 0x38A2, 0x38A2,
    0x38A2, 0x38A2, 0x38A2, 0x40A2, 0x40A2, 0x40A2, 0x3882, 0x40A2,
    0xE608, 0xF70E, 0xF750, 0xF74F, 0xF74F, 0xF74F, 0xEF4F, 0xE70D,
    0xD62C, 0xCD24, 0xCD21, 0xCD42, 0xCD63, 0xCD03, 0xD5A4, 0xD5C5,
    0xDDE6, 0xDDE6, 0xC506, 0xE527, 0xEEEB, 0xEEAB, 0xEEAB, 0xEF0B,
    0xD54A, 0xC4E6, 0xB64A, 0x8D49, 0x6408, 0xB509, 0xC5C9, 0xA5A9,
    0x8D09, 0x7C68, 0x6C07, 0x6386, 0xCD06, 0xF72B, 0xEF0D, 0xEF0D,
    0xEEED, 0xEEEC, 0xE689, 0xEF0C, 0xEEEB, 0xEF0C, 0xE6EB, 0xE689,
    0xE6A8, 0xDEAB, 0xCD8A, 0xC424, 0xBB81, 0xD4E2, 0xC645, 0xA506,
    0xE58D, 0xF758, 0xFF79, 0xAD32, 0x6A21, 0x7A82, 0x5A01, 0x8961,
    0xE2C2, 0xE3E3, 0xE3C3, 0xE3C3, 0xE3C3, 0xE3E3, 0xEC22, 0xEC23,
    0xEC62, 0xECA2, 0xECC2, 0xED03, 0xDB61, 0xE524, 0xE485, 0xE3E2,
    0xE3C3, 0xE3A2, 0xEBA1, 0xE401, 0xECA1, 0xED01, 0xEDC2, 0xD322,
    0xE3C2, 0xE443, 0xE383, 0xEBC3, 0xDBA3, 0xBB62, 0xD382, 0xE4C3,
    0xE4E3, 0xEDE3, 0xEDC3, 0xEDC3, 0xEDC3, 0xEDE3, 0xEDE3, 0xF5C3,
    0xB9A1, 0xE4E2, 0xEDE3, 0xF5E3, 0xF5E3, 0xEDE3, 0xF643, 0xF5E3,
    0xE443, 0xEE03, 0xF643, 0xE443, 0x9A62, 0x8404, 0xB406, 0xB3E3,
    0xA322, 0xF5E3, 0xF5E3, 0xF602, 0xF603, 0xF603, 0xF623, 0xF643,
    0xF663, 0xF603, 0xF482, 0xC343, 0xBCA4, 0xE4E4, 0xAD24, 0x49A2,
    0x71C2, 0xDD84, 0xEE25, 0xE524, 0xE3C4, 0xEBE4, 0xEC04, 0xDCA4,
    0xD604, 0xFEC4, 0xF683, 0xF5A3, 0xEE83, 0xE5C2, 0xCB23, 0xCC04,
    0xCD24, 0xDDA5, 0xD62A, 0xDEA5, 0xD4E1, 0x79C0, 0x28C2, 0x59A2,
    0x4942, 0x5162, 0x5142, 0x5142, 0x4942, 0x4942, 0x4922, 0x4922,
    0x5162, 0x5142, 0x4922, 0x4942, 0x4922, 0x4922, 0x4922, 0x4922,
    0x4902, 0x4122, 0x4121, 0x4101, 0x4121, 0x4121, 0x40C1, 0x3080,
    0x2061, 0x28A1, 0x38A1, 0x30A1, 0x3081, 0x30A1, 0x30A1, 0x3081,
    0x3081, 0x3081, 0x3081, 0x3081, 0x3081, 0x3081, 0x3081, 0x2881,
    0x2881, 0x2881, 0x2881, 0x2881, 0x2861, 0x2881, 0x2861, 0x2881,
    0x2881, 0x2881, 0x2881, 0x2861, 0x2881, 0x2881, 0x2881, 0x3081,
    0x3082, 0x3081, 0x3082, 0x3082, 0x30A2, 0x30A2, 0x3082, 0x3082,
    0x3902, 0x4082, 0x3882, 0x3882, 0x38A2, 0x3882, 0x38A2, 0x38A2,
    0x38A2, 0x38A2, 0x38A2, 0x3882, 0x38A2, 0x40A2, 0x3882, 0x40A1,
    0xDD42, 0xF74C, 0xF74F, 0xF770, 0xF770, 0xEF50, 0xDE8E, 0xDD2A,
    0xEDA9, 0xE6A8, 0xD5E5, 0xCD02, 0xCCE2, 0xCCA1, 0xF645, 0xF74C,
    0xF72C, 0xF76F, 0xD66B, 0xD5C5, 0xEF0C, 0xEEEB, 0xEEAA, 0xEF4B,
    0x9C49, 0x5BA5, 0x3A64, 0x2923, 0x3041, 0xB3A3, 0xB64A, 0x3286,
    0xA345, 0xBCAA, 0xC48A, 0xD52C, 0xE64E, 0xEF0B, 0xEF0D, 0xEEED,
    0xF74D, 0xCE2C, 0xE609, 0xEF2D, 0xEF0C, 0xD64A, 0xC527, 0xCD25,
    0xC4E5, 0xC404, 0xC3E1, 0xC420, 0xC3C0, 0xA444, 0x83A5, 0xA3A6,
    0xF777, 0xEF3B, 0xF75A, 0xD658, 0x72A4, 0x7AC2, 0x6A42, 0x3921,
    0x7120, 0xCA61, 0xEC03, 0xE3E3, 0xE3C3, 0xE402, 0xECA2, 0xECC2,
    0xECC2, 0xECC2, 0xECE2, 0xE462, 0xE361, 0xE444, 0xEBE4, 0xE402,
    0xE3C3, 0xE3C1, 0xE3C2, 0xEC82, 0xED01, 0xE522, 0xE483, 0xE442,
    0xE3C2, 0xE3A2, 0xEBE3, 0xC342, 0x9B82, 0xBB81, 0xE382, 0xE463,
    0xEDA3, 0xEDE3, 0xEDE3, 0xEDE3, 0xEDE3, 0xEDC3, 0xEDC3, 0xEDC2,
    0xDB42, 0xEDA3, 0xEDC3, 0xEDC3, 0xEDC3, 0xEDE3, 0xF623, 0xED83,
    0xE3C3, 0xEDA3, 0xF643, 0xEBA2, 0x9181, 0x7B62, 0xB424, 0xA3E5,
    0xBC83, 0xF602, 0xF5E2, 0xF5E2, 0xF602, 0xF603, 0xF623, 0xF663,
    0xF5E3, 0xCC42, 0x5B42, 0xC421, 0xD3A2, 0x8BE4, 0x4902, 0x8262,
    0xEC44, 0xEC04, 0xF625, 0xE3A4, 0xEC24, 0xED45, 0xEC45, 0xE3E4,
    0xD4C4, 0xDE24, 0xFEC4, 0xF6E4, 0xF7E5, 0xF623, 0xF522, 0xEC42,
    0xDB63, 0xDB66, 0xCBC7, 0xC423, 0x6B01, 0x4980, 0x28C2, 0x5162,
    0x5162, 0x5162, 0x5142, 0x5142, 0x5142, 0x4922, 0x4942, 0x4922,
    0x5182, 0x5142, 0x4922, 0x4922, 0x4122, 0x4922, 0x4922, 0x4922,
    0x4922, 0x4122, 0x4122, 0x4122, 0x4122, 0x4122, 0x4121, 0x38C1,
    0x3880, 0x2061, 0x28A1, 0x30A1, 0x3081, 0x30A1, 0x30A1, 0x30A1,
    0x30A1, 0x3081, 0x3081, 0x30A1, 0x3081, 0x3081, 0x2881, 0x2881,
    0x2881, 0x2881, 0x2881, 0x2881, 0x2881, 0x2861, 0x2861, 0x2861,
    0x2861, 0x2881, 0x2881, 0x2881, 0x2881, 0x2881, 0x2881, 0x3081,
    0x2882, 0x3082, 0x3081, 0x3082, 0x30A2, 0x30A2, 0x3081, 0x3082,
    0x30A2, 0x3081, 0x3882, 0x3882, 0x3882, 0x3882, 0x38A2, 0x38A2,
    0x38A1, 0x40A2, 0x38A2, 0x4942, 0x4882, 0x38A2, 0x3882, 0x3882,
    0xB401, 0xE6A9, 0xDE6D, 0xDDEB, 0xDE6D, 0xD5AA, 0xDD06, 0xF668,
    0xEF0B, 0xF70C, 0xDE6B, 0xCCE3, 0xCD01, 0xCCE1, 0xEEA9, 0xF771,
    0xEF2F, 0xF72E, 0xDEEF, 0xC585, 0xD567, 0xE66C, 0xEF0C, 0xAD6C,
    0x4164, 0x5161, 0x7201, 0x59C0, 0x6160, 0xD566, 0xAE0A, 0x41A3,
    0xDD4B, 0xEF57, 0xDF16, 0xBE57, 0xBD73, 0xEECC, 0xF72D, 0xF72D,
    0xCE6D, 0xCBC6, 0xEE27, 0xE6AB, 0xD60A, 0xCDA6, 0xC4A3, 0xC3E0,
    0xC3E1, 0xC400, 0xC420, 0xC421, 0xCC20, 0xAC23, 0x72A3, 0x9BE7,
    0xEED5, 0xEF19, 0xF73A, 0xFFDC, 0x7C0D, 0x6A21, 0x7262, 0x7241,
    0x6201, 0x69C1, 0xAA61, 0xE3E3, 0xEC03, 0xE3C3, 0xE3E2, 0xE422,
    0xE482, 0xECC2, 0xED22, 0xE3C2, 0xE3C1, 0xECE2, 0xE3C2, 0xE3C3,
    0xE3C2, 0xE3C2, 0xE442, 0xE441, 0xE402, 0xE3C3, 0xE3A2, 0xEBA3,
    0xE3E3, 0xD382, 0x8AA2, 0x5A61, 0x9423, 0xD322, 0xE3A2, 0xE443,
    0xEDE3, 0xEDE3, 0xEDE3, 0xEDE3, 0xEDE3, 0xEDE3, 0xEDA3, 0xEDE3,
    0xE482, 0xED82, 0xEDC2, 0xEDA3, 0xEDA2, 0xEDA3, 0xF623, 0xED23,
    0xE382, 0xED83, 0xF623, 0xE362, 0xAAA1, 0x9402, 0xA3E4, 0xAB64,
    0xD3C2, 0xF603, 0xEDC2, 0xEDE3, 0xF623, 0xF603, 0xFE43, 0xF5E3,
    0xCC22, 0x6A81, 0x6264, 0xCEAC, 0x7BA2, 0x4902, 0x8323, 0xDE05,
    0xCC84, 0xD4A5, 0xD424, 0xE424, 0xFF25, 0xFDC5, 0xEC44, 0xEC04,
    0xED04, 0xDCE4, 0xD543, 0xEF07, 0xFF27, 0xF643, 0xF664, 0xF643,
    0xF623, 0xF523, 0xEC22, 0xE2A1, 0xB201, 0x61E1, 0x2081, 0x5982,
    0x5142, 0x5162, 0x5962, 0x5162, 0x4942, 0x4942, 0x5142, 0x5142,
    0x5122, 0x4922, 0x4922, 0x4922, 0x4922, 0x4922, 0x4122, 0x4922,
    0x4122, 0x4122, 0x4122, 0x4122, 0x4142, 0x4122, 0x4122, 0x4121,
    0x40E1, 0x3881, 0x2061, 0x28A1, 0x38A1, 0x30A1, 0x30A1, 0x3081,
    0x3081, 0x3081, 0x3081, 0x3081, 0x3081, 0x3081, 0x2881, 0x3081,
    0x2881, 0x2861, 0x2881, 0x2881, 0x2861, 0x2861, 0x2861, 0x2861,
    0x2881, 0x2881, 0x2881, 0x2881, 0x2881, 0x2881, 0x2881, 0x2881,
    0x2881, 0x3082, 0x3081, 0x3082, 0x30A2, 0x30A2, 0x30A2, 0x30A2,
    0x3082, 0x3081, 0x3882, 0x3882, 0x3882, 0x3882, 0x3882, 0x38A2,
    0x38A2, 0x38A2, 0x40A2, 0x38E2, 0x38A2, 0x40A2, 0x3882, 0x3882,
    0xA125, 0xA323, 0xBD62, 0xE5C2, 0xEDC3, 0xF665, 0xF749, 0xEF2C,
    0xEF0D, 0xEF2C, 0xCE0B, 0xCCE2, 0xCD22, 0xCCE2, 0xD523, 0xEECC,
    0xEEEE, 0xDECD, 0xCE0C, 0xDE05, 0xCCE7, 0xC404, 0xC4E5, 0xB3C4,
    0xB381, 0x9B42, 0xAB83, 0xCDEA, 0x62E8, 0xCD06, 0xBE2A, 0x6AA4,
    0xD5CD, 0xBE57, 0xA4F2, 0xA3CA, 0xA385, 0xBCE7, 0xDE4C, 0xE72D,
    0xC429, 0xD505, 0xE6C9, 0xDE48, 0xC445, 0xCD64, 0xCC62, 0xC3E0,
    0xCC20, 0xCC40, 0xC401, 0xCC21, 0xB3E0, 0xAC45, 0xA3A5, 0x7283,
    0xD5D1, 0xEE95, 0xD6D8, 0x7D9A, 0x52AC, 0x6A20, 0x6A42, 0x6A41,
    0x6A41, 0x6A41, 0x6201, 0x8221, 0xCB63, 0xEC23, 0xE423, 0xE403,
    0xE3E3, 0xE402, 0xE4A2, 0xDBA2, 0xE3C1, 0xED02, 0xE3A2, 0xE3E3,
    0xE422, 0xE422, 0xE3C2, 0xE3C3, 0xDBA3, 0xE383, 0xE3A2, 0xCBE2,
    0x7AA2, 0x8322, 0x8362, 0x4A81, 0x7242, 0xE322, 0xE3C3, 0xE442,
    0xEDC3, 0xEDE3, 0xEDE3, 0xEDE3, 0xEDE3, 0xEDC2, 0xED82, 0xEDC3,
    0xE4E2, 0xED82, 0xEDA2, 0xEDA2, 0xEDA2, 0xEDC3, 0xF623, 0xE483,
    0xE3A2, 0xEDE3, 0xED63, 0xEB83, 0xB3C2, 0x8422, 0xA384, 0xE483,
    0xF582, 0xEDA3, 0xEDA2, 0xF5A3, 0xFE03, 0xFE63, 0xE5E3, 0xA442,
    0x8463, 0x7B61, 0x8CAF, 0x62CD, 0x48C2, 0x5963, 0x62A4, 0x51A3,
    0x5223, 0x5223, 0x5A83, 0x62E3, 0x7CC5, 0x9D84, 0xC3C4, 0xED04,
    0xFD05, 0xF624, 0xE464, 0xEC46, 0xEE44, 0xF664, 0xF643, 0xF623,
    0xF5E3, 0xF623, 0xFEC3, 0xF5A2, 0xF362, 0xC180, 0x30C1, 0x5162,
    0x5162, 0x59C2, 0x5162, 0x4942, 0x4942, 0x4942, 0x5142, 0x5162,
    0x5162, 0x5142, 0x4921, 0x4922, 0x4922, 0x4922, 0x4922, 0x4922,
    0x4922, 0x4142, 0x4142, 0x4142, 0x4142, 0x4142, 0x4142, 0x4142,
    0x4122, 0x40E1, 0x38A1, 0x2061, 0x28A1, 0x38A1, 0x30A1, 0x3081,
    0x30A1, 0x3081, 0x3081, 0x3081, 0x3081, 0x3081, 0x2881, 0x3081,
    0x3081, 0x2861, 0x2881, 0x2881, 0x2881, 0x2861, 0x2861, 0x2861,
    0x2861, 0x2881, 0x2881, 0x2881, 0x2881, 0x2881, 0x2881, 0x2881,
    0x2881, 0x3082, 0x3081, 0x3082, 0x30A2, 0x30A2, 0x30A2, 0x30A2,
    0x30A2, 0x3082, 0x3881, 0x3882, 0x3882, 0x3882, 0x3882, 0x3882,
    0x3882, 0x3882, 0x4082, 0x4082, 0x40A2, 0x40A2, 0x3882, 0x3882,
    0xC907, 0xD8E7, 0xB9A4, 0xBCA7, 0xE74C, 0xFFAE, 0xE70E, 0xD62C,
    0xD5E8, 0xD5E9, 0xCD44, 0xCD21, 0xCD02, 0xD521, 0xD561, 0xD606,
    0xD629, 0xDE09, 0xE667, 0xCE49, 0xD5A6, 0xEE45, 0xE5E6, 0xDD83,
    0xDD22, 0xD480, 0xCC02, 0xBDF3, 0x5AF0, 0xC4C4, 0xC64B, 0x5B65,
    0x9C4D, 0xA42C, 0xA3A5, 0xA405, 0xA426, 0x7B46, 0x9243, 0xCC87,
    0xE5A8, 0xC4E5, 0xC423, 0xBC45, 0xC4C2, 0xCD64, 0xD564, 0xDDC4,
    0xDE04, 0xCD25, 0xC3E1, 0xC420, 0xAC01, 0xE5AD, 0xF715, 0xD58E,
    0xD5AF, 0xCE94, 0xB593, 0x7AC9, 0x3100, 0x5A02, 0x7261, 0x6A41,
    0x6A41, 0x6A41, 0x7281, 0x5201, 0x3101, 0x9222, 0xD2E2, 0xDB62,
    0xEC82, 0xECA3, 0xECC3, 0xECC2, 0xDB41, 0xECC2, 0xEBE2, 0xECA2,
    0xF501, 0xECC1, 0xE402, 0xE382, 0xEC02, 0xE4E2, 0xCCE2, 0x6302,
    0x72A1, 0x9C22, 0x9C23, 0x31E1, 0xA201, 0xEB82, 0xE3C3, 0xE422,
    0xEDC3, 0xEDE3, 0xEDE3, 0xEE03, 0xEDE3, 0xF5A2, 0xED82, 0xED82,
    0xED82, 0xED82, 0xED82, 0xEDA2, 0xED82, 0xEDC2, 0xF623, 0xE402,
    0xE402, 0xEE03, 0xE463, 0xEBA2, 0xCC63, 0xC4C2, 0xE4E2, 0xEDA2,
    0xED82, 0xFDA2, 0xFDE2, 0xEE03, 0xC5C3, 0x93E2, 0x6242, 0x5242,
    0x51C2, 0x5182, 0x40A3, 0x6161, 0x9283, 0x9A83, 0xAAE3, 0xB363,
    0xA222, 0xAB03, 0xA242, 0x9A02, 0x8182, 0x6142, 0x5163, 0x6B24,
    0xB5A5, 0xECE4, 0xFF04, 0xEC24, 0xCC64, 0xF6A4, 0xF643, 0xF623,
    0xF623, 0xF5E4, 0xF603, 0xF5E3, 0xF603, 0xF382, 0x5081, 0x3942,
    0x5983, 0x4982, 0x4942, 0x4942, 0x4942, 0x5142, 0x5162, 0x5162,
    0x5142, 0x4921, 0x4921, 0x4922, 0x4942, 0x4922, 0x4922, 0x4942,
    0x4942, 0x4942, 0x4942, 0x4142, 0x4942, 0x4142, 0x4142, 0x4142,
    0x4142, 0x4122, 0x40E1, 0x38A1, 0x2061, 0x28A1, 0x38A1, 0x3081,
    0x30A1, 0x3081, 0x3081, 0x3081, 0x3081, 0x3081, 0x3081, 0x3081,
    0x3081, 0x3061, 0x2881, 0x2881, 0x2881, 0x2861, 0x2881, 0x2881,
    0x2881, 0x2881, 0x2881, 0x2861, 0x2881, 0x2881, 0x2881, 0x2881,
    0x3081, 0x3082, 0x3081, 0x3082, 0x30A2, 0x30A2, 0x30A2, 0x30A2,
    0x30A2, 0x3082, 0x38A2, 0x38A2, 0x38A2, 0x38A2, 0x38A2, 0x38A2,
    0x3882, 0x3882, 0x3882, 0x40A2, 0x4082, 0x3882, 0x3882, 0x3882,
    0xC926, 0xD967, 0xE968, 0xE108, 0xC268, 0xBDAC, 0xCE0A, 0xD523,
    0xCD02, 0xDD21, 0xD541, 0xCD42, 0xD5C3, 0xD5E4, 0xDE05, 0xD5E5,
    0xCD85, 0xD546, 0xCE09, 0xD5A5, 0xEE45, 0xF74E, 0xF770, 0xF74F,
    0xF72D, 0xEEEC, 0xF6A8, 0xCD68, 0x8A05, 0xC566, 0xCE4A, 0x5BA7,
    0x8203, 0xB465, 0x9C06, 0x8346, 0x7284, 0x7243, 0x7242, 0xA1E2,
    0xE587, 0xE6A8, 0xD482, 0xD481, 0xD462, 0xCC62, 0xCC42, 0xCCA4,
    0xCC84, 0xCC22, 0xC400, 0xBC40, 0xB4C8, 0xFF78, 0xF75A, 0xFF7A,
    0xDEF6, 0x8C50, 0xE5B0, 0xEF14, 0x5AA6, 0x3961, 0x6A41, 0x7261,
    0x6A61, 0x6A61, 0x5A41, 0x5A01, 0x30E1, 0x5181, 0x6201, 0x9A61,
    0xAA61, 0xBAA1, 0xD342, 0xDBE2, 0xD241, 0xEC81, 0xF501, 0xF521,
    0xD461, 0xBBC1, 0xC421, 0xDD22, 0xA502, 0xA4A2, 0xCE67, 0x8BC3,
    0x83A2, 0x83E3, 0x5B62, 0x3A01, 0x9AE2, 0xE362, 0xE3C3, 0xE442,
    0xEDC3, 0xEDC3, 0xEE03, 0xE503, 0xED22, 0xEDC2, 0xED82, 0xED62,
    0xED82, 0xED82, 0xED82, 0xED62, 0xED62, 0xEDC3, 0xEE03, 0xE402,
    0xE3E3, 0xE483, 0xE3C2, 0xE3A2, 0xED24, 0xF5A2, 0xF582, 0xFDA2,
    0xEDC2, 0xBD62, 0x8C42, 0x5AC2, 0x4182, 0x48E2, 0x4942, 0x4922,
    0x5942, 0x48E2, 0x9322, 0xE583, 0xE4A3, 0xFE84, 0xF6E5, 0xFEC5,
    0xED43, 0xF505, 0xF421, 0xEDC4, 0xFEA4, 0xED63, 0xCBE2, 0x91C2,
    0x51E3, 0x6AE4, 0xD644, 0xFE84, 0xD343, 0xD584, 0xF683, 0xF603,
    0xF603, 0xF603, 0xF603, 0xF5E2, 0xF5E3, 0xFE03, 0x9921, 0x38E2,
    0x5162, 0x4942, 0x4942, 0x4942, 0x5162, 0x5142, 0x4962, 0x4942,
    0x4942, 0x4921, 0x5142, 0x4942, 0x4921, 0x4922, 0x4922, 0x4942,
    0x4942, 0x4942, 0x4942, 0x4942, 0x4942, 0x4942, 0x4142, 0x4142,
    0x4142, 0x4122, 0x4102, 0x40E1, 0x3881, 0x2061, 0x28A1, 0x38A1,
    0x3081, 0x3081, 0x3081, 0x3081, 0x3081, 0x3081, 0x3081, 0x3081,
    0x3081, 0x2861, 0x2881, 0x2881, 0x2861, 0x2881, 0x2861, 0x2881,
    0x2881, 0x2881, 0x2881, 0x2861, 0x2881, 0x2881, 0x2881, 0x2881,
    0x3081, 0x3082, 0x3082, 0x3082, 0x30A2, 0x30A2, 0x30A2, 0x30A2,
    0x30A2, 0x3082, 0x3882, 0x38A2, 0x38A2, 0x38A2, 0x38A2, 0x38A2,
    0x38A2, 0x38A2, 0x40A2, 0x3882, 0x3882, 0x3882, 0x3882, 0x38A2,
    0xB8E6, 0xD907, 0xE987, 0xF1E8, 0xF948, 0xD968, 0xB325, 0xC562,
    0xDD82, 0xE645, 0xE668, 0xD5E7, 0xD5E6, 0xD5E6, 0xDE05, 0xD645,
    0xDE05, 0xE625, 0xE625, 0xE607, 0xEF0C, 0xEF0E, 0xEF0F, 0xEF2F,
    0xF72F, 0xF72F, 0xF730, 0xEF91, 0xB407, 0xB3E4, 0xCE6A, 0x5388,
    0x9282, 0x9406, 0x72A5, 0x7223, 0x7A22, 0x7A42, 0x7223, 0x9AA2,
    0xAB82, 0xB547, 0xC485, 0xE6A7, 0xE6C7, 0x9D26, 0xA381, 0xBC00,
    0xA3C0, 0xAB80, 0xC4A3, 0xBD07, 0xAC67, 0xBDB5, 0xCEB9, 0xD6FA,
    0x7558, 0x8349, 0xDF35, 0x9576, 0x72E8, 0x4980, 0x49A2, 0x6A61,
    0x7261, 0x6A42, 0x6A41, 0x6241, 0x3921, 0x7242, 0x6A62, 0x7B83,
    0x7323, 0x72E2, 0x9363, 0xCD46, 0xD425, 0xEBE1, 0xCCA1, 0x72C1,
    0x41A1, 0x4201, 0x52A2, 0x8464, 0x62C2, 0xAD26, 0x6BE7, 0x52C3,
    0x6AA1, 0x4A82, 0x10E1, 0x1940, 0x39C1, 0xDB62, 0xE3E3, 0xE3C2,
    0xED62, 0xEDE3, 0xEDA3, 0xE383, 0xED03, 0xED83, 0xED42, 0xED62,
    0xED62, 0xED62, 0xED62, 0xED82, 0xED62, 0xED62, 0xEDA2, 0xE422,
    0xE3A3, 0xE3C2, 0xE3E2, 0xE3A2, 0xF4E2, 0xF5A2, 0xD562, 0x9482,
    0x5AE2, 0x4982, 0x40C2, 0x5102, 0x7A22, 0x5A01, 0x4181, 0x4922,
    0x6162, 0xC482, 0xEDA4, 0xDBE3, 0xEE24, 0xDD84, 0xE5C4, 0xF685,
    0xEEC5, 0xDC05, 0xE323, 0xDDA5, 0xF746, 0xF725, 0xFF65, 0xF3A4,
    0xDB82, 0x89A2, 0x5263, 0xBEA4, 0xFD43, 0xCB43, 0xE643, 0xF623,
    0xF603, 0xF603, 0xF603, 0xF5E2, 0xEDC2, 0xF623, 0xB1E3, 0x6081,
    0x4962, 0x5142, 0x4942, 0x4942, 0x4942, 0x4942, 0x4942, 0x4922,
    0x4942, 0x5142, 0x4942, 0x4922, 0x4921, 0x4922, 0x4922, 0x4942,
    0x4942, 0x4942, 0x4942, 0x4942, 0x4942, 0x4942, 0x4142, 0x4142,
    0x4142, 0x4122, 0x4962, 0x5142, 0x40C1, 0x3881, 0x2061, 0x28A1,
    0x30A1, 0x3081, 0x3081, 0x3081, 0x3081, 0x3081, 0x3081, 0x3081,
    0x2881, 0x38A1, 0x3081, 0x2881, 0x2861, 0x2881, 0x2861, 0x2881,
    0x2881, 0x2881, 0x2861, 0x2861, 0x2881, 0x28A1, 0x2881, 0x2881,
    0x3081, 0x3082, 0x3081, 0x3082, 0x30A2, 0x30A2, 0x30A2, 0x30A2,
    0x30A2, 0x3082, 0x3882, 0x38A2, 0x3882, 0x38A2, 0x38A2, 0x38A2,
    0x38A1, 0x38A2, 0x38A2, 0x40A2, 0x40A2, 0x40A2, 0x3882, 0x38A2,
    0xAC29, 0xB289, 0xD168, 0xF1A7, 0xF1A9, 0xF9A8, 0xF1A9, 0xC207,
    0xC523, 0xEE46, 0xDDE7, 0xD627, 0xDDE6, 0xC645, 0xA526, 0xDC44,
    0xEEEA, 0xEEEC, 0xE6EC, 0xCD29, 0xDE0A, 0xEF0D, 0xEF50, 0xEF4F,
    0xEF2F, 0xEF2F, 0xEF0E, 0xF70F, 0xE730, 0xB365, 0xB5A8, 0x3246,
    0xA2E3, 0x7B26, 0x7202, 0x7A42, 0x7A42, 0x7243, 0x8242, 0xACA5,
    0xDD8D, 0xDDD1, 0xD5AE, 0xBD8A, 0x8406, 0x69E2, 0x7A21, 0x7A62,
    0x8A41, 0xC443, 0xCD47, 0xCCE6, 0xE5C7, 0xE630, 0xCDD2, 0xC593,
    0x5269, 0x5A23, 0x7BCF, 0x6204, 0x7241, 0x6A21, 0x4182, 0x49C1,
    0x7261, 0x7262, 0x6A62, 0x7AA2, 0x3961, 0x59A2, 0x8B03, 0x7B63,
    0x8343, 0x7B63, 0x6324, 0x8487, 0xB589, 0xCC43, 0x6C03, 0x2920,
    0x49C1, 0x3962, 0x49C1, 0x5283, 0x72C2, 0x7B64, 0x51E1, 0x7AA1,
    0x7342, 0x6A81, 0x51C0, 0x3940, 0x4180, 0xBB42, 0xEC02, 0xE3A3,
    0xE4C2, 0xEE03, 0xE4C2, 0xE3A3, 0xED22, 0xED42, 0xED42, 0xE4A2,
    0xCBE2, 0xE522, 0xED42, 0xE482, 0xE4E2, 0xED62, 0xE462, 0xE3C2,
    0xE3C2, 0xE3C3, 0xF3E3, 0xEC23, 0xC522, 0x7BE2, 0x4A02, 0x40E2,
    0x38A2, 0x4942, 0x4921, 0x5A62, 0x9CE3, 0x51A1, 0x50C2, 0x92A2,
    0xED83, 0xE503, 0xDBA3, 0xF664, 0xDD24, 0xDCC3, 0xEE44, 0xF6C5,
    0xDD84, 0xE402, 0xE3C4, 0xE3C5, 0xED85, 0xEEC5, 0xECC5, 0xEBA5,
    0xFEE5, 0xFE64, 0xBA42, 0x62C4, 0xCEE4, 0xF3E2, 0xCC22, 0xF643,
    0xF5E3, 0xF5E3, 0xF603, 0xF5E3, 0xED82, 0xFE02, 0xAA63, 0x8042,
    0x5141, 0x5142, 0x4942, 0x4942, 0x4922, 0x4942, 0x4942, 0x4942,
    0x5162, 0x5142, 0x4922, 0x5141, 0x5122, 0x4922, 0x4942, 0x4942,
    0x4922, 0x4922, 0x4922, 0x4942, 0x4942, 0x4942, 0x4942, 0x4122,
    0x4122, 0x4122, 0x4142, 0x4122, 0x4101, 0x40C1, 0x3880, 0x2061,
    0x28A1, 0x38A1, 0x3081, 0x3081, 0x3081, 0x30A1, 0x3081, 0x3061,
    0x28A1, 0x3921, 0x3061, 0x2861, 0x2861, 0x2861, 0x2861, 0x2881,
    0x2881, 0x2881, 0x2861, 0x2881, 0x2881, 0x28A1, 0x2881, 0x2881,
    0x3081, 0x3082, 0x3082, 0x3082, 0x30A2, 0x30A2, 0x30A2, 0x30A2,
    0x3082, 0x3082, 0x3882, 0x3882, 0x3882, 0x3882, 0x3882, 0x3882,
    0x3882, 0x38A2, 0x38A2, 0x38A2, 0x40A2, 0x4082, 0x3882, 0x38A2,
    0xAD84, 0xA527, 0x9BE9, 0xB2E9, 0xE1A9, 0xF969, 0xF9E8, 0xF98A,
    0xD1A9, 0xBBA8, 0xFDC6, 0xD5A4, 0x94E6, 0x52E6, 0xB1E3, 0xF564,
    0xEF0D, 0xF6CC, 0xEF0E, 0xD608, 0xDD65, 0xDE09, 0xE5EB, 0xEEAD,
    0xF72F, 0xF74F, 0xF770, 0xF750, 0xFF8F, 0xE58A, 0x8BA5, 0x39A4,
    0xA383, 0x72E5, 0x7222, 0x7263, 0x7A62, 0x7202, 0xA3A3, 0xAD07,
    0xEEB6, 0xEF5A, 0xF75A, 0xF739, 0xEE54, 0xACAB, 0x5203, 0x51A2,
    0x6AA3, 0x8446, 0x8C46, 0x9D07, 0xBE94, 0xC6B8, 0xCEB7, 0xFFB8,
    0x8511, 0x4101, 0x7A41, 0x6A61, 0x7261, 0x7261, 0x6A21, 0x49C2,
    0x49E1, 0x6A62, 0x7262, 0x72C2, 0x39E2, 0x3901, 0x8343, 0x8383,
    0x83A4, 0x4AE3, 0x6282, 0x9323, 0x9AE4, 0xCBE7, 0x8264, 0x3981,
    0x3962, 0x69A1, 0x7241, 0x7221, 0xB484, 0x8C45, 0x5221, 0x6303,
    0x39E2, 0x62A1, 0x6AC1, 0x6A61, 0x5AA1, 0x9B02, 0xEC03, 0xE3A2,
    0xE442, 0xED82, 0xE402, 0xE3E3, 0xED22, 0xED42, 0xED02, 0xD3A2,
    0x9AE1, 0xECE2, 0xE482, 0xE383, 0xE3C2, 0xE442, 0xE3A2, 0xE3C2,
    0xEBC2, 0xEC03, 0xBBE3, 0x6AC2, 0x3962, 0x40A2, 0x3081, 0x4A02,
    0x51C1, 0xA383, 0x9321, 0x4181, 0x4143, 0x6982, 0xCC42, 0xFE63,
    0xF603, 0xD383, 0xEE64, 0xE583, 0xD422, 0xDD63, 0xF6C4, 0xE625,
    0xDCC4, 0xEC23, 0xE506, 0xDCA8, 0xE448, 0xEBC9, 0xEC49, 0xFEA9,
    0xF6C8, 0xF6E8, 0xFD88, 0xDC07, 0x6BC8, 0xDE67, 0xDB87, 0xE5E5,
    0xF603, 0xEDC2, 0xF5E2, 0xF5C3, 0xEDC3, 0xFE02, 0xB2E3, 0x8823,
    0x6901, 0x4942, 0x5142, 0x5122, 0x5142, 0x4942, 0x4942, 0x5162,
    0x5142, 0x4921, 0x5162, 0x5962, 0x5122, 0x4922, 0x4942, 0x4921,
    0x4922, 0x4922, 0x4922, 0x4922, 0x4922, 0x4922, 0x4922, 0x4122,
    0x4122, 0x4122, 0x4101, 0x4102, 0x4101, 0x4101, 0x40C1, 0x3880,
    0x2061, 0x28A1, 0x38A1, 0x3081, 0x3081, 0x3081, 0x3081, 0x3081,
    0x3081, 0x2861, 0x2881, 0x2861, 0x2881, 0x2881, 0x2861, 0x2881,
    0x2881, 0x2881, 0x2861, 0x2881, 0x3061, 0x2881, 0x2881, 0x2881,
    0x3081, 0x3082, 0x3082, 0x3082, 0x30A2, 0x3082, 0x3082, 0x30A2,
    0x30A2, 0x30A2, 0x3882, 0x38A2, 0x38A2, 0x38A2, 0x38A2, 0x38A2,
    0x38A2, 0x3882, 0x38A2, 0x38A2, 0x38A2, 0x40A2, 0x3882, 0x38A2,
    0x9C04, 0xA3E3, 0xA444, 0x9C86, 0x9BCB, 0xCA2A, 0xF968, 0xF9C8,
    0xF9AA, 0xD148, 0xAD27, 0x85EC, 0x6AE9, 0x9B23, 0xD402, 0xE72A,
    0xDF2D, 0xCEED, 0xB66D, 0x9D87, 0x9D85, 0x9525, 0x8C67, 0x7B88,
    0x7368, 0x73A8, 0x73A8, 0x7388, 0x84A9, 0x9DAC, 0x6AC6, 0x5941,
    0xAC25, 0x7284, 0x7242, 0x7A63, 0x7263, 0x8A42, 0xACC5, 0xD56B,
    0xF738, 0xF75A, 0xF75A, 0xEF3A, 0xFF9B, 0xBEBA, 0x2986, 0x61A1,
    0x8A62, 0x7A22, 0x7241, 0x6A84, 0x6A69, 0x72A9, 0x5228, 0x63F0,
    0x42CE, 0x4941, 0x6A21, 0x7241, 0x6A41, 0x7241, 0x7261, 0x6A41,
    0x5202, 0x5202, 0x6A62, 0x7AC2, 0x51E2, 0x30E1, 0x8303, 0x83A4,
    0x7344, 0x91C2, 0xCA22, 0xD203, 0xF2C2, 0xAAE2, 0x3981, 0x59E2,
    0xB341, 0xC981, 0xC2E3, 0xBDA6, 0x94C7, 0x9BE4, 0x6282, 0x82C2,
    0x5A21, 0x6241, 0x7322, 0x4241, 0x6B60, 0x7AE1, 0xEBE3, 0xE3A2,
    0xE402, 0xE502, 0xE3A2, 0xE3E2, 0xED22, 0xED22, 0xEC42, 0xAB21,
    0x9300, 0xED02, 0xE3E2, 0xE3C3, 0xE3E2, 0xE3A2, 0xEBC2, 0xF402,
    0xC3E3, 0x6AC2, 0x3942, 0x38A2, 0x61A2, 0x8B02, 0x7240, 0x49A1,
    0x5262, 0x8BA5, 0x49A3, 0x5902, 0xAB02, 0xFDA2, 0xFE63, 0xFE43,
    0xE442, 0xF503, 0xFEC4, 0xF5C4, 0xE485, 0xF607, 0xEE48, 0xDD28,
    0xE466, 0xE446, 0xDCC5, 0xE485, 0xE5C5, 0xFE66, 0xFF08, 0xF6E4,
    0xF685, 0xF6A4, 0xE484, 0xFEA4, 0xC322, 0x7CC4, 0xEC24, 0xD486,
    0xF647, 0xEDC6, 0xEDC3, 0xED82, 0xED63, 0xF602, 0xCB62, 0x8824,
    0x90A2, 0x4941, 0x5142, 0x5142, 0x5142, 0x5142, 0x4942, 0x5142,
    0x4922, 0x5162, 0x61E2, 0x5982, 0x4922, 0x4922, 0x5142, 0x4922,
    0x4921, 0x4922, 0x4922, 0x4922, 0x4922, 0x4922, 0x4922, 0x4122,
    0x4122, 0x4122, 0x4102, 0x4101, 0x4101, 0x40E1, 0x40E1, 0x40E1,
    0x3880, 0x2061, 0x28A1, 0x3081, 0x3081, 0x3081, 0x3081, 0x3081,
    0x3081, 0x3081, 0x3081, 0x2861, 0x2861, 0x2861, 0x2861, 0x2881,
    0x2881, 0x2861, 0x2881, 0x2861, 0x30C1, 0x40C1, 0x2881, 0x2881,
    0x3081, 0x3082, 0x3082, 0x3082, 0x30A2, 0x30A2, 0x30A2, 0x30A2,
    0x30A2, 0x30A1, 0x3882, 0x38A2, 0x38A2, 0x38A2, 0x38A2, 0x38A2,
    0x38A2, 0x38A2, 0x3882, 0x38A2, 0x38A2, 0x38A2, 0x3882, 0x38A2,
    0xACA4, 0xACA4, 0xACA4, 0xACC4, 0xB505, 0xA569, 0xA3EC, 0xE1CA,
    0xF9A9, 0xF9CA, 0x9108, 0x4A24, 0x62C7, 0x5A64, 0x5A23, 0x3A67,
    0x29E6, 0x21A6, 0x2124, 0x3942, 0x3902, 0x38E2, 0x3923, 0x38E3,
    0x38C3, 0x38A2, 0x38A1, 0x38A1, 0x38A2, 0x30E3, 0x3903, 0x3901,
    0x4204, 0x6A43, 0x7A63, 0x7263, 0x7203, 0xAB83, 0xAD27, 0xD5B0,
    0xE6B6, 0xEF3A, 0xEF5A, 0xEF5A, 0xF73A, 0xDEF8, 0x6268, 0xAB62,
    0xBD26, 0xBCC4, 0xEE8D, 0xEEB3, 0xEE4F, 0xE62E, 0xDDAE, 0x82E5,
    0x5140, 0x4182, 0x4161, 0x6201, 0x7241, 0x7241, 0x7241, 0x7A81,
    0x6A62, 0x5A82, 0x6282, 0x5A42, 0x41C2, 0x4101, 0x8343, 0x9B24,
    0xC182, 0xE222, 0xE3C2, 0xFD62, 0xAD83, 0x3AA2, 0x59A2, 0xDC42,
    0xED63, 0xD242, 0x8242, 0x5345, 0x62A3, 0x9CC6, 0x5A82, 0x7BE4,
    0x6B44, 0x5A81, 0x3A22, 0x2940, 0x31E0, 0x4A01, 0xE3E3, 0xE3C2,
    0xE3E2, 0xE442, 0xE3C3, 0xE402, 0xED02, 0xE4A2, 0xEBC3, 0x82E0,
    0x8320, 0xE442, 0xE3A2, 0xE403, 0xE403, 0xF3E3, 0xD403, 0x7322,
    0x3142, 0x38A1, 0x5162, 0x5221, 0x7362, 0x7BA2, 0x7BC2, 0x7301,
    0x4982, 0x5142, 0x8A61, 0xDD01, 0xEE02, 0xDE03, 0xD604, 0xABC5,
    0xAC26, 0xB5C7, 0xB5C5, 0xAC24, 0xB4C5, 0xC625, 0xC525, 0xE5A3,
    0xEC21, 0xECC2, 0xECA2, 0xEC42, 0xECE3, 0xF6C6, 0xF6C6, 0xF605,
    0xF6C5, 0xF5C4, 0xEC44, 0xEEA4, 0xFE23, 0x9BA2, 0xC542, 0xDAE1,
    0xDDE2, 0xF604, 0xEDA6, 0xEDC4, 0xED42, 0xF5A2, 0xD3A2, 0x8044,
    0xA083, 0x7102, 0x4982, 0x5142, 0x5122, 0x5142, 0x5142, 0x4941,
    0x4942, 0x59C3, 0x59C2, 0x5141, 0x4922, 0x4942, 0x4921, 0x4922,
    0x4921, 0x4901, 0x4901, 0x4921, 0x4922, 0x4922, 0x4122, 0x4902,
    0x4102, 0x4102, 0x4101, 0x4102, 0x4101, 0x4101, 0x4101, 0x4101,
    0x40E1, 0x3880, 0x2061, 0x28A1, 0x3881, 0x3081, 0x3081, 0x3081,
    0x3081, 0x3081, 0x2881, 0x3061, 0x3061, 0x3061, 0x2861, 0x2881,
    0x2881, 0x2861, 0x2881, 0x3061, 0x28A1, 0x30C1, 0x2881, 0x2881,
    0x3081, 0x3082, 0x3082, 0x3081, 0x30A2, 0x30A1, 0x30A1, 0x30A1,
    0x30A2, 0x30A2, 0x3082, 0x3882, 0x48A2, 0x40A1, 0x38A2, 0x38A2,
    0x38A1, 0x38A2, 0x38A2, 0x3882, 0x38A2, 0x38A2, 0x3882, 0x3882,
    0x7BC5, 0x7324, 0x62C4, 0x62C5, 0x6286, 0x6225, 0x6205, 0x932A,
    0xD24B, 0xF988, 0xF1C9, 0x7105, 0x6923, 0x6924, 0x6942, 0x6102,
    0x3061, 0x2881, 0x2062, 0x40C2, 0x5943, 0x5143, 0x5942, 0x5942,
    0x5143, 0x5163, 0x5163, 0x5163, 0x5143, 0x5142, 0x4942, 0x4923,
    0x40E2, 0x30E1, 0x6A22, 0x7283, 0x8222, 0xC505, 0xB5A8, 0xAD2E,
    0xEEB5, 0xEED6, 0xEF3A, 0xEF3A, 0xF779, 0xC6B8, 0x9C2C, 0xC4C6,
    0xD5AD, 0xCD6C, 0xB592, 0xDED7, 0xDED6, 0xE6F8, 0xBE34, 0x8C08,
    0x7242, 0x69E1, 0x5181, 0x4161, 0x59E1, 0x7261, 0x6A81, 0x4222,
    0x3161, 0x3101, 0x5262, 0x6283, 0x5161, 0x8AE2, 0xB2A3, 0xC942,
    0xE362, 0xF5C3, 0xF643, 0x9D23, 0x4282, 0x6162, 0xDB22, 0xECC2,
    0xE482, 0xF582, 0xB2E1, 0x61E1, 0x9BC3, 0xC506, 0x8B83, 0x5222,
    0x5201, 0x39A1, 0x3980, 0x49E0, 0x39A0, 0x5220, 0xD3E2, 0xE3E3,
    0xE3E3, 0xE3E3, 0xE3C3, 0xE442, 0xED02, 0xEC02, 0xB382, 0x6AA0,
    0x6AA0, 0xC3A2, 0xE3C2, 0xEC03, 0xE443, 0x9362, 0x39A2, 0x3082,
    0x5961, 0x8B02, 0x5A21, 0x51C0, 0x5AA1, 0x5AA1, 0x3941, 0x4922,
    0x4922, 0x6AE2, 0x8423, 0x73E5, 0x6B46, 0x62C7, 0x6267, 0x61C5,
    0x59C4, 0x5983, 0x5982, 0x5942, 0x5A02, 0x59E2, 0x5223, 0x5262,
    0x62C2, 0x8C43, 0xAC83, 0xC4C4, 0xEDA4, 0xF584, 0xF6C5, 0xF5E5,
    0xED24, 0xEC65, 0xF5C4, 0xF664, 0xF664, 0xED43, 0xBD83, 0xF482,
    0xD322, 0xE562, 0xEDE2, 0xEE04, 0xED82, 0xF5A2, 0xD3E2, 0x98C3,
    0xB0E4, 0x98A3, 0x5142, 0x5162, 0x5142, 0x5142, 0x5142, 0x4942,
    0x5163, 0x5183, 0x5142, 0x4922, 0x4922, 0x4922, 0x4922, 0x4942,
    0x4922, 0x4921, 0x4921, 0x4921, 0x4921, 0x4901, 0x4921, 0x4122,
    0x4102, 0x4102, 0x4101, 0x4101, 0x4101, 0x4102, 0x40E1, 0x4101,
    0x4102, 0x40E1, 0x3881, 0x2061, 0x2081, 0x3081, 0x3081, 0x30A1,
    0x3081, 0x3081, 0x3081, 0x3081, 0x3081, 0x2861, 0x2861, 0x2881,
    0x2861, 0x2881, 0x2881, 0x3081, 0x2861, 0x2881, 0x2881, 0x2881,
    0x3081, 0x3081, 0x3081, 0x3081, 0x30A1, 0x30A2, 0x30A1, 0x30A2,
    0x30A2, 0x3082, 0x4881, 0x6081, 0x50A2, 0x38A2, 0x38A2, 0x40A2,
    0x38A2, 0x38A2, 0x3882, 0x38A2, 0x38A2, 0x38A2, 0x3882, 0x3882,
    0x8143, 0x91A4, 0x8983, 0x7923, 0x8143, 0x8184, 0x8163, 0x7183,
    0x8329, 0xD26B, 0xF9A9, 0xC9AA, 0x61A4, 0x69C3, 0x6983, 0x71C4,
    0x61A4, 0x30E2, 0x28E3, 0x2082, 0x5123, 0x5143, 0x5143, 0x5143,
    0x5143, 0x5143, 0x5143, 0x4943, 0x4943, 0x4943, 0x4943, 0x4923,
    0x4963, 0x4122, 0x30E1, 0x7202, 0xA343, 0xCDE8, 0xADA9, 0x6AC6,
    0x9CB0, 0xD696, 0xF739, 0xEF79, 0xBEBA, 0xA4F3, 0xB447, 0xF6B2,
    0xEF5A, 0xF75A, 0xD676, 0xBD52, 0xEF37, 0xA572, 0x7AA2, 0x71E0,
    0x61E0, 0x7241, 0x7221, 0x69E1, 0x5181, 0x49E1, 0x3981, 0x4101,
    0x5921, 0x69A1, 0x69E1, 0x5A82, 0x5AC2, 0x7A42, 0xC9A2, 0xF4C2,
    0xFE83, 0xD5C3, 0x7C23, 0x5282, 0x6A02, 0xE482, 0xF603, 0xEDC3,
    0xF623, 0xE583, 0xB162, 0x4A02, 0x9465, 0xCE08, 0x9CC6, 0x5A21,
    0x6282, 0x49E1, 0x39C1, 0x3A00, 0x31C0, 0x4220, 0xBB22, 0xEBE3,
    0xE3C3, 0xE3E3, 0xE3C3, 0xE482, 0xEC82, 0xD3A3, 0x6AC0, 0x6AA0,
    0x6A80, 0xA321, 0xFC23, 0xB3C3, 0x5242, 0x28C1, 0x40A1, 0x7281,
    0x9C02, 0x8C02, 0x8B82, 0x6AE1, 0x5221, 0x5161, 0x6162, 0x69E5,
    0x7266, 0x6227, 0x5187, 0x5986, 0x6184, 0x6143, 0x6182, 0x69A2,
    0x69C2, 0x69C3, 0x69E3, 0x59C3, 0x5982, 0x6162, 0x50E1, 0x58C1,
    0x50E1, 0x5101, 0x4941, 0x49E3, 0x6343, 0x9443, 0xDE85, 0xFEE4,
    0xFE24, 0xF664, 0xF664, 0xF644, 0xF623, 0xF603, 0xE583, 0xEE02,
    0xED42, 0xE462, 0xD462, 0xEDA2, 0xF5E3, 0xF5E2, 0xDD26, 0xA9A5,
    0xA0C3, 0x9884, 0x80E2, 0x4982, 0x5142, 0x5142, 0x5142, 0x5142,
    0x5142, 0x5162, 0x5142, 0x4922, 0x4922, 0x4922, 0x4922, 0x4922,
    0x4922, 0x4922, 0x4922, 0x4922, 0x4901, 0x4921, 0x4921, 0x4901,
    0x4102, 0x4102, 0x4101, 0x4901, 0x4102, 0x4902, 0x4902, 0x4102,
    0x40E2, 0x40E1, 0x40E1, 0x3880, 0x2041, 0x2081, 0x3881, 0x3081,
    0x3081, 0x3081, 0x3081, 0x3081, 0x3061, 0x2861, 0x2861, 0x2861,
    0x2861, 0x2881, 0x2881, 0x2881, 0x2861, 0x3081, 0x28A1, 0x2881,
    0x3081, 0x3081, 0x3081, 0x3082, 0x30A2, 0x30A2, 0x30A2, 0x3081,
    0x3881, 0x68C1, 0x98A2, 0x7081, 0x4082, 0x38A2, 0x38A2, 0x38A2,
    0x38A2, 0x38A2, 0x38A2, 0x3882, 0x38A2, 0x38A2, 0x3882, 0x3882,
    0xA1C4, 0xB264, 0xB325, 0x8B05, 0x79A5, 0x71A3, 0x79A4, 0x79A4,
    0x6943, 0x8349, 0xE22B, 0xF9C9, 0x8168, 0x6183, 0x6984, 0x6183,
    0x69A4, 0x4964, 0x20C2, 0x18C3, 0x40C2, 0x5963, 0x5143, 0x5143,
    0x5163, 0x5163, 0x5163, 0x5143, 0x4943, 0x5143, 0x4943, 0x4943,
    0x4943, 0x4943, 0x3902, 0x4901, 0xCD25, 0xBE09, 0x7B87, 0x79E2,
    0x6A03, 0x72C8, 0xC616, 0xB63A, 0xB4AF, 0xAC66, 0xCD6B, 0xF77A,
    0xEF19, 0xEF18, 0xDEF9, 0xAD11, 0xADD4, 0xBC28, 0xEDED, 0xEE51,
    0xB48A, 0x6201, 0x7A41, 0x6A61, 0x3981, 0x4101, 0x4101, 0x8303,
    0xB424, 0xAC45, 0xAC46, 0x9BC4, 0x6A43, 0x5202, 0x62E2, 0x9D23,
    0x9C23, 0x6A22, 0x5242, 0x6A42, 0xDC82, 0xF623, 0xEDC3, 0xEDA3,
    0xEE43, 0xCB02, 0x6921, 0x31C0, 0x62A3, 0xA527, 0x6B85, 0x5A21,
    0x5A82, 0x4A21, 0x41C0, 0x3980, 0x3960, 0x31A0, 0x8241, 0xEC03,
    0xEC03, 0xF3E3, 0xEBC3, 0xE422, 0xEBE3, 0xBB62, 0x6A80, 0x6AA0,
    0x72A0, 0x9341, 0x7B23, 0x28E2, 0x50E1, 0x49A1, 0x73C1, 0x6B62,
    0x5AE2, 0x5202, 0x59C2, 0x61C3, 0x6A05, 0x7247, 0x7A87, 0x7226,
    0x69A5, 0x6963, 0x6182, 0x59A2, 0x69A3, 0x69A3, 0x61C3, 0x5963,
    0x5983, 0x61A3, 0x40C2, 0x40A2, 0x4943, 0x5122, 0x5942, 0x5942,
    0x5962, 0x5921, 0x5902, 0x58E2, 0x50C1, 0x4121, 0x52E3, 0x95C4,
    0xE6C4, 0xFE64, 0xEE23, 0xEE23, 0xF603, 0xEDE3, 0xEDE3, 0xEDA2,
    0xEDE3, 0xF5C2, 0xC281, 0x8AC2, 0xD482, 0xF5C3, 0xDD48, 0xA909,
    0xA083, 0x90A4, 0xA0A3, 0x5942, 0x5142, 0x5142, 0x5142, 0x5142,
    0x5142, 0x5142, 0x5142, 0x5142, 0x5142, 0x4922, 0x4942, 0x4942,
    0x4922, 0x4922, 0x4922, 0x4901, 0x4921, 0x4921, 0x4921, 0x4902,
    0x4102, 0x4102, 0x4101, 0x4102, 0x4922, 0x4902, 0x40E2, 0x40E2,
    0x40E2, 0x40E1, 0x4101, 0x40E1, 0x3880, 0x2061, 0x2081, 0x3081,
    0x3081, 0x3081, 0x3081, 0x3081, 0x3061, 0x2861, 0x2861, 0x3061,
    0x3061, 0x2881, 0x2881, 0x2881, 0x2861, 0x3081, 0x28A1, 0x2881,
    0x3081, 0x3081, 0x3081, 0x3082, 0x30A2, 0x30A2, 0x3081, 0x48E1,
    0x9981, 0xC961, 0x88C1, 0x4082, 0x38A2, 0x3882, 0x3882, 0x38A2,
    0x38A2, 0x38A2, 0x3882, 0x3882, 0x38A2, 0x38A2, 0x3882, 0x3882,
    0xB184, 0xD384, 0xB445, 0x9B47, 0x8A68, 0x7985, 0x7183, 0x7184,
    0x7984, 0x6983, 0x9B2B, 0xF9AA, 0xC9A9, 0x5965, 0x6983, 0x5964,
    0x5964, 0x6184, 0x38E3, 0x2082, 0x2882, 0x5943, 0x5143, 0x5143,
    0x5143, 0x5163, 0x5163, 0x5163, 0x5143, 0x5143, 0x5163, 0x4943,
    0x4943, 0x4943, 0x4963, 0x28A2, 0x8BC5, 0x9D29, 0x69E3, 0x7A63,
    0x7A63, 0x8200, 0xABE7, 0xBCCB, 0xBCE6, 0xCD46, 0xB54F, 0xEED9,
    0xF739, 0xF739, 0xFF79, 0xADD6, 0xBC2B, 0xFF97, 0xEF9C, 0xEF5A,
    0xFFDC, 0x940D, 0x4980, 0x3921, 0x40C1, 0x8221, 0x9323, 0x4182,
    0x6B45, 0xB4A7, 0xACC7, 0xBAE6, 0xDA62, 0xAC22, 0x6222, 0x5A22,
    0x5A42, 0x6262, 0x6262, 0xD442, 0xF623, 0xEDC3, 0xF5C3, 0xF663,
    0xCC03, 0xA122, 0x7B02, 0x4A01, 0x4A22, 0x4A23, 0x4142, 0x4942,
    0x4943, 0x4963, 0x4102, 0x38E2, 0x38E1, 0x3901, 0x3901, 0x5222,
    0x72E3, 0x9383, 0xC3E3, 0xDC03, 0xFC03, 0xD382, 0x6A80, 0x7AE0,
    0x62A0, 0x41A1, 0x30C2, 0x61A2, 0x7401, 0x4201, 0x49A1, 0x5122,
    0x6142, 0x71A3, 0x7205, 0x7227, 0x69E6, 0x6984, 0x7205, 0x71E3,
    0x6983, 0x71E3, 0x6183, 0x6183, 0x61C3, 0x5143, 0x5963, 0x8262,
    0xAB02, 0xD422, 0xDC82, 0xC3C2, 0xA2C2, 0x79A1, 0x5921, 0x40C2,
    0x4102, 0x5141, 0x5141, 0x4921, 0x5142, 0x6142, 0x6102, 0x4922,
    0x5363, 0xAE24, 0xFE63, 0xF603, 0xEDE3, 0xEDE3, 0xEDC3, 0xEDC3,
    0xEDA3, 0xEDA2, 0xEB61, 0xA9E1, 0x5A01, 0x8AE2, 0x92A5, 0xA8CB,
    0xB0A3, 0x90A4, 0xA0A4, 0x88E2, 0x4962, 0x5122, 0x5142, 0x5142,
    0x5142, 0x5142, 0x5142, 0x5142, 0x4942, 0x4942, 0x4942, 0x4922,
    0x4922, 0x4922, 0x4922, 0x4921, 0x4922, 0x4922, 0x4921, 0x4921,
    0x4102, 0x4102, 0x4102, 0x4922, 0x4922, 0x4902, 0x40E2, 0x40E2,
    0x40E2, 0x4101, 0x4902, 0x40E2, 0x40E1, 0x3880, 0x2041, 0x2881,
    0x3081, 0x3081, 0x3081, 0x3081, 0x3061, 0x3061, 0x2861, 0x3061,
    0x3061, 0x3061, 0x2881, 0x2881, 0x2861, 0x3081, 0x28A1, 0x2881,
    0x3081, 0x3081, 0x3081, 0x3082, 0x3082, 0x3081, 0x4141, 0x6A41,
    0xAA41, 0x8901, 0x3882, 0x3882, 0x38A2, 0x38A2, 0x40A2, 0x3882,
    0x38A2, 0x3882, 0x38A2, 0x38A2, 0x40A2, 0x38A2, 0x38A2, 0x3882,
    0xAA05, 0xE404, 0xCEA8, 0x8C6D, 0xA269, 0x8A46, 0x79C4, 0x7184,
    0x81A3, 0x89A3, 0x7A65, 0xD2AB, 0xF989, 0x7187, 0x6983, 0x6964,
    0x5943, 0x5943, 0x4103, 0x3902, 0x30E2, 0x5922, 0x5163, 0x5963,
    0x5163, 0x5163, 0x5143, 0x5143, 0x5143, 0x5143, 0x5963, 0x5183,
    0x4943, 0x4943, 0x4943, 0x4943, 0x28E2, 0x6A64, 0x7A43, 0x7263,
    0x7A02, 0xBBE4, 0xC567, 0xBD07, 0xC506, 0xEED0, 0xBDB3, 0xCDF4,
    0xDF1A, 0xDED9, 0xBEFC, 0x9454, 0xEE50, 0xDEB7, 0xEEF8, 0xF73A,
    0xF739, 0xE6F8, 0x5A04, 0x6160, 0x8A41, 0xABE3, 0xBCC6, 0xBC84,
    0x59E1, 0x52E4, 0xB367, 0xEAC2, 0xF663, 0xDC83, 0xE322, 0x7B82,
    0x5A62, 0x5242, 0xBBA2, 0xFE23, 0xEDC3, 0xF5C3, 0xF683, 0xCC63,
    0xA8E2, 0x8322, 0x5B23, 0x3941, 0x3081, 0x38A1, 0x38C2, 0x38C2,
    0x38E3, 0x30C3, 0x30A2, 0x30A1, 0x3082, 0x3082, 0x3082, 0x2882,
    0x2882, 0x1881, 0x2101, 0x41E2, 0x6AE2, 0xB3C2, 0x8300, 0x4A20,
    0x3901, 0x40A2, 0x4922, 0x49C1, 0x4921, 0x6142, 0x7205, 0x7205,
    0x69E4, 0x61C4, 0x6184, 0x6983, 0x6983, 0x71C3, 0x69A3, 0x71A3,
    0x71C3, 0x61A3, 0x5963, 0x5943, 0x71C3, 0xA302, 0xCC62, 0xDBE2,
    0xE422, 0xF5E3, 0xF6A3, 0xEDE3, 0xFEA3, 0xF5E3, 0xD382, 0xBAE1,
    0x8181, 0x48C1, 0x38E1, 0x4941, 0x5141, 0x5182, 0x59A2, 0x61A2,
    0x6922, 0x51E2, 0x7CC3, 0xE663, 0xF5C3, 0xEDC3, 0xEDC3, 0xEDA2,
    0xEDA3, 0xEDC2, 0xED82, 0xEAA1, 0x8A21, 0x4A60, 0x49C3, 0x98CC,
    0xB0A5, 0x8883, 0xA0A4, 0xA8A3, 0x4901, 0x5162, 0x5142, 0x5142,
    0x5142, 0x5142, 0x5142, 0x4942, 0x4942, 0x4942, 0x4942, 0x4942,
    0x4942, 0x4942, 0x4922, 0x4922, 0x4922, 0x4922, 0x4922, 0x4902,
    0x4922, 0x4902, 0x4102, 0x4922, 0x4922, 0x4902, 0x4922, 0x4902,
    0x4102, 0x4101, 0x40E1, 0x40E1, 0x38E2, 0x40E1, 0x3880, 0x2041,
    0x2081, 0x3081, 0x3081, 0x3061, 0x30A1, 0x40E1, 0x2861, 0x3061,
    0x3061, 0x2861, 0x2881, 0x2881, 0x2861, 0x3081, 0x3081, 0x3081,
    0x3081, 0x3081, 0x3081, 0x3061, 0x30A1, 0x39A1, 0x4261, 0x4A41,
    0x5121, 0x3881, 0x3081, 0x3882, 0x38A2, 0x38A2, 0x38A2, 0x3882,
    0x3882, 0x3882, 0x3882, 0x38A2, 0x40A2, 0x40A2, 0x40A2, 0x3882,
    0x99C4, 0xB305, 0x9CE7, 0x8553, 0x924E, 0x8A85, 0x8A45, 0x79A5,
    0x8184, 0x89E4, 0x7A83, 0xB32A, 0xF9A9, 0x8969, 0x5963, 0x69A4,
    0x61A4, 0x6963, 0x4123, 0x28A2, 0x3183, 0x5964, 0x61C3, 0x5164,
    0x5163, 0x5164, 0x5164, 0x5143, 0x5143, 0x5163, 0x5983, 0x59C3,
    0x5184, 0x4943, 0x4943, 0x5163, 0x4102, 0x38E1, 0x7A83, 0x7202,
    0xB383, 0xC567, 0xB4E8, 0xC4E6, 0xEE8E, 0xE718, 0xE6F7, 0xCDD3,
    0xCE14, 0x9D54, 0x628B, 0xBC48, 0xEED3, 0xE6B4, 0xE695, 0xEEF7,
    0xEF39, 0xFF9A, 0xB592, 0x71E0, 0xB403, 0xCD86, 0xCDE7, 0xDE69,
    0xCDA7, 0x7222, 0x4922, 0x9CC2, 0xC443, 0xE3C2, 0xCE23, 0x52A2,
    0x4182, 0x8A82, 0xFDE3, 0xEDC3, 0xF623, 0xE663, 0xC3A3, 0xA902,
    0x8322, 0x4242, 0x30A1, 0x48C1, 0x5122, 0x5142, 0x5122, 0x4102,
    0x30A1, 0x38A1, 0x3081, 0x3081, 0x3081, 0x3081, 0x3081, 0x3081,
    0x3081, 0x3081, 0x3041, 0x2841, 0x2041, 0x2901, 0x3981, 0x40C1,
    0x48E2, 0x5122, 0x5922, 0x6163, 0x7246, 0x6A68, 0x61E7, 0x6164,
    0x6163, 0x6983, 0x69A3, 0x69A3, 0x61A4, 0x69A3, 0x61C3, 0x5983,
    0x4943, 0x5943, 0x8A62, 0xC3E2, 0xED42, 0xF5C2, 0xDBC2, 0xE462,
    0xDC82, 0xDD03, 0xD3C2, 0xE523, 0xEE24, 0xD3C3, 0xE4A3, 0xED03,
    0xF503, 0xE4A2, 0x9A21, 0x50E1, 0x4902, 0x5141, 0x5121, 0x4942,
    0x51A2, 0x6182, 0x5942, 0x6BA2, 0xD603, 0xF5A2, 0xEDC3, 0xEDA2,
    0xED62, 0xED83, 0xEDE3, 0xECC1, 0xE201, 0x7A60, 0x49C3, 0xA8AA,
    0x98C5, 0x70A4, 0xA0A4, 0xB0A3, 0x6081, 0x3162, 0x5962, 0x5162,
    0x5142, 0x5142, 0x5142, 0x4942, 0x4942, 0x4942, 0x4942, 0x4942,
    0x4942, 0x4942, 0x4922, 0x4922, 0x4922, 0x4922, 0x4922, 0x4922,
    0x4922, 0x4922, 0x4122, 0x5142, 0x4902, 0x4122, 0x4922, 0x40E2,
    0x40E1, 0x4101, 0x40E1, 0x40E1, 0x40E1, 0x38C2, 0x38C1, 0x3880,
    0x2041, 0x2081, 0x3081, 0x3081, 0x3061, 0x2861, 0x2861, 0x3061,
    0x3061, 0x2861, 0x2881, 0x3081, 0x3061, 0x3081, 0x3081, 0x3081,
    0x3081, 0x3081, 0x3081, 0x30C1, 0x39E1, 0x3A81, 0x3A21, 0x3901,
    0x3082, 0x38A2, 0x38A1, 0x3881, 0x38A2, 0x3882, 0x3882, 0x3882,
    0x3882, 0x38A2, 0x38A2, 0x3882, 0x4082, 0x3882, 0x4082, 0x3882,
    0x81A4, 0x99E4, 0x8B06, 0x826A, 0x81CA, 0x79C5, 0x89E5, 0x9A26,
    0x81E4, 0x81C4, 0x7224, 0xB32A, 0xF9EB, 0x9A09, 0x5964, 0x6164,
    0x5984, 0x6984, 0x5144, 0x38A3, 0x48C2, 0x5945, 0x61A5, 0x5185,
    0x5144, 0x5144, 0x5143, 0x5143, 0x4943, 0x5163, 0x5183, 0x51A4,
    0x5184, 0x4944, 0x4943, 0x4943, 0x5163, 0x30C2, 0x5161, 0xB3A3,
    0xBD47, 0xBCE8, 0xCD06, 0xE68D, 0xC698, 0xB5D5, 0xB5F5, 0xDEB6,
    0xBE98, 0x732C, 0x7240, 0xD54C, 0xF758, 0xEF39, 0xF717, 0xF738,
    0xEF3A, 0xEF19, 0xEEF9, 0xA46A, 0xB4C5, 0xCE89, 0xC629, 0xC5E9,
    0xC66A, 0xB306, 0x5981, 0x41C2, 0x51C2, 0x63C2, 0x4AA2, 0x49A2,
    0x51A2, 0xDCC2, 0xF663, 0xEE23, 0xD4E3, 0xB203, 0xA162, 0x6B02,
    0x39C2, 0x48C1, 0x6162, 0x5163, 0x4122, 0x30C2, 0x38E2, 0x38C2,
    0x30A1, 0x30A1, 0x38A1, 0x40E1, 0x30A1, 0x38A1, 0x2881, 0x2881,
    0x3081, 0x3081, 0x3081, 0x3081, 0x3081, 0x3861, 0x48C2, 0x5922,
    0x6162, 0x69A3, 0x6184, 0x61A4, 0x5985, 0x6143, 0x6162, 0x6183,
    0x6183, 0x6183, 0x5983, 0x5183, 0x5183, 0x4143, 0x4103, 0x6183,
    0xA2C2, 0xDC62, 0xF5E3, 0xED82, 0xE502, 0xED62, 0xE502, 0xD3A2,
    0xECA2, 0xD302, 0xDBE2, 0xF663, 0xD382, 0xDBE3, 0xE4A3, 0xE4A3,
    0xEE03, 0xF684, 0xFE43, 0xE482, 0x89E2, 0x48E2, 0x5962, 0x5962,
    0x5941, 0x5142, 0x5162, 0x5122, 0x5B42, 0xCDE3, 0xF5A2, 0xEDC3,
    0xEDA2, 0xED22, 0xED23, 0xEE02, 0xEC21, 0xCA00, 0x59C4, 0xB0AA,
    0x9103, 0x60C4, 0xA8A4, 0xA8C4, 0x8861, 0x18C1, 0x5162, 0x5162,
    0x5162, 0x5162, 0x5142, 0x5142, 0x4942, 0x4942, 0x4942, 0x4942,
    0x4942, 0x4942, 0x4942, 0x4942, 0x4922, 0x4922, 0x4922, 0x4942,
    0x4922, 0x4922, 0x4942, 0x4922, 0x4102, 0x4902, 0x40E2, 0x4102,
    0x4922, 0x4101, 0x40E1, 0x40E1, 0x40C2, 0x38C2, 0x38C2, 0x38C1,
    0x3880, 0x2041, 0x2081, 0x3081, 0x2861, 0x3061, 0x3061, 0x3061,
    0x3061, 0x2861, 0x2881, 0x3061, 0x3061, 0x3081, 0x3081, 0x3081,
    0x3081, 0x3061, 0x30E3, 0x39E3, 0x3A62, 0x39E1, 0x38E1, 0x3081,
    0x30A2, 0x38A2, 0x38A1, 0x3882, 0x38A2, 0x38A2, 0x38A2, 0x38A2,
    0x40A2, 0x40A2, 0x40A2, 0x40A2, 0x40A2, 0x40A2, 0x3882, 0x38A2,
    0x81C4, 0x89A4, 0x8A04, 0x9227, 0x81C6, 0x79A4, 0x7984, 0x81A4,
    0x92E5, 0x7A06, 0x7203, 0xD30A, 0xE1CC, 0x7967, 0x61C5, 0x6164,
    0x7163, 0x5164, 0x30E3, 0x6922, 0xAB02, 0x93A3, 0x59A4, 0x5964,
    0x5164, 0x5143, 0x5143, 0x5963, 0x5963, 0x5163, 0x5183, 0x5184,
    0x5164, 0x5164, 0x4963, 0x4943, 0x4943, 0x4943, 0x30A1, 0xB4A6,
    0xC508, 0xD567, 0xDED1, 0xADD7, 0xCD52, 0xE632, 0xDE12, 0xB572,
    0x6B2C, 0x7A81, 0x6241, 0xAC8B, 0xF759, 0xEF19, 0xF73A, 0xF73A,
    0xF75A, 0xEF59, 0xD71A, 0x6C32, 0x5202, 0x5B05, 0x6325, 0x6B45,
    0x6305, 0x5A43, 0x5262, 0x49A2, 0x5162, 0x6982, 0x5982, 0x49A2,
    0x6A02, 0xF603, 0xDD43, 0xBAC2, 0xA122, 0x9262, 0x5B43, 0x4142,
    0x40A2, 0x4122, 0x4143, 0x38E2, 0x38C1, 0x48E1, 0x30E2, 0x38A1,
    0x40E1, 0x4902, 0x5122, 0x38E2, 0x40C1, 0x4902, 0x30A1, 0x3881,
    0x30A1, 0x3081, 0x3081, 0x40C1, 0x5102, 0x5942, 0x6183, 0x69A3,
    0x69E4, 0x61A4, 0x6163, 0x6163, 0x6183, 0x5983, 0x5163, 0x4943,
    0x4123, 0x3923, 0x3902, 0x38E2, 0x38A2, 0x7161, 0xBB62, 0xF522,
    0xFDE2, 0xF583, 0xDBE3, 0xE3A2, 0xF562, 0xF603, 0xED02, 0xF522,
    0xF623, 0xF5C2, 0xFE63, 0xE402, 0xE3E2, 0xF4E3, 0xECC3, 0xF5E3,
    0xFE23, 0xF603, 0xEE03, 0xF623, 0xFDE2, 0xC361, 0x5922, 0x4942,
    0x5962, 0x5942, 0x5922, 0x5942, 0x50C1, 0x5322, 0xDE03, 0xF562,
    0xEDC3, 0xEDA2, 0xECC2, 0xEC42, 0xED42, 0xEB00, 0xA964, 0xA869,
    0xA1E3, 0x79A3, 0xA064, 0xA8C5, 0xA8A2, 0x2060, 0x4162, 0x5962,
    0x5162, 0x5162, 0x5162, 0x5162, 0x5162, 0x5162, 0x5142, 0x4962,
    0x5162, 0x4942, 0x4942, 0x4942, 0x4942, 0x4942, 0x4922, 0x4122,
    0x4922, 0x4962, 0x4922, 0x4102, 0x4922, 0x4922, 0x4102, 0x4102,
    0x4101, 0x40E2, 0x40E1, 0x40E1, 0x40C2, 0x38C2, 0x40C1, 0x38C1,
    0x40E1, 0x4080, 0x2040, 0x2081, 0x40E1, 0x48C1, 0x3861, 0x3061,
    0x3061, 0x3061, 0x2861, 0x3061, 0x3061, 0x3061, 0x3081, 0x3081,
    0x3081, 0x30A3, 0x3105, 0x39A5, 0x3982, 0x30A1, 0x3881, 0x38A1,
    0x38A2, 0x38A1, 0x38A1, 0x3882, 0x38A2, 0x38A2, 0x40A2, 0x40A2,
    0x40A2, 0x40A2, 0x40A2, 0x40A2, 0x40A2, 0x40A2, 0x40A2, 0x40A2,
    0x8A87, 0x89C5, 0x99C4, 0x8A04, 0x81C5, 0x89E5, 0x91A4, 0x81C4,
    0x81A4, 0x8246, 0x92A7, 0xC1CB, 0xA148, 0x78E6, 0x6964, 0x6985,
    0x4964, 0x2903, 0x28A3, 0x3122, 0x8B82, 0x968A, 0x5BCE, 0x6145,
    0x6184, 0x5164, 0x5143, 0x5963, 0x61C3, 0x59A4, 0x5183, 0x5184,
    0x5164, 0x5963, 0x4963, 0x4963, 0x4943, 0x5163, 0x38E3, 0x51A2,
    0xE64B, 0xDF15, 0xADD7, 0xDD71, 0xF6F4, 0xF77A, 0xEF59, 0xF737,
    0xA4CD, 0x6242, 0x6A62, 0x5A43, 0x9CF0, 0xDEF7, 0xEF9B, 0xD73B,
    0xBE7A, 0xA556, 0x9470, 0x5A04, 0x4981, 0x5A22, 0x49E1, 0x41A1,
    0x31C1, 0x6982, 0xC262, 0xD462, 0xECC2, 0xFE03, 0xD522, 0x5202,
    0x41C2, 0x7A22, 0x78E2, 0x7102, 0x5A22, 0x5263, 0x4122, 0x40C2,
    0x40E2, 0x38C1, 0x38C1, 0x38E2, 0x4922, 0x4122, 0x30A1, 0x5922,
    0x5143, 0x5123, 0x38E2, 0x5162, 0x59A3, 0x38E2, 0x30A1, 0x3082,
    0x30A1, 0x40C1, 0x5102, 0x5122, 0x5943, 0x6163, 0x61E5, 0x5984,
    0x5143, 0x5143, 0x4943, 0x4123, 0x3902, 0x30C2, 0x30C2, 0x30A1,
    0x38A1, 0x40C1, 0x38A1, 0x4961, 0x8A01, 0xAC62, 0xACE2, 0x9482,
    0x8BA2, 0x81C2, 0x8242, 0x8BC2, 0x83C2, 0x7B62, 0x8C42, 0x9B62,
    0x8322, 0x8C22, 0x8B22, 0x8AC2, 0x9BE3, 0xA403, 0xACE3, 0xC5A3,
    0xCDE3, 0xDE23, 0xEE83, 0xF663, 0xF623, 0xFE63, 0xF4C2, 0x7141,
    0x40E2, 0x5942, 0x5942, 0x5942, 0x5942, 0x50C1, 0x6C02, 0xEDE2,
    0xECC2, 0xED62, 0xEDE2, 0xECA2, 0xEB82, 0xF401, 0xB1A4, 0xA849,
    0xAB23, 0x7AA4, 0x9044, 0xA8C4, 0xB8C3, 0x4040, 0x2102, 0x5962,
    0x5162, 0x5162, 0x5982, 0x59A2, 0x59A2, 0x5182, 0x5162, 0x5162,
    0x5142, 0x5982, 0x5162, 0x4942, 0x4942, 0x4942, 0x4922, 0x4942,
    0x4943, 0x4922, 0x4102, 0x4922, 0x4922, 0x4102, 0x4102, 0x40E2,
    0x40E2, 0x40E2, 0x40E1, 0x40E1, 0x40E2, 0x40E2, 0x40C2, 0x38C1,
    0x40C1, 0x40C1, 0x40A1, 0x20C2, 0x3141, 0x48C1, 0x3061, 0x3081,
    0x3061, 0x3061, 0x3061, 0x3081, 0x3061, 0x3081, 0x3081, 0x3081,
    0x3083, 0x3085, 0x30A4, 0x30C2, 0x3081, 0x3081, 0x38A1, 0x38A1,
    0x38A2, 0x38A1, 0x38A1, 0x3882, 0x40A2, 0x40A2, 0x40A2, 0x40A2,
    0x40A2, 0x40A2, 0x40A2, 0x40A2, 0x40C2, 0x40A2, 0x40A2, 0x40A2,
    0x92A8, 0x8A07, 0x99E5, 0x92A4, 0x8226, 0x89A4, 0x9A25, 0x9A64,
    0x8244, 0x8A65, 0xAA2A, 0x98E7, 0x9905, 0x6906, 0x6984, 0x4164,
    0x20C3, 0x2882, 0x28C3, 0x2083, 0x3943, 0x63EA, 0x52F1, 0x6148,
    0x71C4, 0x61C4, 0x5964, 0x5164, 0x5984, 0x59C4, 0x5184, 0x5164,
    0x5964, 0x89E3, 0x61E3, 0x4943, 0x4963, 0x4963, 0x5183, 0x2881,
    0x9C2D, 0xCEB9, 0xCD31, 0xEED3, 0xEF39, 0xEF3A, 0xEF3A, 0xEF3A,
    0xEF7B, 0x734A, 0x4160, 0x41A2, 0x4162, 0x5AC9, 0x4350, 0x524D,
    0xAC09, 0xBCC7, 0xBCA4, 0x62E3, 0x4982, 0x39A2, 0x2121, 0x2941,
    0x2141, 0x2941, 0x79A1, 0xAAC2, 0x9343, 0x6AA2, 0x5202, 0x3901,
    0x38C1, 0x48A1, 0x5142, 0x3922, 0x38C2, 0x38A1, 0x40E2, 0x48E2,
    0x48E2, 0x38C2, 0x40C2, 0x38A2, 0x30C2, 0x30C1, 0x5102, 0x5143,
    0x5123, 0x4902, 0x40E2, 0x5143, 0x4943, 0x38C2, 0x38A1, 0x48C1,
    0x5102, 0x5122, 0x5122, 0x6163, 0x6183, 0x5163, 0x4923, 0x4102,
    0x3902, 0x30C2, 0x30A1, 0x38A1, 0x38A1, 0x38A1, 0x38C1, 0x4922,
    0x4902, 0x4902, 0x4922, 0x5161, 0x5182, 0x4962, 0x4942, 0x5142,
    0x5942, 0x5963, 0x59A3, 0x5963, 0x6183, 0x6163, 0x6205, 0x6A03,
    0x69A3, 0x6983, 0x69A3, 0x69C3, 0x69E3, 0x69E3, 0x61E3, 0x6203,
    0x6A43, 0x6AA3, 0x7323, 0x83C2, 0x9462, 0xAD02, 0xCE23, 0xEDA2,
    0x8A21, 0x4902, 0x5921, 0x5922, 0x5922, 0x6122, 0x4941, 0xA482,
    0xF4A2, 0xE402, 0xECE2, 0xEDC3, 0xECE2, 0xF3E1, 0xA9C5, 0xA868,
    0x9AE2, 0x8B84, 0x98A4, 0xA8C5, 0xC8E5, 0x6840, 0x0881, 0x5142,
    0x5142, 0x5162, 0x4902, 0x38E1, 0x4900, 0x38C1, 0x4143, 0x5162,
    0x4942, 0x4A23, 0x4962, 0x4142, 0x4142, 0x4142, 0x4162, 0x4182,
    0x4942, 0x4142, 0x4922, 0x4922, 0x4102, 0x4102, 0x4102, 0x40E2,
    0x40E2, 0x40E2, 0x40E1, 0x40E2, 0x40E2, 0x40C2, 0x40E2, 0x40E2,
    0x40C1, 0x40C2, 0x40C3, 0x40E2, 0x2861, 0x2061, 0x3881, 0x3061,
    0x3081, 0x38A1, 0x3061, 0x3081, 0x3081, 0x3081, 0x3081, 0x3883,
    0x3884, 0x3083, 0x3082, 0x3061, 0x3082, 0x38A1, 0x38A1, 0x38A1,
    0x38A1, 0x38A1, 0x3881, 0x3882, 0x40A1, 0x40A2, 0x40A2, 0x40C2,
    0x40C2, 0x40C2, 0x40C2, 0x40C2, 0x40C2, 0x40A2, 0x40A2, 0x40A2,
    0x89E5, 0x8A06, 0x89C5, 0x8A05, 0x8266, 0x81A6, 0x81A4, 0x82A5,
    0x9AC8, 0x99E9, 0x9106, 0x9126, 0x88E6, 0x4904, 0x3103, 0x28C3,
    0x30E3, 0x28C3, 0x28C3, 0x28A3, 0x4902, 0x69C8, 0x5947, 0x5145,
    0x69A4, 0x5A45, 0x5985, 0x5984, 0x5164, 0x51A4, 0x5184, 0x5184,
    0x5164, 0x8A83, 0x7C46, 0x49C6, 0x4943, 0x4963, 0x4963, 0x4943,
    0x38E2, 0xA4D1, 0xDE13, 0xEF16, 0xF75A, 0xF75A, 0xF75A, 0xE6F9,
    0xE6B8, 0xE6F8, 0x62C8, 0x69C1, 0x7262, 0x3980, 0x3020, 0xB320,
    0xD646, 0xD668, 0xAD68, 0x41A3, 0x4982, 0x2921, 0x2941, 0x2961,
    0x2961, 0x3141, 0x3101, 0x38A1, 0x3061, 0x3881, 0x48A1, 0x5921,
    0x6162, 0x5183, 0x4142, 0x40C1, 0x40C1, 0x40E2, 0x38C1, 0x4102,
    0x4122, 0x38A2, 0x38C2, 0x38A1, 0x30A1, 0x40E1, 0x5963, 0x5123,
    0x5123, 0x38E2, 0x4902, 0x4902, 0x40C2, 0x48C1, 0x4902, 0x4902,
    0x5122, 0x5963, 0x5963, 0x4943, 0x3902, 0x30C2, 0x30A2, 0x30A1,
    0x38A1, 0x38A1, 0x38A2, 0x40C2, 0x40E2, 0x4902, 0x4902, 0x5183,
    0x5963, 0x5963, 0x5983, 0x5983, 0x5983, 0x6183, 0x61A3, 0x69C3,
    0x61C3, 0x69C3, 0x69C3, 0x69E3, 0x69E3, 0x7204, 0x7204, 0x7204,
    0x7204, 0x7203, 0x7224, 0x7224, 0x7224, 0x7A24, 0x7A24, 0x7224,
    0x7224, 0x7204, 0x71E4, 0x71C3, 0x69A2, 0x61C2, 0x6202, 0x6B02,
    0x8BC1, 0x6161, 0x5922, 0x5922, 0x5922, 0x5942, 0x5901, 0x5A41,
    0xEC02, 0xEBC2, 0xEBC2, 0xEBE2, 0xECC2, 0xECC2, 0xA986, 0xA847,
    0xA342, 0x9484, 0x80E5, 0xB8C6, 0xD107, 0x9081, 0x0020, 0x3942,
    0x5962, 0x40E1, 0x5A05, 0x93AA, 0xB4EE, 0xBC07, 0x5901, 0x3121,
    0x5943, 0xA106, 0xC0E4, 0xA0C2, 0x80C3, 0x78E3, 0x68E3, 0x58E2,
    0x5102, 0x5102, 0x4122, 0x4122, 0x4902, 0x4102, 0x4102, 0x40E2,
    0x40E2, 0x4101, 0x40E1, 0x40E1, 0x40E2, 0x40E2, 0x40E2, 0x40E2,
    0x40E2, 0x40C2, 0x40E2, 0x40E2, 0x48C1, 0x3061, 0x2061, 0x3082,
    0x3081, 0x3061, 0x3081, 0x3061, 0x3061, 0x3081, 0x4882, 0x5083,
    0x4082, 0x3081, 0x3081, 0x38C2, 0x4081, 0x3081, 0x3881, 0x3881,
    0x3882, 0x3882, 0x3881, 0x3882, 0x40A1, 0x40A2, 0x40A2, 0x40C2,
    0x40C2, 0x40C2, 0x40C2, 0x40C2, 0x40C2, 0x40C2, 0x40C2, 0x40C2,
    0x89E5, 0x89E5, 0x89E5, 0x89E5, 0x81C5, 0x81E5, 0x8A25, 0x99E7,
    0x9907, 0x9106, 0x9127, 0x9106, 0x7906, 0x20C4, 0x28C3, 0x30E3,
    0x28E3, 0x28E3, 0x28E3, 0x28C3, 0x5943, 0x69A4, 0x79A7, 0x5164,
    0x5964, 0x51A4, 0x5186, 0x5164, 0x5184, 0x5164, 0x5164, 0x5184,
    0x5184, 0x5163, 0x5AE7, 0x522A, 0x4943, 0x4963, 0x4963, 0x5163,
    0x4102, 0x3944, 0xD5B2, 0xF79A, 0xEF3A, 0xF75A, 0xF77B, 0xDED9,
    0xEE73, 0xCF1A, 0x6B4D, 0x7260, 0x4202, 0x28C2, 0xA302, 0xD628,
    0xC5E8, 0xCE48, 0x73A6, 0x5942, 0x4141, 0x1900, 0x2121, 0x3141,
    0x4101, 0x4902, 0x4902, 0x4901, 0x6162, 0x69C3, 0x69E3, 0x59C4,
    0x4963, 0x3902, 0x40E1, 0x48E2, 0x4902, 0x48E2, 0x5102, 0x38E2,
    0x38C2, 0x38C2, 0x40C2, 0x38C1, 0x40C1, 0x5122, 0x5143, 0x5143,
    0x38E2, 0x38C1, 0x40E2, 0x40C1, 0x48E2, 0x48E2, 0x5102, 0x5122,
    0x5143, 0x3903, 0x30C2, 0x30A1, 0x3081, 0x38A1, 0x38A1, 0x38A2,
    0x40C2, 0x40E2, 0x4102, 0x4922, 0x4922, 0x4943, 0x4943, 0x4943,
    0x4943, 0x4943, 0x4943, 0x4943, 0x4943, 0x5143, 0x5163, 0x5163,
    0x5983, 0x5983, 0x59A3, 0x59C3, 0x61C3, 0x61C4, 0x6A04, 0x6A04,
    0x7224, 0x7224, 0x7224, 0x7224, 0x7A24, 0x7A24, 0x7A24, 0x7224,
    0x7224, 0x7244, 0x7244, 0x7244, 0x7224, 0x7A23, 0x79E3, 0x7182,
    0x71C2, 0x71E2, 0x6982, 0x6162, 0x5942, 0x5942, 0x5922, 0x4961,
    0xB3C1, 0xF360, 0xEB60, 0xF381, 0xEB81, 0xEC02, 0xA146, 0xA0A6,
    0xB9E0, 0xBB62, 0x8A25, 0xB8A7, 0xD928, 0xB0A3, 0x0800, 0x20E2,
    0x5901, 0x5A27, 0xD5F3, 0xC54D, 0xB50E, 0xC5B2, 0xB447, 0x78A5,
    0xE14D, 0xF94E, 0xF94D, 0xD129, 0x90E5, 0x88A5, 0x9084, 0x88A4,
    0x78A4, 0x7883, 0x6862, 0x40A1, 0x3102, 0x4122, 0x4102, 0x4102,
    0x4101, 0x4101, 0x40E1, 0x4922, 0x4902, 0x40E2, 0x40C2, 0x38C2,
    0x40E2, 0x40E2, 0x40C2, 0x40E2, 0x4102, 0x40A0, 0x2841, 0x2061,
    0x3881, 0x3081, 0x3081, 0x3081, 0x3061, 0x3882, 0x5082, 0x4081,
    0x3081, 0x3081, 0x3061, 0x3902, 0x40A1, 0x3081, 0x3881, 0x3881,
    0x3882, 0x3882, 0x3881, 0x3881, 0x40A2, 0x40A2, 0x40A2, 0x40C2,
    0x40C2, 0x40C2, 0x40C2, 0x40C2, 0x40C2, 0x40C2, 0x40C2, 0x40C2,
    0x8165, 0x8165, 0x8165, 0x7984, 0x81C5, 0x91E6, 0x9947, 0x9105,
    0x9125, 0x8905, 0x8906, 0x9905, 0x50E5, 0x28C3, 0x28E3, 0x28E4,
    0x4924, 0x2924, 0x28E4, 0x4903, 0x61A4, 0x59A4, 0x69A5, 0x61C5,
    0x5964, 0x6964, 0x5164, 0x5164, 0x5964, 0x5164, 0x5164, 0x5164,
    0x5164, 0x5164, 0x5144, 0x5166, 0x4964, 0x5163, 0x4963, 0x4943,
    0x5183, 0x3081, 0x8309, 0xFFDC, 0xEF5A, 0xEF1A, 0xDED9, 0xDE54,
    0xFF37, 0xA5D9, 0x6204, 0x4201, 0x2122, 0x2921, 0x5AE4, 0xCE09,
    0xD628, 0xB5E8, 0x5203, 0xA9E1, 0xBCC4, 0x6242, 0x49A1, 0x3901,
    0x48E2, 0x5122, 0x6962, 0x69E3, 0x59C3, 0x59A3, 0x3923, 0x38E2,
    0x40E1, 0x38E1, 0x48E1, 0x5122, 0x5122, 0x71A3, 0x59A3, 0x48E2,
    0x48E2, 0x38A1, 0x40E2, 0x38C1, 0x5122, 0x5943, 0x5943, 0x4123,
    0x3081, 0x40C2, 0x38A2, 0x4902, 0x4902, 0x5122, 0x4903, 0x38E2,
    0x30A2, 0x3081, 0x38A1, 0x38A1, 0x38A2, 0x38C2, 0x38C2, 0x38C2,
    0x38E2, 0x38E2, 0x38E2, 0x4102, 0x3902, 0x4102, 0x4102, 0x4102,
    0x4102, 0x4122, 0x4122, 0x4922, 0x4922, 0x4922, 0x4942, 0x4942,
    0x5142, 0x5142, 0x5162, 0x5162, 0x5162, 0x5963, 0x5983, 0x5983,
    0x5983, 0x59C3, 0x61E4, 0x61C4, 0x6204, 0x6A24, 0x7245, 0x7245,
    0x7A45, 0x7A44, 0x7A44, 0x7224, 0x7A24, 0x7203, 0x7223, 0x7A43,
    0x7A03, 0x71E3, 0x71E3, 0x71E2, 0x71A2, 0x6962, 0x6162, 0x50C2,
    0x74AC, 0xFEAD, 0xED07, 0xD442, 0xDC21, 0xDBE5, 0x9107, 0x98E4,
    0xCBA1, 0xF301, 0x99E5, 0xB0C7, 0xD0E9, 0xD0E5, 0x3840, 0x10C1,
    0x5204, 0xCE13, 0xE5AC, 0xB4AC, 0xBCEC, 0xACCA, 0xA22B, 0xF14E,
    0xE94D, 0xE94D, 0x70C7, 0x2904, 0x4123, 0x4103, 0x58A4, 0x78A4,
    0x80A4, 0x7083, 0x6883, 0x6862, 0x4861, 0x28C2, 0x3902, 0x4902,
    0x40E1, 0x40E2, 0x4122, 0x4922, 0x40E2, 0x40C2, 0x40C2, 0x40E2,
    0x40C2, 0x40C2, 0x40C2, 0x40C2, 0x38C1, 0x40C2, 0x48C1, 0x2861,
    0x2061, 0x3081, 0x3081, 0x3081, 0x3081, 0x3881, 0x3081, 0x3081,
    0x3081, 0x3081, 0x3881, 0x3861, 0x3081, 0x3881, 0x3881, 0x3881,
    0x3881, 0x38A2, 0x3882, 0x3881, 0x4081, 0x40A2, 0x40A2, 0x3882,
    0x40C2, 0x40C2, 0x40C2, 0x40C2, 0x40C2, 0x40C2, 0x40C2, 0x40C2,
    0x8185, 0x8184, 0x89A5, 0x91A5, 0x9945, 0xA105, 0x9125, 0x8925,
    0x9106, 0x8906, 0x9105, 0x7105, 0x28E5, 0x4923, 0x4164, 0x2904,
    0x3924, 0x2904, 0x38E4, 0x6184, 0x61A5, 0x69A5, 0x61A4, 0x61A4,
    0x5985, 0x71A4, 0x7264, 0x5184, 0x5964, 0x59A4, 0x5184, 0x5964,
    0x5164, 0x5184, 0x5184, 0x5163, 0x5164, 0x5163, 0x5163, 0x4963,
    0x4963, 0x5183, 0x30A1, 0x736C, 0xCE57, 0xEED7, 0xE673, 0xF6D4,
    0xEF9B, 0x7C53, 0x41A1, 0x2142, 0x2961, 0x2981, 0x18E0, 0x52A3,
    0xE6A9, 0x9528, 0x3122, 0xDC43, 0xEF48, 0xCDC7, 0x7324, 0x48E1,
    0x5942, 0x71C3, 0x6204, 0x4963, 0x4902, 0x4942, 0x40E2, 0x48E1,
    0x40E2, 0x5922, 0x5963, 0x5143, 0x69A3, 0x69E4, 0x4943, 0x7142,
    0x7942, 0x5901, 0x40E2, 0x48E2, 0x5963, 0x4902, 0x4903, 0x40A2,
    0x38A1, 0x40C2, 0x40C2, 0x48E2, 0x4102, 0x38E2, 0x38A2, 0x3881,
    0x38A2, 0x38A2, 0x38C2, 0x38C2, 0x38C1, 0x30A1, 0x38C1, 0x38C1,
    0x38C2, 0x4102, 0x5142, 0x38E1, 0x4101, 0x4102, 0x4902, 0x4902,
    0x4902, 0x4902, 0x4922, 0x5122, 0x5122, 0x4922, 0x5122, 0x4922,
    0x5142, 0x5122, 0x5142, 0x5142, 0x5142, 0x5142, 0x5162, 0x5962,
    0x5962, 0x5962, 0x59A2, 0x61C3, 0x61A3, 0x5983, 0x61E3, 0x59C4,
    0x61E4, 0x61E4, 0x6204, 0x6A24, 0x7224, 0x7A44, 0x7A44, 0x7A03,
    0x7A03, 0x79E3, 0x79E3, 0x7A03, 0x7203, 0x71E2, 0x71E2, 0x6940,
    0x5AAD, 0xAF1D, 0xE773, 0xCE01, 0xADA3, 0x9449, 0x9886, 0x9163,
    0xD3E1, 0xFB61, 0xCA64, 0xA8C7, 0xD8E9, 0xD127, 0x6942, 0x3104,
    0x74F2, 0xFF50, 0xCD4B, 0xB4EC, 0xBD2C, 0x9AE9, 0xD8CC, 0xE14C,
    0xE94C, 0x90C4, 0x2040, 0x2860, 0x2881, 0x30E2, 0x3902, 0x40C3,
    0x60A4, 0x7883, 0x6863, 0x6883, 0x6882, 0x5841, 0x3081, 0x28E2,
    0x4102, 0x40E2, 0x40E2, 0x40E2, 0x40E2, 0x40C2, 0x40E2, 0x40E1,
    0x40C2, 0x4102, 0x48E2, 0x40C2, 0x40C2, 0x40C2, 0x40C2, 0x48C1,
    0x3061, 0x2061, 0x3081, 0x3081, 0x3081, 0x3081, 0x3081, 0x3081,
    0x3081, 0x3081, 0x3881, 0x3881, 0x3881, 0x3881, 0x3881, 0x3881,
    0x3881, 0x3882, 0x3882, 0x3882, 0x4081, 0x4081, 0x40E2, 0x5922,
    0x4082, 0x40A2, 0x40C2, 0x40C2, 0x40C2, 0x40C2, 0x40E2, 0x40E2,
    0x9207, 0x9166, 0x9105, 0xA105, 0x9146, 0x9106, 0x9945, 0x9126,
    0x8906, 0x9105, 0x9145, 0x5105, 0x30E4, 0x3104, 0x3984, 0x3985,
    0x28E4, 0x30E4, 0x6164, 0x69E5, 0x61A5, 0x69C5, 0x61E5, 0x61A5,
    0x69C5, 0x5985, 0x6204, 0x5A27, 0x5965, 0x59A4, 0x59C5, 0x5164,
    0x59A4, 0x51A4, 0x5164, 0x5164, 0x4964, 0x5164, 0x5164, 0x5163,
    0x4943, 0x4963, 0x5163, 0x2861, 0x6264, 0xA4F0, 0xBE14, 0xBE36,
    0x84D5, 0x41E6, 0x2941, 0x2961, 0x2961, 0x2961, 0x2981, 0x10E0,
    0x5304, 0x4AE5, 0x5141, 0xEE66, 0xFFC9, 0xC628, 0x5A64, 0x6122,
    0x5983, 0x4963, 0x4922, 0x48E2, 0x4902, 0x4102, 0x5102, 0x40E2,
    0x5122, 0x61A4, 0x5143, 0x69A3, 0x69E4, 0x4143, 0x5942, 0x9A63,
    0xE4C3, 0xA363, 0x4922, 0x4922, 0x5123, 0x4922, 0x48E2, 0x5922,
    0x40E2, 0x48E2, 0x40E2, 0x38C2, 0x38A2, 0x38A2, 0x38C2, 0x38C2,
    0x38A2, 0x30A1, 0x30A1, 0x30A1, 0x3081, 0x3881, 0x38A1, 0x38A1,
    0x38A1, 0x4102, 0x4962, 0x38C1, 0x4102, 0x4102, 0x4122, 0x4942,
    0x4943, 0x5163, 0x5183, 0x59A3, 0x61A3, 0x69A3, 0x69A3, 0x69C3,
    0x69C3, 0x69A3, 0x69A3, 0x69A3, 0x69A2, 0x69A2, 0x69A2, 0x6182,
    0x6182, 0x5962, 0x5962, 0x5962, 0x61E3, 0x61A3, 0x59A3, 0x59A3,
    0x61C3, 0x61A3, 0x59A3, 0x59A3, 0x6203, 0x6A23, 0x61E3, 0x6A03,
    0x7223, 0x7A23, 0x7A23, 0x7A23, 0x7A23, 0x7A03, 0x7A03, 0x7A02,
    0x71A3, 0x61A6, 0x73EB, 0x9CC2, 0x6AC2, 0x72E8, 0x9845, 0x7A02,
    0x8C22, 0xD441, 0xBB64, 0x8128, 0xE0E9, 0xE128, 0x7124, 0x5988,
    0x9D73, 0xCDEC, 0xB4EC, 0xB4EC, 0xAC69, 0xA92A, 0xE92B, 0xD92B,
    0xE128, 0x3840, 0x4A25, 0x9AE4, 0x6981, 0x38A0, 0x2861, 0x2081,
    0x20A2, 0x4083, 0x6883, 0x78A3, 0x6083, 0x6062, 0x6041, 0x4041,
    0x20C1, 0x3902, 0x40E1, 0x40E2, 0x4102, 0x4902, 0x40E1, 0x40E2,
    0x4122, 0x4902, 0x40E2, 0x40E2, 0x40E2, 0x48C2, 0x40C2, 0x40E2,
    0x48C1, 0x3061, 0x2081, 0x38A1, 0x3881, 0x3081, 0x3081, 0x3081,
    0x3081, 0x3081, 0x3881, 0x3881, 0x3881, 0x3881, 0x3881, 0x3881,
    0x3881, 0x3881, 0x3881, 0x3882, 0x4081, 0x4081, 0x40E2, 0x4942,
    0x4081, 0x40C2, 0x48C2, 0x48C2, 0x40C2, 0x40C2, 0x48C2, 0x40C2,
    0x9927, 0x9906, 0x9126, 0x9105, 0x9945, 0x9146, 0x9106, 0x9125,
    0x9126, 0x8926, 0x5105, 0x4124, 0x5145, 0x4924, 0x3104, 0x28E4,
    0x4105, 0x6184, 0x69C5, 0x69C5, 0x69C5, 0x61C5, 0x61E5, 0x59C6,
    0x61A5, 0x61C5, 0x6185, 0x5985, 0x5966, 0x5984, 0x5985, 0x5985,
    0x5164, 0x5185, 0x5164, 0x4944, 0x4963, 0x5164, 0x59A4, 0x6984,
    0x69A3, 0x5163, 0x5163, 0x4964, 0x30E1, 0x6222, 0x6A86, 0x6286,
    0x41A3, 0x20E1, 0x2101, 0x1901, 0x2141, 0x2961, 0x2941, 0x61C0,
    0x9B24, 0x7AA5, 0x9363, 0xE6E8, 0xFFE9, 0xBE89, 0x51A4, 0x6183,
    0x4143, 0x48E2, 0x4902, 0x48E2, 0x48E2, 0x48E2, 0x5122, 0x40E2,
    0x5962, 0x5163, 0x5962, 0x69C4, 0x5143, 0x40E2, 0x6163, 0x72A4,
    0xBEEC, 0x84EB, 0x4123, 0x40E2, 0x4903, 0x4103, 0x4922, 0x51C3,
    0x40E2, 0x40E2, 0x38A2, 0x38A1, 0x38A1, 0x38A2, 0x38C2, 0x38C2,
    0x38C2, 0x38A2, 0x38A2, 0x40A1, 0x40A2, 0x40C2, 0x40C2, 0x40C2,
    0x40C2, 0x40C2, 0x40C2, 0x40E2, 0x40E2, 0x48E2, 0x4902, 0x4902,
    0x4902, 0x4902, 0x4102, 0x4123, 0x4943, 0x51A3, 0x51A4, 0x59A4,
    0x59A4, 0x59C4, 0x61E4, 0x61E4, 0x6204, 0x6A04, 0x6A04, 0x7224,
    0x7224, 0x7224, 0x7204, 0x69E3, 0x69C3, 0x69C3, 0x61A3, 0x5943,
    0x5143, 0x5123, 0x5123, 0x5943, 0x5962, 0x5942, 0x5942, 0x5962,
    0x5942, 0x5142, 0x5122, 0x4921, 0x6181, 0x7A03, 0x8203, 0x8203,
    0x7A02, 0x71C2, 0x7182, 0x69A2, 0x6B04, 0x8268, 0x8002, 0x6281,
    0x94A2, 0xCE62, 0x9B83, 0x4968, 0xD909, 0xE929, 0x8103, 0x5924,
    0x6A89, 0xB54C, 0xB48B, 0xBD0B, 0x9AA8, 0xD0CA, 0xD92A, 0xE10A,
    0xA145, 0x6920, 0x4207, 0xA4AC, 0xBCCB, 0xBC68, 0xA304, 0x71C2,
    0x5121, 0x30A1, 0x2863, 0x4863, 0x6862, 0x6882, 0x6063, 0x6862,
    0x5040, 0x1861, 0x28C2, 0x40E2, 0x38C2, 0x38A1, 0x38C2, 0x38C2,
    0x38C2, 0x38C2, 0x38C2, 0x38C2, 0x38C1, 0x38A2, 0x38A1, 0x38A1,
    0x38A1, 0x38A1, 0x2861, 0x2881, 0x3881, 0x3081, 0x3081, 0x3081,
    0x3081, 0x3081, 0x3881, 0x3881, 0x3881, 0x3881, 0x3881, 0x3881,
    0x38A2, 0x38A2, 0x3881, 0x3881, 0x4081, 0x40A1, 0x4081, 0x4082,
    0x40E2, 0x48E1, 0x48C2, 0x48A2, 0x40C2, 0x48C2, 0x48E2, 0x5102,
    0x8926, 0x9106, 0x9126, 0x9106, 0x9105, 0x9146, 0x9126, 0x9106,
    0x8926, 0x8966, 0x91A5, 0x79A5, 0x4945, 0x38C4, 0x6924, 0x7205,
    0x6164, 0x6185, 0x69C6, 0x69C5, 0x69E5, 0x61C5, 0x59A5, 0x5185,
    0x5145, 0x5165, 0x5985, 0x5185, 0x5944, 0x5984, 0x5184, 0x5164,
    0x6184, 0x5984, 0x5144, 0x5144, 0x5144, 0x5143, 0x5184, 0x69C4,
    0x8304, 0x5A65, 0x4943, 0x5163, 0x4123, 0x3922, 0x72A2, 0x41E1,
    0x28C1, 0x6941, 0x9B63, 0x7303, 0x5201, 0x2141, 0x59C1, 0xC54E,
    0xADF4, 0x9D12, 0x7B6B, 0x7B86, 0x7D27, 0x7486, 0x5943, 0x4122,
    0x40E1, 0x48E2, 0x48E2, 0x48E2, 0x48E2, 0x48E2, 0x4902, 0x4902,
    0x5963, 0x5943, 0x5942, 0x5143, 0x4102, 0x5122, 0x5963, 0x4124,
    0x536D, 0x4AAD, 0x40A3, 0x40C2, 0x4902, 0x40C2, 0x40E2, 0x4124,
    0x40C2, 0x40A2, 0x38A2, 0x38A1, 0x38C2, 0x40C2, 0x38A2, 0x38A2,
    0x38A2, 0x38A2, 0x40A2, 0x38A2, 0x40A2, 0x40C2, 0x40C2, 0x40C2,
    0x40C2, 0x40C2, 0x40E2, 0x40E2, 0x48E2, 0x4902, 0x4902, 0x4902,
    0x4902, 0x4902, 0x5122, 0x5121, 0x5122, 0x5142, 0x5122, 0x5142,
    0x5962, 0x6183, 0x69A3, 0x61A3, 0x61A3, 0x61A3, 0x69C3, 0x61C3,
    0x69E2, 0x5982, 0x7203, 0x9243, 0x9AA3, 0xA2A2, 0xAB22, 0xBB42,
    0xBB82, 0xC3A2, 0xCBC3, 0xCBE2, 0xCBE2, 0xCC42, 0xD482, 0xBC00,
    0xA3C1, 0xA3C1, 0x9324, 0xB48D, 0xD4CB, 0x7A02, 0x59C3, 0x61C3,
    0x7244, 0x9AA3, 0x81E2, 0x69A2, 0x7A87, 0x8145, 0x70A2, 0x9441,
    0x8382, 0x9523, 0x8301, 0x49C9, 0xC14A, 0xF12B, 0xA163, 0x58E1,
    0x5987, 0x9CEC, 0xC4EB, 0xA449, 0xA908, 0xD909, 0xD929, 0xD107,
    0x5081, 0x72E9, 0x92A4, 0x5289, 0xB56D, 0xCDAC, 0xBCED, 0xBCAA,
    0xA366, 0x7203, 0x5140, 0x40C1, 0x50A2, 0x6842, 0x6062, 0x5862,
    0x5862, 0x5841, 0x2020, 0x1081, 0x40E1, 0x40A1, 0x3881, 0x3081,
    0x38A1, 0x3881, 0x3081, 0x3081, 0x3881, 0x3881, 0x3081, 0x3081,
    0x3081, 0x3081, 0x3881, 0x2861, 0x2881, 0x3881, 0x3081, 0x3081,
    0x38A1, 0x3881, 0x3881, 0x3881, 0x3881, 0x3881, 0x3881, 0x38C1,
    0x40A2, 0x38A2, 0x38A1, 0x38A1, 0x40A1, 0x40A1, 0x4082, 0x40C2,
    0x40C1, 0x40A1, 0x40A1, 0x40A2, 0x48C2, 0x48C2, 0x40E3, 0x5162,
    0x9126, 0x8906, 0x9106, 0x9106, 0x9106, 0x9125, 0x8926, 0x9186,
    0x99E6, 0xA1E6, 0xA1C6, 0xA9E5, 0xB245, 0xA327, 0x7A46, 0x82A7,
    0x8B8A, 0x69E6, 0x5945, 0x5985, 0x5985, 0x5185, 0x5165, 0x5165,
    0x4945, 0x4924, 0x5165, 0x5165, 0x5145, 0x5184, 0x5185, 0x5164,
    0x5964, 0x6A25, 0x59C5, 0x5984, 0x5164, 0x5164, 0x4963, 0x5164,
    0x5A45, 0x5268, 0x5165, 0x4943, 0x5163, 0x4123, 0x3102, 0x3102,
    0x59C2, 0x83E5, 0x4B86, 0x6325, 0x9467, 0x51E3, 0x5982, 0x5208,
    0x4945, 0x4944, 0x5144, 0x48E3, 0x49A2, 0x54C4, 0x59A3, 0x5922,
    0x4942, 0x40E2, 0x4902, 0x4902, 0x48E2, 0x40E2, 0x48E2, 0x7182,
    0x5143, 0x5963, 0x5983, 0x3902, 0x38C2, 0x5143, 0x5143, 0x4902,
    0x38E4, 0x38E5, 0x40E2, 0x40E2, 0x4102, 0x40E2, 0x38C2, 0x38A2,
    0x40E2, 0x40C2, 0x38C2, 0x40C2, 0x38C2, 0x38C2, 0x38C2, 0x38A2,
    0x38A2, 0x38A2, 0x40C2, 0x40C2, 0x40C2, 0x40C2, 0x40C2, 0x40C2,
    0x40C2, 0x40E2, 0x40E2, 0x4902, 0x4902, 0x5122, 0x5142, 0x5922,
    0x5142, 0x5963, 0x5942, 0x5103, 0x5123, 0x5163, 0x59A4, 0x59E6,
    0x69E6, 0x69C6, 0x61E6, 0x61E6, 0x79E6, 0x8A05, 0x6266, 0x7AE7,
    0x9467, 0x8BC6, 0x9467, 0xFE47, 0xFE06, 0xFE26, 0xFE45, 0xFE44,
    0xF604, 0xEDA3, 0xF663, 0xF602, 0xF603, 0xFDE2, 0xCD45, 0xCDEF,
    0xE6B3, 0xE6B2, 0xDE13, 0xEF5C, 0xFFFC, 0xC448, 0x48E1, 0x58E1,
    0x6B90, 0xF758, 0xF60F, 0x79E2, 0x4A68, 0x88C4, 0x68E2, 0x6AA1,
    0x5A21, 0x5A81, 0x3900, 0x63AB, 0xB26B, 0xE8CB, 0xCA27, 0x7A22,
    0x5881, 0x6AC9, 0xB56B, 0x99E6, 0xD0C8, 0xD108, 0xD908, 0x70E3,
    0x48E1, 0x944E, 0xD52D, 0x6206, 0x84ED, 0xC4EB, 0x9388, 0x8B8A,
    0x940D, 0xA46D, 0x9BEB, 0xB3E7, 0x92C5, 0x8A24, 0x6822, 0x6063,
    0x6082, 0x6062, 0x6862, 0x40A1, 0x18C1, 0x38C1, 0x48E1, 0x5921,
    0x50A1, 0x3881, 0x30A1, 0x4121, 0x6161, 0x50A1, 0x3881, 0x3081,
    0x3081, 0x3081, 0x30A1, 0x3881, 0x2861, 0x2881, 0x3081, 0x30A1,
    0x30A1, 0x3081, 0x3882, 0x3881, 0x3881, 0x3882, 0x38A2, 0x38C1,
    0x40A1, 0x3882, 0x3881, 0x3881, 0x38A1, 0x40A1, 0x40A1, 0x40A1,
    0x40A1, 0x40A1, 0x40A1, 0x40A2, 0x48C2, 0x48C2, 0x40A2, 0x40A2,
    0x9106, 0x9126, 0x8906, 0x8905, 0x9166, 0x91E6, 0x9A27, 0xA1C7,
    0xA9E5, 0xBA46, 0xCB47, 0xD469, 0xD56D, 0xE60F, 0xC54F, 0x7A28,
    0x7A47, 0x82E9, 0x7A47, 0x5985, 0x5965, 0x5965, 0x5165, 0x5165,
    0x4945, 0x4945, 0x4924, 0x5145, 0x5145, 0x4964, 0x4945, 0x5165,
    0x5964, 0x59A4, 0x51C6, 0x59A5, 0x51A5, 0x5164, 0x5164, 0x5163,
    0x5144, 0x5165, 0x5164, 0x5163, 0x4943, 0x5183, 0x38E3, 0x28E2,
    0x29C2, 0x2183, 0x30E1, 0x4901, 0x4123, 0x4943, 0x4123, 0x4902,
    0x4922, 0x4102, 0x4102, 0x5142, 0x4902, 0x5428, 0x6347, 0x4923,
    0x4102, 0x4902, 0x4902, 0x4902, 0x48E2, 0x40E2, 0x4902, 0x7283,
    0x5983, 0x5963, 0x4123, 0x38C2, 0x6162, 0x5143, 0x5143, 0x40E2,
    0x38A1, 0x40C2, 0x40E2, 0x40E2, 0x38C2, 0x4102, 0x40C2, 0x40A1,
    0x38E2, 0x40E2, 0x40C2, 0x40E2, 0x38C2, 0x38C2, 0x38C2, 0x40A1,
    0x38A2, 0x38A1, 0x40C2, 0x40C2, 0x40C2, 0x40C2, 0x40C2, 0x40C2,
    0x40E2, 0x48E2, 0x48E2, 0x4922, 0x4943, 0x4942, 0x5142, 0x5123,
    0x5122, 0x4142, 0x5203, 0x72E3, 0x7B03, 0x7A62, 0x7A02, 0x7202,
    0x8263, 0x71C2, 0x5922, 0x48C2, 0x6A83, 0x7A63, 0x6163, 0x69A3,
    0x61E4, 0x69E3, 0x91E4, 0x8BA6, 0x8405, 0xABA6, 0xBB87, 0xCB66,
    0xCBA8, 0xD368, 0xD448, 0xE607, 0xF626, 0xEDE2, 0xBD31, 0xF77D,
    0xF75A, 0xF73B, 0xEF39, 0xE6B7, 0xEF3B, 0xCD2E, 0x4900, 0x58E1,
    0x84B3, 0xFFBB, 0xFF5A, 0x9386, 0x7247, 0x7842, 0x4141, 0x5181,
    0x61C1, 0x6260, 0x30C0, 0x744B, 0xB44C, 0xC0CB, 0xE14A, 0x9BE6,
    0x8141, 0x4944, 0x7A47, 0xC8E6, 0xD107, 0xD0E7, 0x78E3, 0x40A1,
    0x8328, 0xB4CA, 0xB4EF, 0xA306, 0x4A47, 0x7307, 0x73AC, 0xACCE,
    0xAC8C, 0xAC8B, 0xAC4D, 0xBDD4, 0xC448, 0x8B49, 0x9AC5, 0x7042,
    0x6063, 0x6063, 0x6084, 0x6882, 0x4840, 0x10A3, 0x3A03, 0x7221,
    0x58E2, 0x40A2, 0x4185, 0x5A63, 0x71C1, 0x48A1, 0x3081, 0x3081,
    0x3081, 0x3081, 0x3081, 0x3081, 0x3881, 0x2861, 0x2881, 0x3881,
    0x3081, 0x3081, 0x3881, 0x3881, 0x3881, 0x3882, 0x40C2, 0x40A1,
    0x3882, 0x38A2, 0x38A1, 0x3881, 0x3881, 0x4081, 0x40A1, 0x40A1,
    0x40A1, 0x40A1, 0x40A1, 0x40A1, 0x40A2, 0x40A2, 0x40A2, 0x40A2,
    0x8906, 0x8946, 0x89A6, 0x91C7, 0x99C6, 0xA9C6, 0xB226, 0xBAE7,
    0xD449, 0xDD6D, 0xEE30, 0xDE72, 0xD5B1, 0xCD4F, 0xCD90, 0x8ACA,
    0x8246, 0x7267, 0x7AC8, 0x6248, 0x69E5, 0x7AC7, 0x61E7, 0x5145,
    0x5145, 0x4945, 0x4924, 0x4924, 0x4945, 0x4944, 0x4925, 0x4904,
    0x5164, 0x61A4, 0x59A5, 0x5965, 0x59A4, 0x5164, 0x5164, 0x5164,
    0x5164, 0x5163, 0x5164, 0x5163, 0x5163, 0x4963, 0x5163, 0x30C2,
    0x2941, 0x4141, 0x5962, 0x4943, 0x4902, 0x40E2, 0x4902, 0x4923,
    0x4102, 0x5142, 0x5163, 0x4143, 0x40E1, 0x6225, 0x52AC, 0x40E1,
    0x4102, 0x4902, 0x48E2, 0x5122, 0x48E2, 0x38E2, 0x5122, 0x59E5,
    0x4985, 0x4102, 0x38C2, 0x48E1, 0x59C3, 0x5183, 0x4923, 0x40C1,
    0x40C2, 0x40C2, 0x40E2, 0x38C2, 0x40C2, 0x38C2, 0x38C2, 0x40C2,
    0x38C2, 0x40C2, 0x40C2, 0x40C2, 0x40C2, 0x38C1, 0x38A2, 0x40C2,
    0x40C2, 0x40C2, 0x40C2, 0x40C2, 0x40C2, 0x40C2, 0x40C2, 0x40E2,
    0x40E2, 0x48E2, 0x4902, 0x4902, 0x4902, 0x4902, 0x5122, 0x5122,
    0x5122, 0x5142, 0x51A2, 0x51C3, 0x5A22, 0x61E2, 0x6242, 0x7323,
    0x7BE4, 0x8BC3, 0x9403, 0x9BE3, 0x9CC4, 0x9363, 0x92A4, 0x8244,
    0x7A04, 0xAA44, 0xE284, 0x8183, 0x71E3, 0x71E2, 0x7A22, 0x8323,
    0x8C86, 0xAC44, 0xC202, 0xD365, 0xDC66, 0xCB47, 0xB595, 0xE6F9,
    0xEF1A, 0xF73A, 0xEF19, 0xEEF8, 0xE6D5, 0xD52C, 0x58E0, 0x5102,
    0x7CB5, 0xB638, 0x8C2D, 0x6B66, 0x8186, 0x6881, 0x41A1, 0x39A1,
    0x49C1, 0x69E1, 0x38C2, 0x7C4B, 0xC54C, 0x9A2B, 0xE88B, 0xC32A,
    0x93A5, 0x8083, 0xC8C6, 0xD906, 0xC906, 0x68C3, 0x40A1, 0x7AC7,
    0xB4EC, 0xB48B, 0xAC6B, 0xB428, 0x6962, 0x5AEA, 0xB4AC, 0xAC2A,
    0xAC4A, 0xAC4A, 0xAC29, 0xA40E, 0xBDB2, 0x92E5, 0x83AB, 0xAB87,
    0x78A2, 0x6043, 0x6083, 0x6083, 0x6863, 0x50C5, 0x31A3, 0x3941,
    0x40C1, 0x2843, 0x2926, 0x3963, 0x4901, 0x48C1, 0x40A1, 0x40A1,
    0x3881, 0x3081, 0x3081, 0x3081, 0x3081, 0x3081, 0x2861, 0x2881,
    0x3881, 0x3081, 0x3881, 0x3881, 0x38A2, 0x40E1, 0x48A1, 0x3881,
    0x3882, 0x38A2, 0x3881, 0x3881, 0x3881, 0x40A1, 0x40A1, 0x40A1,
    0x40A1, 0x40A1, 0x40A1, 0x40A1, 0x40A2, 0x40A2, 0x40A2, 0x40A2,
    0xA207, 0xB247, 0xBA87, 0xC2E7, 0xCB88, 0xD46A, 0xDD4D, 0xDDCF,
    0xD5D0, 0xD5B0, 0xD590, 0xD5B0, 0xD5B1, 0xCD50, 0xD5AF, 0x9B8C,
    0x79C5, 0x8226, 0x7227, 0x69E6, 0x9307, 0xABAA, 0x9B49, 0x69E5,
    0x5964, 0x5145, 0x5125, 0x4924, 0x4924, 0x4924, 0x4924, 0x4104,
    0x4904, 0x5984, 0x61C5, 0x61A5, 0x61A4, 0x59A4, 0x5164, 0x5164,
    0x5164, 0x5164, 0x5164, 0x5164, 0x5163, 0x4963, 0x5163, 0x3903,
    0x38E2, 0x5922, 0x4923, 0x48E2, 0x4102, 0x4902, 0x4902, 0x4102,
    0x4922, 0x4943, 0x4102, 0x4102, 0x6183, 0x5163, 0x38E8, 0x40E3,
    0x4101, 0x4102, 0x40E2, 0x4922, 0x4942, 0x4102, 0x5183, 0x4123,
    0x40E2, 0x38C1, 0x4902, 0x5163, 0x5143, 0x4923, 0x38C2, 0x40E2,
    0x38C2, 0x38C2, 0x40C2, 0x38C2, 0x38C2, 0x38A2, 0x38C2, 0x38C2,
    0x38C2, 0x40C2, 0x40C2, 0x40C2, 0x40C2, 0x40C2, 0x40C2, 0x40C2,
    0x40C2, 0x40E2, 0x40C2, 0x40E2, 0x40C2, 0x40C2, 0x40E2, 0x48E2,
    0x48E2, 0x48E2, 0x4902, 0x4902, 0x5102, 0x5122, 0x5142, 0x5962,
    0x5962, 0x61A3, 0x6162, 0x6142, 0x6142, 0x6162, 0x6142, 0x5922,
    0x5922, 0x5962, 0x61C2, 0x6A23, 0x7B06, 0x7B63, 0x9364, 0x8B45,
    0x9B85, 0xEC64, 0xC2E4, 0x9324, 0x8244, 0x8204, 0x8205, 0x79E4,
    0x7203, 0x7223, 0x7A81, 0x9201, 0xAA61, 0xCA40, 0xA34C, 0xCE96,
    0xF739, 0xF73A, 0xF73A, 0xFFBC, 0xEF37, 0xDE11, 0x7181, 0x51C4,
    0xA3C6, 0x51E2, 0x4A20, 0x7308, 0x7843, 0x59E1, 0x5A41, 0x59C1,
    0x41C1, 0x5A60, 0x30E3, 0x948C, 0xC52B, 0xAC6D, 0xA94B, 0xC8C8,
    0xB125, 0xD8C5, 0xD0A5, 0xA0C4, 0x50A2, 0x5101, 0x9327, 0xB4CB,
    0xAC6A, 0xAC8B, 0xAC6B, 0xAC8A, 0xB44A, 0xB44A, 0xAC4A, 0xAC4B,
    0xAC4A, 0xAC2A, 0xA44B, 0xAC29, 0xAC6F, 0x9B87, 0x5A06, 0x9C2C,
    0xABA8, 0x78E2, 0x6022, 0x6863, 0x6064, 0x6084, 0x60A2, 0x4903,
    0x5A87, 0x9346, 0x81E3, 0x5161, 0x40C0, 0x2840, 0x2041, 0x2882,
    0x38A2, 0x40A1, 0x40A1, 0x40A1, 0x3881, 0x3881, 0x3881, 0x3881,
    0x3081, 0x3881, 0x3882, 0x38C2, 0x4102, 0x40E1, 0x3881, 0x3881,
    0x38A2, 0x38A2, 0x3882, 0x38A2, 0x38A1, 0x40A1, 0x4081, 0x40A1,
    0x40A1, 0x4081, 0x40A1, 0x40A1, 0x40A1, 0x4082, 0x40A2, 0x40A2,
    0xDD4D, 0xE5AE, 0xE60F, 0xE630, 0xE631, 0xDDF1, 0xD5B0, 0xD570,
    0xD56F, 0xD58F, 0xD590, 0xD590, 0xCD8F, 0xCD70, 0xD58F, 0xAC6E,
    0x8206, 0x7A26, 0x7206, 0x7226, 0x7268, 0x9BAA, 0xDE50, 0xD5F2,
    0x82E9, 0x5165, 0x5145, 0x5124, 0x6144, 0x4924, 0x4924, 0x4904,
    0x4904, 0x4924, 0x5984, 0x6A05, 0x6A25, 0x61C5, 0x59A5, 0x59A4,
    0x5184, 0x5184, 0x5144, 0x69C4, 0x5163, 0x4943, 0x5163, 0x5143,
    0x5942, 0x5123, 0x48E3, 0x4903, 0x48E3, 0x40E2, 0x4902, 0x4122,
    0x4102, 0x4902, 0x4902, 0x4902, 0x5163, 0x4122, 0x5123, 0x6966,
    0x4122, 0x4902, 0x4102, 0x4102, 0x4123, 0x4102, 0x3902, 0x40E2,
    0x4102, 0x5122, 0x5963, 0x4923, 0x40E2, 0x38C2, 0x40E2, 0x38C2,
    0x40C2, 0x38C2, 0x38C2, 0x38C2, 0x40C2, 0x40C2, 0x40C2, 0x38C2,
    0x38C2, 0x38C2, 0x40C2, 0x40C2, 0x38C2, 0x40C2, 0x40E2, 0x40C2,
    0x40C2, 0x40E2, 0x40C2, 0x40C2, 0x40C2, 0x40C2, 0x40C2, 0x40E2,
    0x48E2, 0x4902, 0x4902, 0x5102, 0x5122, 0x5122, 0x5922, 0x5962,
    0x5963, 0x6183, 0x6183, 0x61A3, 0x69A3, 0x69A3, 0x69C3, 0x71E3,
    0x7A03, 0x7A24, 0x7A24, 0x8204, 0x81E5, 0x71E3, 0x71E4, 0x71E4,
    0xA3A5, 0xFE05, 0xBB45, 0x8C06, 0x9C24, 0x9C04, 0x9364, 0x8AA4,
    0x8224, 0x79E4, 0x79E4, 0x7A23, 0x7A83, 0x8AE1, 0x8222, 0xA5B9,
    0xEFBD, 0xE77B, 0xE73C, 0xB5B6, 0x73CF, 0xA551, 0x8283, 0xAD75,
    0xFEB2, 0x6A20, 0x62E6, 0x7167, 0x68A2, 0x5AA1, 0x5A81, 0x7341,
    0x5A22, 0x4180, 0x2904, 0xA50D, 0xBD0C, 0xB52C, 0xB4AB, 0x9AC7,
    0xB165, 0xB145, 0xA2C7, 0x9B65, 0x8AC5, 0xAC4A, 0xBCCB, 0xAC6A,
    0xAC6A, 0xAC6B, 0xAC8B, 0xAC6B, 0xAC4A, 0xAC4B, 0xAC4A, 0xAC4A,
    0xAC4A, 0xA44A, 0xA44B, 0xAC2A, 0xA40A, 0xB42A, 0x6A04, 0x72C8,
    0xA44B, 0xAC0A, 0x8963, 0x6022, 0x6883, 0x6042, 0x5842, 0x5882,
    0x40E3, 0x528B, 0x9CEE, 0xBCA9, 0xA387, 0x92C4, 0x71A2, 0x48E0,
    0x2840, 0x2021, 0x2041, 0x30A2, 0x40C2, 0x48C1, 0x40A1, 0x40C1,
    0x40A1, 0x40A1, 0x3882, 0x38A2, 0x38A1, 0x3881, 0x3881, 0x3881,
    0x3881, 0x38A2, 0x3881, 0x38A1, 0x38A1, 0x40A1, 0x40A1, 0x40A1,
    0x40A1, 0x40A1, 0x40A1, 0x40A1, 0x40A1, 0x40A2, 0x40A2, 0x48C2,
    0x9A6A, 0xA32B, 0xB3AC, 0xBC6E, 0xCCEF, 0xD550, 0xD5B0, 0xD5D1,
    0xD5D1, 0xD5D0, 0xD5B0, 0xD5B0, 0xD570, 0xCD4F, 0xD56F, 0xBD0F,
    0x8247, 0x8206, 0x7206, 0x71E6, 0x69A5, 0x5944, 0x6206, 0xA3EE,
    0xB4AF, 0x61C6, 0x5964, 0x4925, 0x7184, 0x6A85, 0x4945, 0x5124,
    0x4924, 0x5124, 0x4924, 0x5964, 0x51A4, 0x6A04, 0x4924, 0x38C3,
    0x40E3, 0x40E3, 0x61C4, 0x59A4, 0x6205, 0x4964, 0x5103, 0x6203,
    0x4963, 0x48E3, 0x4903, 0x4903, 0x4903, 0x4903, 0x4103, 0x4102,
    0x4902, 0x4903, 0x4902, 0x4102, 0x38E2, 0x5142, 0x61C4, 0x6166,
    0x4102, 0x4102, 0x4102, 0x4102, 0x40E2, 0x4102, 0x40E2, 0x38E2,
    0x4922, 0x4123, 0x40E2, 0x40E2, 0x38E2, 0x40E2, 0x40E2, 0x38C2,
    0x40E2, 0x40E2, 0x38C2, 0x40C2, 0x40C2, 0x40C2, 0x4902, 0x40C2,
    0x40C2, 0x40C2, 0x38C2, 0x40C2, 0x40C2, 0x40C2, 0x40E2, 0x4902,
    0x40C2, 0x40C2, 0x40C2, 0x40C2, 0x40C2, 0x40E2, 0x4902, 0x5122,
    0x4902, 0x4902, 0x48E2, 0x4902, 0x48E2, 0x48E2, 0x4902, 0x48E2,
    0x48E2, 0x5122, 0x5942, 0x5963, 0x6183, 0x69C3, 0x7A24, 0x7A24,
    0x7A24, 0x7A24, 0x7A24, 0x7A24, 0x7A44, 0x7A44, 0x8264, 0x7A44,
    0x9665, 0xBFA6, 0x92E4, 0x79E4, 0x7A24, 0x7A84, 0x8324, 0x8BA3,
    0x93C3, 0x9363, 0x8AA3, 0x8203, 0x79E3, 0x79E4, 0x7A23, 0x7A28,
    0x7AEE, 0x738E, 0x62E9, 0x4A21, 0x49C0, 0x7C90, 0xF717, 0xFF7C,
    0xF6D4, 0x7AA1, 0x6228, 0x7843, 0x5161, 0x4A21, 0x49E1, 0x49E1,
    0x41C2, 0x3940, 0x2985, 0xAD6E, 0xBD0C, 0xB4EC, 0xB4EC, 0xBD4D,
    0xACCC, 0xACAA, 0xB4EB, 0xB4EB, 0xBCEB, 0xB4AB, 0xAC6A, 0xB46A,
    0xAC6A, 0xAC6A, 0xAC6A, 0xAC6A, 0xAC4A, 0xAC4A, 0xAC4A, 0xAC4A,
    0xAC2A, 0xA42A, 0xA42A, 0xA42A, 0xA409, 0xAC6D, 0x9B26, 0x5A06,
    0x9389, 0xA40B, 0xAC2B, 0x89A3, 0x6002, 0x6062, 0x5863, 0x5863,
    0x6082, 0x48A2, 0x41C8, 0x7BCB, 0xAC4B, 0xAC4B, 0xB46B, 0xB429,
    0xA386, 0x8A83, 0x6181, 0x40C0, 0x5060, 0x2041, 0x2861, 0x38A2,
    0x40C2, 0x48C2, 0x48A1, 0x4081, 0x3881, 0x3881, 0x3881, 0x38A1,
    0x3881, 0x3882, 0x3881, 0x38A2, 0x38A1, 0x40A1, 0x4081, 0x40A2,
    0x40A1, 0x40A1, 0x4081, 0x4081, 0x40A1, 0x40A2, 0x40A2, 0x48A2,
    0x9907, 0x9126, 0x88E6, 0x8126, 0x8967, 0x89C8, 0x9A68, 0xA2EA,
    0xB3AC, 0xBC2E, 0xC4EF, 0xCD30, 0xCD70, 0xCD90, 0xCD70, 0xC590,
    0x72AA, 0x61C5, 0x59A6, 0x59A6, 0x59A6, 0x61A6, 0x5985, 0x7A05,
    0x830A, 0xB46B, 0x62C9, 0x5944, 0x4904, 0x5205, 0x4168, 0x40C4,
    0x4104, 0x38C4, 0x6123, 0x8A44, 0xA387, 0xA388, 0xA409, 0xA3E9,
    0x9BC9, 0x8B27, 0x7B6A, 0x7A46, 0x9389, 0x8AC7, 0x7AC5, 0x4984,
    0x48C2, 0x4923, 0x4903, 0x4903, 0x5123, 0x4943, 0x4103, 0x4903,
    0x4103, 0x4903, 0x4923, 0x4102, 0x5942, 0x5983, 0x61A4, 0x4143,
    0x40E2, 0x4902, 0x4102, 0x4102, 0x4102, 0x4102, 0x30C2, 0x40E2,
    0x4102, 0x4922, 0x38E2, 0x4102, 0x38E2, 0x40E2, 0x40E2, 0x38C2,
    0x40E2, 0x38E2, 0x38A2, 0x40C2, 0x38C2, 0x40C2, 0x38E2, 0x38C2,
    0x38E2, 0x40E2, 0x38A2, 0x40E2, 0x38C2, 0x40C2, 0x40C2, 0x4902,
    0x40C2, 0x40C2, 0x40C2, 0x40C2, 0x48E2, 0x48E2, 0x4922, 0x49A2,
    0x49A1, 0x5A21, 0x6261, 0x6261, 0x6241, 0x5A21, 0x8201, 0xB362,
    0xAB62, 0x9B22, 0x9AE3, 0x8A22, 0x79C2, 0x8203, 0x71A3, 0x71E4,
    0x71C4, 0x71E4, 0x7224, 0x7A44, 0x8264, 0x8264, 0x8204, 0x7B84,
    0x7FC5, 0x7DE5, 0x8264, 0x8284, 0x8244, 0x8224, 0x79E4, 0x79E3,
    0x7A23, 0x82C3, 0x8B63, 0x82E6, 0x9B48, 0x9283, 0x8203, 0x7A22,
    0x81E2, 0x79C1, 0x7180, 0x61A1, 0x4160, 0x4B0F, 0xBEDC, 0xC679,
    0xB5B3, 0x7348, 0x9166, 0x7082, 0x4181, 0x41A2, 0x4182, 0x3962,
    0x5242, 0x5140, 0x3A07, 0xBD8E, 0xB4ED, 0xB50C, 0xB4EC, 0xB4CB,
    0xB4CB, 0xB4CB, 0xB4AB, 0xB48B, 0xAC8A, 0xAC8A, 0xAC8A, 0xAC8A,
    0xAC6A, 0xAC6A, 0xAC6A, 0xAC4A, 0xAC4A, 0xAC4A, 0xAC4A, 0xAC4A,
    0xAC2A, 0xA42A, 0xA42A, 0xA42A, 0xA409, 0xA42C, 0xB44A, 0x59C4,
    0x7AE8, 0x9BE9, 0xA40B, 0xB48C, 0x89E3, 0x5802, 0x6083, 0x6083,
    0x6083, 0x6082, 0x4881, 0x3946, 0x73CB, 0xAC4B, 0xA3EB, 0xA42B,
    0xA44C, 0xAC8C, 0xB4AB, 0xB429, 0xA346, 0x7A23, 0x5121, 0x3080,
    0x2020, 0x2061, 0x38C2, 0x48C2, 0x4081, 0x3881, 0x3881, 0x3881,
    0x3881, 0x3881, 0x3882, 0x38A2, 0x38A1, 0x3881, 0x4082, 0x40A1,
    0x40A1, 0x40A1, 0x40A1, 0x40A1, 0x40A1, 0x48C1, 0x48A2, 0x48A2,
    0x9948, 0x9948, 0x9948, 0x9947, 0x9147, 0x9126, 0x8126, 0x7906,
    0x7946, 0x7966, 0x81A7, 0x8A08, 0x9A69, 0xAAE9, 0xA32A, 0x9A49,
    0x5187, 0x3925, 0x3125, 0x3104, 0x3104, 0x3104, 0x3124, 0x3945,
    0x4945, 0x7246, 0x62CA, 0x4925, 0x5945, 0x6984, 0x8267, 0x92E7,
    0x92A5, 0xA326, 0xB48C, 0x7B6C, 0x73AC, 0x632D, 0x6AEC, 0x730C,
    0x6A89, 0x5208, 0x4945, 0x5964, 0x8246, 0xB4ED, 0x938B, 0xA388,
    0x6227, 0x50E3, 0x5923, 0x5123, 0x5143, 0x4103, 0x40E3, 0x48E3,
    0x4903, 0x4903, 0x4102, 0x5943, 0x61A4, 0x5163, 0x5983, 0x4123,
    0x40E2, 0x4102, 0x4102, 0x40E2, 0x4102, 0x40E2, 0x38C2, 0x4102,
    0x4102, 0x4983, 0x38C2, 0x40E2, 0x40E2, 0x38E2, 0x38E2, 0x38C2,
    0x30C2, 0x5102, 0x5101, 0x38C2, 0x40E2, 0x40E2, 0x38C2, 0x38A2,
    0x38A2, 0x38C2, 0x40C2, 0x4102, 0x40C2, 0x40C2, 0x48E2, 0x4902,
    0x40C2, 0x40C2, 0x48E2, 0x40C2, 0x48E2, 0x48E2, 0x48C2, 0x48E2,
    0x5101, 0x4901, 0x4941, 0x51E1, 0x5A62, 0x6A81, 0xAB81, 0xE604,
    0xE5E4, 0xEEA7, 0xEE88, 0xE5A5, 0xE563, 0xCBE3, 0xCCE4, 0xB282,
    0xA2C4, 0xAB64, 0x8A23, 0x8204, 0x79E4, 0x7204, 0x79E4, 0x75C7,
    0x7FE7, 0x7C45, 0x8224, 0x8264, 0x8244, 0x8244, 0x8244, 0x8244,
    0x8224, 0x8204, 0x79E3, 0x7A25, 0x82C9, 0x8B6B, 0x9369, 0x92E6,
    0x8243, 0x8203, 0x8224, 0x8203, 0x79A2, 0x6181, 0x5266, 0x5264,
    0x5287, 0x7106, 0x88C5, 0x6AA6, 0x6AA2, 0x4981, 0x41C2, 0x9C83,
    0x8BC2, 0x59E0, 0x4AAA, 0xC58E, 0xB50D, 0xB50D, 0xB50C, 0xB4EC,
    0xB4CC, 0xB4CB, 0xB4AB, 0xB4AB, 0xAC8B, 0xAC8A, 0xAC8A, 0xAC6A,
    0xAC6A, 0xAC6A, 0xAC6A, 0xAC4A, 0xAC4A, 0xAC4A, 0xAC4A, 0xAC4A,
    0xA42A, 0xAC2A, 0xA42A, 0xA42A, 0xA42A, 0xA3EA, 0xB4CE, 0x7A64,
    0x6247, 0x9BAA, 0x9B88, 0x7266, 0x738C, 0x9AC5, 0x6002, 0x5883,
    0x60A2, 0x6062, 0x6062, 0x48A1, 0x3926, 0x6BAB, 0xAC4B, 0xA40B,
    0xA40B, 0xA40B, 0xA42B, 0xA42C, 0xAC6C, 0xB48C, 0xB46A, 0xABE8,
    0x9304, 0x6960, 0x2820, 0x2082, 0x4902, 0x50A1, 0x3881, 0x3881,
    0x3881, 0x3881, 0x3881, 0x3882, 0x3882, 0x3881, 0x40A1, 0x40A1,
    0x40A1, 0x40A1, 0x40A1, 0x40A2, 0x40C2, 0x48A2, 0x48A2, 0x40A2,
    0x9948, 0x9947, 0x9127, 0x9127, 0x9147, 0x9967, 0xB1C7, 0xA268,
    0x8967, 0x8167, 0x8147, 0x7946, 0x7966, 0x8186, 0x8226, 0x9228,
    0x69C7, 0x3945, 0x3945, 0x3925, 0x3925, 0x3125, 0x4124, 0x3904,
    0x3104, 0x3904, 0x38E4, 0x38E4, 0x5164, 0x5208, 0x7A26, 0xEE32,
    0xBDF6, 0x7BED, 0x51EB, 0x7166, 0x6963, 0x7184, 0x91E4, 0xA2E5,
    0xBC07, 0xC42A, 0xB3AA, 0x9B07, 0x92C4, 0x59E6, 0x5104, 0x8B48,
    0x934A, 0x5943, 0x5902, 0x4923, 0x40E3, 0x4103, 0x4103, 0x4903,
    0x4903, 0x4923, 0x61A3, 0x6183, 0x4143, 0x5143, 0x5984, 0x4943,
    0x38E2, 0x4102, 0x4102, 0x4102, 0x38E2, 0x5122, 0x5962, 0x38E2,
    0x40E2, 0x38C2, 0x40E2, 0x40E2, 0x4102, 0x4102, 0x38E2, 0x38E2,
    0x38A2, 0x5982, 0x6A83, 0x40E2, 0x4102, 0x40E2, 0x40E2, 0x38A2,
    0x38A2, 0x40C2, 0x40E2, 0x40C2, 0x40C2, 0x40C2, 0x4922, 0x4922,
    0x40E2, 0x40E2, 0x4902, 0x48E2, 0x48E2, 0x4902, 0x48E2, 0x5922,
    0x5942, 0x5102, 0x5902, 0x58E2, 0x5122, 0x5141, 0x6262, 0xAD44,
    0xE666, 0xEE88, 0xE606, 0xDE06, 0xE668, 0xE5E5, 0xDDA5, 0xD4C3,
    0xC383, 0xDE08, 0xF6C9, 0xE5E7, 0xD506, 0xC405, 0x9B04, 0x8CCD,
    0x85ED, 0x8A84, 0x71E4, 0x8264, 0x8264, 0x8244, 0x8244, 0x8244,
    0x8224, 0x8244, 0x8244, 0x8223, 0x8203, 0x79E3, 0x7A46, 0x82EA,
    0x8B6A, 0x9326, 0x8A63, 0x7A23, 0x8243, 0x8203, 0x79A0, 0x6A84,
    0x8166, 0x8823, 0x68E1, 0x41E3, 0x4A68, 0x62A4, 0x6B21, 0x8C83,
    0x6AC1, 0x30C0, 0x6BCC, 0xC56E, 0xB50D, 0xB50D, 0xB50D, 0xB50C,
    0xB4EC, 0xB4CB, 0xB4AB, 0xB4AB, 0xB48B, 0xAC8B, 0xAC6B, 0xAC6A,
    0xAC6B, 0xAC6B, 0xAC6B, 0xAC6B, 0xAC4B, 0xAC4A, 0xA44A, 0xA42A,
    0xAC2A, 0xA42A, 0xA42A, 0xA42A, 0xA42A, 0xA3E9, 0xAC8F, 0x9B67,
    0x49E5, 0x7225, 0x62A9, 0x93ED, 0xACAF, 0xB4AD, 0x9A85, 0x6022,
    0x5863, 0x6062, 0x5842, 0x6062, 0x48C1, 0x3905, 0x638B, 0xAC6B,
    0xA40B, 0xA42B, 0xA42B, 0xA42B, 0xA42B, 0xA42B, 0xA44C, 0xA46C,
    0xAC8D, 0xBD4D, 0xBC06, 0x6920, 0x2021, 0x30E2, 0x50E1, 0x4081,
    0x3081, 0x3881, 0x3881, 0x3881, 0x3881, 0x38A1, 0x40A1, 0x40A1,
    0x40A1, 0x40A1, 0x40A2, 0x40C1, 0x40A1, 0x40A1, 0x40A2, 0x40A2,
    0x9928, 0x9928, 0x9948, 0x9168, 0x9167, 0x9987, 0xA1E8, 0xAAE9,
    0x9ACD, 0x9969, 0x9187, 0x9167, 0x9187, 0x8988, 0x8167, 0x7947,
    0x7167, 0x5966, 0x4925, 0x3925, 0x3125, 0x4125, 0x4145, 0x3124,
    0x3924, 0x30E4, 0x7984, 0x9AA6, 0x7A26, 0x4925, 0x6143, 0x834B,
    0x59CA, 0xB2E7, 0xC3C9, 0xC3EA, 0xA46B, 0x92A9, 0xF5EF, 0xFFFB,
    0xFFDC, 0xFFFD, 0xFFFF, 0xFFFD, 0xFF9A, 0xEE75, 0xBB8A, 0x6923,
    0x69A4, 0x9B27, 0x8B08, 0x7183, 0x71C3, 0x5123, 0x40C2, 0x5103,
    0x4103, 0x5123, 0x8A85, 0x5205, 0x38C2, 0x5983, 0x5984, 0x3923,
    0x38E2, 0x4102, 0x38E2, 0x4102, 0x38E2, 0x4122, 0x5244, 0x3903,
    0x38E2, 0x30C2, 0x30A2, 0x2882, 0x2881, 0x2881, 0x2861, 0x2861,
    0x2861, 0x28A1, 0x2945, 0x30A2, 0x30A2, 0x38C2, 0x40E2, 0x38C2,
    0x40C1, 0x40C2, 0x38C2, 0x40E2, 0x40E2, 0x40E2, 0x40E2, 0x48E2,
    0x40E2, 0x40E2, 0x4902, 0x5102, 0x48E2, 0x4902, 0x50E2, 0x5142,
    0x5922, 0x5922, 0x5922, 0x5922, 0x6142, 0x6122, 0x5122, 0x59A2,
    0x8385, 0xBDA8, 0xE6E8, 0xEEE8, 0xEEE9, 0xEEE9, 0xDDA5, 0xD544,
    0xE584, 0xCC03, 0xD5C8, 0xEEEB, 0xE6AA, 0xDD86, 0xCD22, 0xC5E5,
    0xCDA8, 0xC424, 0xAB03, 0x8A03, 0x71E2, 0x71C2, 0x71E3, 0x7A24,
    0x8244, 0x8244, 0x8244, 0x8223, 0x8224, 0x8244, 0x8223, 0x8202,
    0x7A04, 0x7AA8, 0x8AE8, 0x69A2, 0x69C3, 0x7A23, 0x7AA7, 0x7926,
    0x9044, 0x8883, 0x59E1, 0x4181, 0x51A1, 0x62E6, 0x6B46, 0x5A61,
    0x6281, 0x28C2, 0x8CAE, 0xBD4E, 0xB50D, 0xB50D, 0xB50D, 0xB50D,
    0xB4EC, 0xB4CC, 0xB4AB, 0xB4AB, 0xB48B, 0xAC8B, 0xAC6B, 0xAC6B,
    0xAC6B, 0xAC6B, 0xAC6B, 0xAC6B, 0xAC4B, 0xA44B, 0xA44B, 0xA42B,
    0xAC2A, 0xA42A, 0xA42A, 0xA42B, 0xA42A, 0xA3E9, 0xA44E, 0xB429,
    0x3903, 0x7C50, 0xC510, 0xAC4B, 0xA3C9, 0x9BCA, 0xAC6D, 0xA306,
    0x6842, 0x6063, 0x6063, 0x6063, 0x6062, 0x48E1, 0x3905, 0x636C,
    0xA46B, 0xA40B, 0xA42B, 0xA42C, 0xA44C, 0xA44C, 0xA44C, 0xA44C,
    0xB510, 0xB551, 0xBDB2, 0xCD8C, 0xAB03, 0x4060, 0x1862, 0x40E2,
    0x48A1, 0x3881, 0x3881, 0x3881, 0x38A1, 0x38A1, 0x4082, 0x40A2,
    0x40A1, 0x40A2, 0x40A1, 0x40A1, 0x40C1, 0x48C2, 0x48C2, 0x40A2,
    0x9A69, 0x91C8, 0x8927, 0x8907, 0x8907, 0x9107, 0x9188, 0x91A9,
    0xA1EA, 0xA20B, 0x9A08, 0x91C8, 0x9188, 0x8988, 0x9168, 0x9187,
    0x8947, 0x9167, 0x9167, 0x8946, 0x7126, 0x7125, 0x5125, 0x4104,
    0x3924, 0x20C4, 0x7A05, 0x9A67, 0xB327, 0xA328, 0x3146, 0x3083,
    0x6123, 0x82A8, 0x728A, 0x69C6, 0x61C6, 0xB328, 0xFFB8, 0xFFDF,
    0xFFBC, 0xFF9C, 0xFF9D, 0xFF9D, 0xFF7C, 0xFF9D, 0xFFFE, 0xEE15,
    0x9965, 0x7144, 0x9B2A, 0xCD2D, 0xB56F, 0x8B09, 0x9368, 0x4985,
    0x40E3, 0x4923, 0x6A45, 0x3945, 0x5923, 0x6164, 0x5164, 0x38E3,
    0x38E2, 0x4102, 0x4102, 0x4102, 0x30E2, 0x30C2, 0x28A3, 0x38A2,
    0x40C1, 0x5101, 0x5982, 0x71E3, 0x8244, 0x8AA5, 0x92E5, 0x9305,
    0x92E5, 0x9305, 0x8AC5, 0x8A85, 0x69C3, 0x2861, 0x2881, 0x38C2,
    0x59A2, 0x4102, 0x38A2, 0x40E2, 0x40E2, 0x40C2, 0x40E2, 0x5142,
    0x40C2, 0x40E2, 0x4902, 0x5122, 0x48E2, 0x5102, 0x5102, 0x5102,
    0x5122, 0x5922, 0x5922, 0x5922, 0x6162, 0x6162, 0x6182, 0x6162,
    0x5922, 0x5122, 0x6AA5, 0x8BC5, 0x8405, 0x83C4, 0x93E4, 0xA424,
    0xAD05, 0xAC83, 0xABA2, 0xB444, 0xBC62, 0xBC41, 0xC4A3, 0xCCE3,
    0xCD22, 0xD563, 0xE5E3, 0xB427, 0xD5B0, 0xC48A, 0xAB46, 0x9243,
    0x81C2, 0x71A2, 0x79E3, 0x8244, 0x8244, 0x8244, 0x8224, 0x8224,
    0x8243, 0x8202, 0x79E3, 0x81E2, 0x7202, 0x6A07, 0x80E5, 0x8843,
    0x9064, 0x7142, 0x4161, 0x4981, 0x7281, 0x5A60, 0x5AA6, 0x7388,
    0x61E0, 0x2945, 0xAD6E, 0xB50E, 0xB50E, 0xB50E, 0xB50D, 0xB4ED,
    0xB4EC, 0xB4CC, 0xACAB, 0xACAB, 0xAC8B, 0xAC8B, 0xAC6B, 0xAC6B,
    0xAC6B, 0xAC6B, 0xAC6B, 0xAC4B, 0xA44B, 0xA44B, 0xA44B, 0xAC4B,
    0xA42B, 0xA42B, 0xA42B, 0xA42B, 0xA40A, 0xA40A, 0xA3EB, 0xB511,
    0xBD11, 0xBCCD, 0x9BC9, 0xA3EA, 0xA42B, 0xA42B, 0xA40B, 0xA46D,
    0xA326, 0x6842, 0x5863, 0x6063, 0x6863, 0x6882, 0x48E1, 0x3905,
    0x636C, 0xA46B, 0xA42B, 0xA42C, 0xA44C, 0xA42C, 0xA44D, 0xB530,
    0xBD71, 0xBD51, 0xBD50, 0xB551, 0xBDD1, 0xC4C8, 0x8180, 0x2001,
    0x28C2, 0x50C1, 0x3881, 0x3081, 0x38A2, 0x3881, 0x40A1, 0x40A1,
    0x40A1, 0x40A2, 0x40A2, 0x40C2, 0x40A2, 0x40A1, 0x40A2, 0x40A2,
    0xE612, 0xDDB1, 0xD50F, 0xB40D, 0xAB2A, 0x9A6A, 0x89A8, 0x8147,
    0x80E7, 0x8927, 0x9188, 0x9189, 0x9189, 0x9188, 0x9168, 0x99A7,
    0x89A7, 0x8147, 0x8967, 0x8987, 0x9167, 0x9967, 0x9146, 0x9126,
    0x8146, 0x7106, 0x6905, 0x6965, 0x4925, 0x40E5, 0x9164, 0x6144,
    0x4924, 0x40E4, 0x40C3, 0x38C4, 0x58C3, 0xCC08, 0xCD93, 0xDE16,
    0xEEDA, 0xEF3C, 0xF77C, 0xFFBC, 0xFFBC, 0xFF9B, 0xFF59, 0xF75C,
    0xD3AC, 0xDB44, 0x9A65, 0x7AEA, 0xABCD, 0x92A8, 0x8B09, 0x7268,
    0x40E3, 0x4903, 0x3903, 0x5103, 0x81E4, 0xA2C4, 0x59C3, 0x40E2,
    0x4943, 0x4123, 0x30E2, 0x20A2, 0x2861, 0x5121, 0x8A64, 0xAB87,
    0xB428, 0xBC29, 0xC48A, 0xBCAB, 0xBC8B, 0xBC8B, 0xBC8B, 0xBC8B,
    0xBC6B, 0xBC6B, 0xBC8A, 0xBC8B, 0xBC6A, 0xA366, 0x61C3, 0x30A1,
    0x2882, 0x40E2, 0x40E2, 0x40C2, 0x40C2, 0x40C2, 0x40E2, 0x4903,
    0x40E2, 0x48E2, 0x5102, 0x4902, 0x5102, 0x5922, 0x5922, 0x5102,
    0x5902, 0x5922, 0x5922, 0x6122, 0x6142, 0x5942, 0x6142, 0x6142,
    0x6962, 0x7182, 0x7162, 0x6962, 0x6121, 0x6142, 0x6142, 0x6142,
    0x6182, 0x61C2, 0x61A2, 0x69A1, 0x69C1, 0x7242, 0x9AA4, 0x92A2,
    0x8B01, 0x9C64, 0xA3A1, 0x946F, 0xCEB7, 0xE73A, 0xFFDC, 0xFF77,
    0xEE31, 0xD4AA, 0xAAE5, 0x79C3, 0x79A3, 0x79E3, 0x8224, 0x8244,
    0x8223, 0x8224, 0x8243, 0x8264, 0x79A6, 0x8084, 0x8843, 0x9084,
    0x68C2, 0x28E1, 0x2861, 0x40E1, 0x4A41, 0x5AA1, 0x6260, 0x5AE6,
    0x6AA5, 0x5AA8, 0xBD6E, 0xB4ED, 0xB50E, 0xB50D, 0xB50D, 0xB4ED,
    0xB4ED, 0xACCC, 0xACAB, 0xACAB, 0xAC8B, 0xAC6B, 0xAC6B, 0xAC6B,
    0xAC6B, 0xAC6B, 0xAC6B, 0xAC6B, 0xA44B, 0xA42B, 0xAC2B, 0xAC4B,
    0xA42B, 0xA44B, 0xA42B, 0xA42B, 0xA40A, 0xA40A, 0xA3EA, 0xA44E,
    0xA42B, 0x9BC9, 0xA40B, 0xA42B, 0xA42B, 0xA42B, 0xA42B, 0xA3EB,
    0xA46D, 0x9B26, 0x6822, 0x6063, 0x6863, 0x7863, 0x7882, 0x4901,
    0x3905, 0x638C, 0xAC6C, 0xA42C, 0xA42C, 0xA46D, 0xB531, 0xBD71,
    0xBD51, 0xBD51, 0xB551, 0xBD50, 0xB531, 0xB592, 0xC5AD, 0xB343,
    0x4860, 0x1862, 0x48E2, 0x48A1, 0x3881, 0x38A2, 0x40A2, 0x40C1,
    0x40A1, 0x40A2, 0x40A1, 0x40A1, 0x40A1, 0x40A1, 0x40A2, 0x40A2,
    0xE613, 0xEDD2, 0xFE72, 0xF794, 0xEE75, 0xE612, 0xD591, 0xC4EF,
    0xB40D, 0xA30B, 0x9269, 0x89C8, 0x8147, 0x8107, 0x8107, 0x9146,
    0x91A8, 0x9168, 0x8947, 0x9147, 0x8947, 0x9147, 0x9947, 0x9147,
    0x9947, 0x9967, 0x9127, 0x9126, 0x8126, 0x80E5, 0xB9C5, 0xB305,
    0x5944, 0x5124, 0x5165, 0x8224, 0xB3E6, 0xC4CA, 0xBC2A, 0xABCA,
    0xB36A, 0xBBAA, 0xBBCC, 0xBC2F, 0xBC72, 0xCD55, 0xE6B8, 0xE6B7,
    0xEE6D, 0xFF6A, 0xFFAB, 0xA365, 0x61C6, 0x7A47, 0x7246, 0x8287,
    0x59E5, 0x4103, 0x4103, 0x6184, 0x7A45, 0xA4C7, 0x6348, 0x4103,
    0x3903, 0x28A2, 0x38C1, 0x69C3, 0xA367, 0xC46A, 0xBCAB, 0xB46B,
    0xB48B, 0xB46B, 0xAC4B, 0xB42A, 0xB42A, 0xB42A, 0xBC4A, 0xBC4A,
    0xBC4A, 0xBC4A, 0xBC6A, 0xBC4A, 0xBC4A, 0xBC6B, 0xC48A, 0xA387,
    0x61C2, 0x3081, 0x30A2, 0x4102, 0x40E2, 0x40C2, 0x40E2, 0x40E2,
    0x48E2, 0x5122, 0x5142, 0x48E2, 0x5102, 0x5142, 0x5122, 0x5922,
    0x5922, 0x5922, 0x6122, 0x6142, 0x6142, 0x6142, 0x6982, 0x6982,
    0x6982, 0x69A2, 0x6183, 0x69A2, 0x71C3, 0x79E3, 0x7A03, 0x8203,
    0x8A23, 0x8A43, 0x8A43, 0x8A44, 0x8A23, 0x9A25, 0xCA47, 0x9204,
    0x7A03, 0x79E3, 0x79E2, 0x7A25, 0x7A68, 0x82CC, 0x8B90, 0x9C75,
    0xB598, 0xD6BB, 0xBD90, 0xCD84, 0xDD04, 0xAB03, 0x8A02, 0x79A1,
    0x8203, 0x8264, 0x7A05, 0x7905, 0x8043, 0x7863, 0x8884, 0x5882,
    0x3161, 0x4921, 0x58C1, 0x2040, 0x20C1, 0x6241, 0x62E2, 0x7280,
    0x3965, 0x8C6D, 0xBD2D, 0xB4ED, 0xB50D, 0xB4ED, 0xB4ED, 0xB4ED,
    0xACCC, 0xACAC, 0xACAB, 0xAC8B, 0xAC6B, 0xAC6B, 0xAC6B, 0xAC6B,
    0xAC6B, 0xAC6B, 0xAC4B, 0xA44B, 0xA44B, 0xAC6C, 0xAC4B, 0xA42B,
    0xA42B, 0xA42B, 0xA42B, 0xA40A, 0xA40A, 0xA40A, 0xA40A, 0xA3E9,
    0xA3EA, 0xA40A, 0xA3EA, 0xA40B, 0xA40B, 0xA40B, 0xA40B, 0xA42B,
    0x9C0B, 0xA48E, 0x9AE6, 0x6822, 0x6884, 0x7084, 0x9086, 0xA0C3,
    0x4901, 0x4106, 0x6BAD, 0xA46C, 0xA48E, 0xB551, 0xBD71, 0xB551,
    0xB551, 0xB551, 0xB551, 0xBD71, 0xBD71, 0xBD50, 0xB551, 0xBDD1,
    0xC4C8, 0x8180, 0x2021, 0x30C2, 0x48C2, 0x3882, 0x38A2, 0x40A1,
    0x40A2, 0x40A1, 0x40A2, 0x40A2, 0x40C1, 0x48A2, 0x40A2, 0x40A2,
    0xE5F3, 0xE5F3, 0xEDF2, 0xE693, 0xE6B8, 0xDDD5, 0xDDD2, 0xE5F2,
    0xE5F2, 0xDDF2, 0xDDD1, 0xCD50, 0xBCCF, 0xABED, 0x9B2B, 0x9249,
    0x89C7, 0x7947, 0x80E6, 0x88E6, 0x8906, 0x9106, 0x9126, 0x9167,
    0x9947, 0x9147, 0x9147, 0x9147, 0x8946, 0xA147, 0xA107, 0xAAC7,
    0x9BA7, 0x9146, 0x8106, 0x99E6, 0x946C, 0x7A6C, 0x7A06, 0x8AC7,
    0xA327, 0xB3C8, 0xB307, 0xA1A5, 0xA165, 0xA965, 0xB267, 0xB347,
    0xB2E7, 0xB368, 0xC4C9, 0xD568, 0x82C5, 0x28C4, 0x3925, 0x3945,
    0x4145, 0x4904, 0x5984, 0x69C5, 0x5984, 0x4A06, 0x4A09, 0x4124,
    0x30C2, 0x69C3, 0xB409, 0xC4CD, 0xBCCE, 0xB46C, 0xB48B, 0xB44B,
    0xBC4B, 0xBC6B, 0xBC6B, 0xBC6B, 0xAC6B, 0x9C2B, 0x93EA, 0x93CA,
    0x93CA, 0x8BCA, 0x83AA, 0x838A, 0x93CA, 0xA42A, 0xB46B, 0xBCAB,
    0xC4AA, 0xA387, 0x5962, 0x2861, 0x38C2, 0x48E2, 0x48C2, 0x40E2,
    0x48E2, 0x4902, 0x4923, 0x5102, 0x5102, 0x5102, 0x5902, 0x5922,
    0x6142, 0x5922, 0x6122, 0x6142, 0x6142, 0x6962, 0x6962, 0x6962,
    0x6962, 0x6982, 0x7182, 0x6982, 0x6982, 0x71A3, 0x69C3, 0x69E3,
    0x7204, 0x7A24, 0x7A64, 0x8284, 0x8284, 0x9AA6, 0xAAA6, 0x8AA4,
    0x92A4, 0x92A4, 0x9284, 0x8A63, 0x8A43, 0x8A22, 0x81E2, 0x81C2,
    0x79A3, 0x79C5, 0x7A04, 0x8B24, 0xA484, 0x9C89, 0xBDF5, 0xCD4D,
    0x7A44, 0x7144, 0x7884, 0x8063, 0x7883, 0x8884, 0x5882, 0x2080,
    0x2061, 0x5A41, 0x61E1, 0x38C1, 0x61A3, 0x79C3, 0x9241, 0x8220,
    0x20C3, 0xAD4F, 0xBD0C, 0xB4ED, 0xB4ED, 0xB4ED, 0xB4CD, 0xACCC,
    0xACCC, 0xACAC, 0xACAB, 0xAC8B, 0xAC6B, 0xAC6B, 0xAC6B, 0xAC4B,
    0xAC4B, 0xAC4B, 0xA44B, 0xAC4B, 0xA42B, 0xAC6D, 0xAC4B, 0xA42B,
    0xA42B, 0xA42B, 0xA40A, 0xA40A, 0xA40A, 0xA40A, 0xA40A, 0xA3EA,
    0xA3EA, 0xA3EA, 0xA3EA, 0xA40B, 0xA42B, 0xA40B, 0xA40B, 0xA42C,
    0xA42C, 0xA42C, 0xA4AE, 0x9285, 0x6823, 0x70A5, 0xA0C8, 0xC0C8,
    0x98E2, 0x4101, 0x4126, 0x7C71, 0xBD91, 0xB531, 0xB551, 0xB551,
    0xB551, 0xB551, 0xB571, 0xBD91, 0xBD71, 0xBD71, 0xBD70, 0xBD51,
    0xB592, 0xC5AD, 0xAB03, 0x4040, 0x2062, 0x48E2, 0x48A1, 0x3881,
    0x40A1, 0x40A2, 0x40A2, 0x40C1, 0x40A1, 0x4082, 0x40A2, 0x40C2,
    0xDDF3, 0xE5F3, 0xE5F3, 0xDDF3, 0xDDD3, 0xE5D3, 0xDDD2, 0xDDB1,
    0xDD91, 0xD591, 0xD591, 0xD590, 0xDDB0, 0xDDB1, 0xDDB0, 0xD590,
    0xCD2F, 0xBCAE, 0xB40C, 0x8AEA, 0x89E8, 0x81A8, 0x8946, 0x9126,
    0xA146, 0x9987, 0x9127, 0x9147, 0x9947, 0x9967, 0xA167, 0xA147,
    0x9B47, 0x9BCC, 0xA169, 0xA127, 0xA969, 0xA16A, 0xA167, 0x9127,
    0x8967, 0x8987, 0x89E7, 0x8986, 0x91E6, 0x9206, 0x9965, 0xA1E5,
    0xB285, 0xA9A5, 0xAA05, 0xB385, 0xAA85, 0x5925, 0x4105, 0x4145,
    0x30E4, 0x38E4, 0x5185, 0x51A5, 0x3924, 0x40E3, 0x4904, 0x4124,
    0x40E2, 0xC48B, 0xBCEF, 0xB4AD, 0xB48D, 0xBC8C, 0xBCED, 0xB48D,
    0xBCEC, 0xA4AB, 0x8BAA, 0x7AE8, 0x6A06, 0x5184, 0x5984, 0x5964,
    0x69E4, 0x6184, 0x5943, 0x5943, 0x5964, 0x5984, 0x6206, 0x9BA9,
    0xB48B, 0xC4AB, 0xC48A, 0x9305, 0x40E1, 0x3081, 0x5102, 0x48E2,
    0x48E2, 0x48E2, 0x4902, 0x5102, 0x5102, 0x5102, 0x5922, 0x5942,
    0x6162, 0x6122, 0x6142, 0x6142, 0x6962, 0x6962, 0x6982, 0x7182,
    0x7182, 0x7182, 0x71A2, 0x7182, 0x79A2, 0x79A2, 0x7982, 0x7182,
    0x7182, 0x7182, 0x71A2, 0x71A3, 0x71C3, 0x71E3, 0x7203, 0x7224,
    0x7A44, 0x8264, 0x8264, 0x8A84, 0x8A84, 0x8A84, 0x8A64, 0x8A64,
    0x8A43, 0x8A43, 0x8A23, 0x81E3, 0x79A3, 0x71C3, 0x728A, 0x7A6B,
    0x70A4, 0x7843, 0x7883, 0x7883, 0x8064, 0x5062, 0x18A1, 0x2081,
    0x3141, 0x30C0, 0x20C1, 0x8BA3, 0x8A63, 0x8B24, 0xD403, 0x4040,
    0x5B08, 0xC56E, 0xB4ED, 0xB4CC, 0xB4CC, 0xB4CC, 0xACCC, 0xACAB,
    0xAC8B, 0xAC8B, 0xAC8B, 0xAC6B, 0xAC6B, 0xAC6A, 0xAC6A, 0xAC4A,
    0xAC4A, 0xA44A, 0xAC4B, 0xA409, 0x938A, 0xAC4C, 0xA42A, 0xA42B,
    0xA40B, 0xA40A, 0xA40A, 0xA40A, 0xA40A, 0xA3EA, 0xA3EA, 0xA3EA,
    0xA3EA, 0xA3EA, 0xA3EA, 0xA40B, 0xA40B, 0xA40B, 0xA42C, 0xA42C,
    0xA42C, 0xA44C, 0xA42D, 0xA4AD, 0x91E4, 0x8067, 0xB0E9, 0xC0EA,
    0xD0C7, 0x8103, 0x5943, 0x69CA, 0x9513, 0xC5B2, 0xBD92, 0xBDB2,
    0xC592, 0xBD72, 0xB571, 0xBD71, 0xB551, 0xB571, 0xBD71, 0xBD71,
    0xBD50, 0xB552, 0xBDF1, 0xCCC8, 0x7960, 0x2021, 0x28C2, 0x48C1,
    0x40A1, 0x40A2, 0x40A1, 0x40A1, 0x4081, 0x40A2, 0x40A2, 0x40C2,
    0xE5F3, 0xDDD3, 0xDDD2, 0xE5D2, 0xE612, 0xDDD2, 0xDDD2, 0xDDD2,
    0xDDB1, 0xDDB1, 0xD591, 0xD570, 0xD570, 0xD570, 0xD54F, 0xD54F,
    0xD56F, 0xD56F, 0xCDB0, 0x8B2C, 0x7A27, 0x7A69, 0x7A89, 0x7A69,
    0x8A29, 0x8208, 0x8947, 0x9106, 0x9106, 0xA147, 0x9968, 0xA988,
    0xA228, 0x9B72, 0xA2F5, 0xA168, 0xA988, 0x9168, 0xA9CA, 0x9949,
    0xA908, 0xA0E8, 0xA8E8, 0xB109, 0xA0E8, 0xA108, 0x9107, 0x9107,
    0x9186, 0x9A46, 0x91A6, 0x9B25, 0x9AA5, 0x89A5, 0x3905, 0x2925,
    0x2925, 0x20A4, 0x2083, 0x2083, 0x28A2, 0x28C3, 0x30E3, 0x28A2,
    0x92E6, 0xC52E, 0xB48D, 0xC4EE, 0xBD0F, 0x946D, 0x734B, 0x6268,
    0x7AC7, 0x8329, 0x79C5, 0x81E5, 0x89E5, 0x8A05, 0x8A25, 0x8A25,
    0x8AA6, 0x8A46, 0x8A25, 0x8225, 0x69C4, 0x71E5, 0x8A04, 0x8A45,
    0x82E8, 0x9BC9, 0xB46B, 0xC4EC, 0xC469, 0x7A64, 0x30C1, 0x38A1,
    0x5102, 0x4902, 0x4902, 0x5102, 0x5102, 0x5102, 0x5922, 0x6142,
    0x6122, 0x6142, 0x6142, 0x6962, 0x6962, 0x6962, 0x6962, 0x6962,
    0x7162, 0x7182, 0x7182, 0x7182, 0x7182, 0x79A2, 0x79A2, 0x79A2,
    0x79A2, 0x79A2, 0x79C2, 0x79C2, 0x79A2, 0x79A2, 0x79A2, 0x71A2,
    0x7182, 0x71A2, 0x71A3, 0x69E3, 0x7203, 0x7223, 0x7A44, 0x8264,
    0x8A44, 0x8A44, 0x8243, 0x7A43, 0x71E4, 0x7143, 0x7062, 0x7021,
    0x7083, 0x7083, 0x8063, 0x7883, 0x4101, 0x3100, 0x2861, 0x20C1,
    0x2121, 0x30C1, 0x71E3, 0x71A2, 0x7BC3, 0x9CE3, 0x71C1, 0x28E3,
    0xACEC, 0xB4CB, 0xB4EC, 0xB4CB, 0xB4AB, 0xB4AB, 0xACAB, 0xAC8B,
    0xAC8B, 0xAC6A, 0xAC6A, 0xAC6A, 0xAC6A, 0xAC6A, 0xAC4A, 0xAC2A,
    0xAC2A, 0xAC4B, 0xA409, 0x8AC7, 0xA40C, 0xAC2A, 0xA40A, 0xA42A,
    0xA40A, 0xA40A, 0xA3EA, 0xA40A, 0xA3EA, 0x9BEA, 0xAC2A, 0xA3EA,
    0x9BEA, 0xA3EA, 0xA3EA, 0xA3EA, 0xA40B, 0xA40B, 0xA42C, 0xA42C,
    0xA42C, 0xA42C, 0xA44C, 0xA42D, 0xA48C, 0x9167, 0xB8AA, 0xC90A,
    0xC8EA, 0xD0E6, 0x7143, 0x48C2, 0x3168, 0x632C, 0x7B0B, 0x732B,
    0x7C10, 0xAD72, 0xBD51, 0xB551, 0xC571, 0xBD51, 0xB551, 0xBD71,
    0xBD71, 0xBD50, 0xB551, 0xBDB2, 0xC5AD, 0xAB23, 0x4860, 0x1862,
    0x40C2, 0x48A1, 0x3881, 0x38A1, 0x40A1, 0x40A2, 0x40A2, 0x40E2,
    0xDDD3, 0xE5D3, 0xDDD3, 0xDDB2, 0xE5F2, 0xE5F3, 0xDDD2, 0xDDB2,
    0xDDB1, 0xDDB1, 0xE5B1, 0xDD90, 0xD570, 0xD590, 0xD570, 0xD570,
    0xD54F, 0xD58F, 0xA44E, 0x81C7, 0x79E6, 0x71A6, 0x71C6, 0x71E7,
    0x59A7, 0xABA9, 0xB531, 0x8ACB, 0x9AAA, 0x91C8, 0x9187, 0x9127,
    0x9967, 0xA129, 0xA9F5, 0xA9B5, 0xA167, 0xA168, 0xA128, 0xA128,
    0xA128, 0xA929, 0xA929, 0xB129, 0xB92A, 0xB10A, 0xB109, 0xB909,
    0xB8E9, 0xB8E9, 0xB12A, 0xA929, 0xA929, 0xA948, 0x9907, 0x70E6,
    0x60E5, 0x40A4, 0x30A3, 0x2082, 0x1882, 0x1882, 0x1082, 0x40C2,
    0x9B89, 0xAC8E, 0xB4CF, 0x7BCE, 0x3A08, 0x2904, 0x4123, 0x5964,
    0x61C5, 0x6A28, 0x71E5, 0x6A05, 0x7A26, 0x8226, 0x8205, 0x8205,
    0x79E5, 0x81E5, 0x8205, 0x8205, 0x79E5, 0x5963, 0x5184, 0x71E5,
    0x9225, 0x8A25, 0x8A87, 0x9308, 0xAC0A, 0xCD4C, 0xBC2B, 0x5961,
    0x3081, 0x4902, 0x5102, 0x5102, 0x5122, 0x5922, 0x5922, 0x6182,
    0x6162, 0x6162, 0x6142, 0x6962, 0x6962, 0x6962, 0x6962, 0x7162,
    0x7182, 0x7182, 0x7182, 0x7182, 0x7182, 0x7182, 0x79A2, 0x79A2,
    0x79A2, 0x79A2, 0x79A2, 0x79A2, 0x79A2, 0x79A2, 0x79C2, 0x79C2,
    0x79C2, 0x79A2, 0x79A2, 0x7982, 0x7182, 0x7182, 0x6982, 0x69C2,
    0x69A3, 0x61C3, 0x7183, 0x68E3, 0x6863, 0x6863, 0x7083, 0x7083,
    0x6883, 0x7883, 0x60A3, 0x28A1, 0x20A0, 0x41A1, 0x39E1, 0x2AA1,
    0x4141, 0x81E3, 0x7183, 0x72A4, 0x6C85, 0x8363, 0x38A0, 0x6B49,
    0xBD0C, 0xACAB, 0xB4AB, 0xB4AB, 0xB4AB, 0xAC8B, 0xAC8A, 0xAC8B,
    0xAC6A, 0xAC6A, 0xAC4A, 0xAC4A, 0xAC4A, 0xAC4A, 0xAC2A, 0xAC2A,
    0xAC4A, 0xA3C9, 0x8AA5, 0x9B8A, 0xA42A, 0xA3E9, 0xAC2A, 0x9368,
    0x8BA9, 0xAC0A, 0xA3EA, 0xA40A, 0x9BA8, 0x82A6, 0x5AC9, 0x940A,
    0xA3E9, 0xA3EA, 0xA3EA, 0xA3EA, 0xA3EB, 0xA40B, 0xA40B, 0xA42C,
    0xA42C, 0xA42C, 0xA42C, 0xA40B, 0x9C4F, 0xB50F, 0xA929, 0xD0EA,
    0xC90A, 0xD10B, 0xC0E4, 0x51C3, 0x7A23, 0x71A4, 0x7B2E, 0xA4CD,
    0x92C5, 0x522A, 0x8593, 0xD692, 0xCD71, 0xB551, 0xBD71, 0xBD50,
    0xBD50, 0xBD50, 0xBD50, 0xB550, 0xB551, 0xBDD1, 0xC4C8, 0x81A0,
    0x2820, 0x2082, 0x40C2, 0x40A1, 0x40A1, 0x40A2, 0x40C2, 0x48C2,
    0xDDD3, 0xE5D3, 0xEE33, 0xDE34, 0xDDD3, 0xDDD2, 0xDDF3, 0xDDB2,
    0xDDB1, 0xDDB1, 0xE5B1, 0xEE51, 0xDDF2, 0xD570, 0xD590, 0xD570,
    0xD56F, 0xCD70, 0x8AAB, 0x81C6, 0x79E7, 0x71C6, 0x71C6, 0x71C6,
    0x79C5, 0xD54C, 0xACF2, 0x79E8, 0xD308, 0xD40B, 0xBBAD, 0xAB09,
    0x9A6A, 0x9248, 0x99EA, 0xB1B4, 0xB14E, 0x9907, 0xA108, 0xA928,
    0xA929, 0xB149, 0xA949, 0xB94A, 0xB12A, 0xB12A, 0xB10A, 0xB10A,
    0xB92A, 0xC12A, 0xB92A, 0xB92A, 0xC12A, 0xC12A, 0xC94B, 0xC94A,
    0xC96A, 0xC98A, 0xC107, 0xA906, 0x90E5, 0x78C4, 0x68C3, 0x7944,
    0x6124, 0x5165, 0x2945, 0x18A3, 0x30C2, 0x4963, 0x28E3, 0x28E3,
    0x28C3, 0x28A2, 0x38E3, 0x30C2, 0x38E3, 0x4944, 0x71C5, 0x8226,
    0x9286, 0x8A86, 0x8226, 0x8A46, 0x8A46, 0x9266, 0x8A25, 0x5963,
    0x51A4, 0x8A46, 0x9245, 0x8205, 0x8225, 0x9B28, 0xBC8D, 0xCD0B,
    0x92E5, 0x38C1, 0x38C2, 0x5942, 0x5122, 0x5942, 0x5922, 0x5963,
    0x6142, 0x6142, 0x6142, 0x6962, 0x6962, 0x6962, 0x6962, 0x7162,
    0x7182, 0x7182, 0x7182, 0x7182, 0x7982, 0x7982, 0x7982, 0x79A2,
    0x79A2, 0x79A2, 0x79A2, 0x79A2, 0x79A2, 0x79A2, 0x79A2, 0x79A2,
    0x79A2, 0x79A2, 0x79C2, 0x79C2, 0x71C2, 0x71C2, 0x6982, 0x6943,
    0x68E3, 0x70A3, 0x7063, 0x7083, 0x6883, 0x6883, 0x7083, 0x7863,
    0x7083, 0x48C2, 0x20A1, 0x2881, 0x2061, 0x1840, 0x3223, 0x6202,
    0x7B03, 0xA4C3, 0x9323, 0x7266, 0x7AC5, 0x48A0, 0x39A4, 0xBD0C,
    0xAC8B, 0xB4AB, 0xB4AB, 0xACAB, 0xAC8A, 0xAC8A, 0xAC6A, 0xAC6A,
    0xAC6A, 0xAC6A, 0xAC4A, 0xAC4A, 0xAC2A, 0xAC29, 0xAC2A, 0xAC2A,
    0x9B88, 0x8285, 0x9349, 0xB46B, 0x93A8, 0x9C0A, 0xABC8, 0x51C5,
    0x93EA, 0xA3E9, 0xA3E9, 0xA3E9, 0x9328, 0x9B46, 0x50C1, 0x3A28,
    0x9C0A, 0xA3C9, 0xA3CA, 0xA3EA, 0xA3EA, 0xA3EB, 0xA40B, 0xA40B,
    0xA40B, 0xA40B, 0xA40B, 0xA40B, 0xA4D1, 0xC5B2, 0x6A69, 0xA8CB,
    0xD10B, 0xD10B, 0xE10A, 0xA964, 0x61A5, 0x6964, 0x6168, 0x84B4,
    0xCE56, 0xCC8A, 0x5AA8, 0x6C30, 0xAD72, 0xBD71, 0xB551, 0xBD50,
    0xBD50, 0xBD50, 0xBD50, 0xBD71, 0xBD50, 0xBD51, 0xB592, 0xC5AE,
    0xB3A4, 0x58C0, 0x1821, 0x30C2, 0x48E2, 0x4902, 0x5122, 0x50E2,
    0xDDD3, 0xDDF4, 0xDDD3, 0xDE33, 0xDDD5, 0xDDB2, 0xDDD2, 0xDDB2,
    0xDDB1, 0xDDB1, 0xDDB1, 0xDDB1, 0xE633, 0xDDD3, 0xD570, 0xD570,
    0xDDB0, 0xAC6F, 0x81E7, 0x7A06, 0x71C6, 0x71C6, 0x71C6, 0x71C6,
    0x71C6, 0x93AB, 0xA40E, 0x9269, 0xCAE7, 0xCB28, 0xCAE9, 0xCB26,
    0xB349, 0x9AA8, 0x8AA8, 0x92A9, 0xB2AD, 0xAAEB, 0x9A2A, 0x99A9,
    0xA149, 0xA929, 0xA929, 0xA90A, 0xB92A, 0xB92A, 0xB92A, 0xC14B,
    0xC14B, 0xC12B, 0xC12B, 0xC12A, 0xC12A, 0xC12A, 0xC14A, 0xC94B,
    0xC96A, 0xC96B, 0xC94A, 0xD14A, 0xD96A, 0xD96A, 0xD969, 0xC948,
    0xC967, 0xB947, 0xA905, 0x9924, 0x8125, 0x7144, 0x58E3, 0x48E2,
    0x38E2, 0x5102, 0x5943, 0x5123, 0x5122, 0x5123, 0x5123, 0x5964,
    0x59A5, 0x4164, 0x3924, 0x4985, 0x51A5, 0x4985, 0x4144, 0x5984,
    0x30E2, 0x3923, 0x8266, 0x9A66, 0x9A86, 0x9AA6, 0x8205, 0xABCA,
    0xCD2C, 0xBC29, 0x61A2, 0x30A1, 0x5122, 0x5942, 0x5922, 0x6142,
    0x6962, 0x6142, 0x6162, 0x6962, 0x6962, 0x6962, 0x6962, 0x7162,
    0x7182, 0x7182, 0x7182, 0x7982, 0x7982, 0x79A2, 0x79A2, 0x81A2,
    0x81A2, 0x8182, 0x8A03, 0x81C2, 0x79A2, 0x79C2, 0x79A2, 0x79C2,
    0x71C2, 0x71A2, 0x6982, 0x6942, 0x6902, 0x70C3, 0x70A3, 0x7083,
    0x7083, 0x70A3, 0x68A3, 0x68A3, 0x7083, 0x70A4, 0x70A3, 0x50C3,
    0x28C1, 0x1880, 0x2061, 0x2061, 0x2881, 0x5246, 0x7B25, 0x79C3,
    0x71A3, 0x6A03, 0x9BE6, 0xB505, 0x69A0, 0x28C2, 0xACCB, 0xB4AB,
    0xB4AB, 0xB4AB, 0xB48B, 0xAC8A, 0xAC6A, 0xAC6A, 0xAC6A, 0xAC6A,
    0xAC6A, 0xAC4A, 0xAC4A, 0xAC29, 0xA409, 0xAC29, 0xA409, 0x9306,
    0x8265, 0x8B08, 0xAC4C, 0xA409, 0x9B88, 0x8BC9, 0x61A2, 0x4A26,
    0xAC2A, 0xA3C9, 0xA3C9, 0xA3E9, 0x8AC7, 0x9367, 0x6101, 0x30E4,
    0x83AA, 0xABC9, 0x9BC9, 0xA3C9, 0xA3EA, 0xA3EA, 0xA3EB, 0xA40B,
    0xA40B, 0x9BEA, 0xA44D, 0xB510, 0xB572, 0xBCAD, 0x8C0E, 0x9ACB,
    0xC0AB, 0xD12B, 0xD10C, 0xD8E7, 0x7943, 0x6185, 0x7163, 0x6169,
    0x8CB7, 0xC6B8, 0xD447, 0x4987, 0x8430, 0xB591, 0xBD51, 0xBD50,
    0xBD50, 0xBD51, 0xBD70, 0xBD71, 0xBD50, 0xBD50, 0xB550, 0xBD51,
    0xBDD2, 0xCD4B, 0xA2A2, 0x4061, 0x20A3, 0x4942, 0x50E2, 0x48C2,
    0xDDD3, 0xDDD3, 0xDDD3, 0xDDD3, 0xDDD3, 0xDDB2, 0xDDB2, 0xDDB2,
    0xD5B2, 0xDD91, 0xDDB1, 0xD591, 0xD590, 0xD5B1, 0xD571, 0xD550,
    0xCD91, 0x8B0C, 0x81E7, 0x71E7, 0x71C6, 0x71C6, 0x71C6, 0x8226,
    0x61E7, 0x79A4, 0xC4EE, 0x8B4B, 0xC36A, 0xD2E6, 0xCB06, 0xBB07,
    0xAAE7, 0x9A87, 0x8A26, 0x9246, 0xC348, 0xD42C, 0xCBEB, 0xC40A,
    0xBBCA, 0xAB4B, 0xA2CB, 0x9A4B, 0xA1CA, 0x994B, 0xA90A, 0xB0EB,
    0xB8EB, 0xC90B, 0xC92B, 0xC12B, 0xC12B, 0xC94A, 0xD14B, 0xC14A,
    0xC94A, 0xD14A, 0xD16A, 0xD16A, 0xD16A, 0xD16A, 0xD16A, 0xC949,
    0xD9CA, 0xDA2B, 0xD98A, 0xD989, 0xD989, 0xD968, 0xD967, 0xC947,
    0xC146, 0xB946, 0xA945, 0x9944, 0x9124, 0x8123, 0x7123, 0x6903,
    0x50C2, 0x5901, 0x30A2, 0x2082, 0x1041, 0x1861, 0x2081, 0x20C2,
    0x3922, 0x20C2, 0x20E3, 0x6A26, 0x9B48, 0xBC8B, 0xC44A, 0xC46A,
    0xC4EC, 0xCD2D, 0xD54C, 0x9B26, 0x38C1, 0x4922, 0x5142, 0x5142,
    0x5963, 0x5942, 0x6162, 0x6962, 0x6962, 0x6962, 0x6982, 0x7182,
    0x7182, 0x7182, 0x7182, 0x6982, 0x69A2, 0x6982, 0x69A2, 0x6182,
    0x61A2, 0x6182, 0x69C3, 0x6182, 0x6162, 0x6962, 0x7142, 0x7922,
    0x7903, 0x80C3, 0x78A3, 0x78A3, 0x7883, 0x78A3, 0x70A3, 0x68A3,
    0x68A3, 0x70A3, 0x6883, 0x6863, 0x6083, 0x4041, 0x1840, 0x0820,
    0x1000, 0x1000, 0x2060, 0x40E1, 0x6164, 0x61A5, 0x5962, 0x61A3,
    0x61E3, 0x79C3, 0x89A3, 0x51C1, 0x2901, 0x9C4A, 0xB4CB, 0xAC8B,
    0xB4AB, 0xAC8B, 0xAC8B, 0xAC8A, 0xAC6A, 0xAC6A, 0xAC6A, 0xAC6A,
    0xAC4A, 0xAC49, 0xAC29, 0xA429, 0xAC29, 0xA3C8, 0x8AC6, 0x8265,
    0x8AC6, 0xAC2C, 0xABE9, 0xA3E9, 0xAC08, 0x61A2, 0x30A2, 0x7B69,
    0xABE9, 0xA3C9, 0xA3C9, 0xA3A8, 0x8286, 0x8B06, 0x48C1, 0x3944,
    0x8BCA, 0xA3A9, 0xA3A9, 0xA3C9, 0xA3CA, 0xA3EA, 0xA3EA, 0xA3EA,
    0xA3EB, 0xACAE, 0xB530, 0xB530, 0xB530, 0xB551, 0xC592, 0xB50E,
    0xA14A, 0xC8EB, 0xD10B, 0xD90C, 0xC905, 0x6164, 0x6985, 0x6943,
    0x620B, 0x9534, 0xCE95, 0xAB04, 0x4A4A, 0xA4F1, 0xBD91, 0xBD50,
    0xBD51, 0xBD71, 0xBD70, 0xBD50, 0xBD71, 0xC5D1, 0xD5F0, 0xCD91,
    0xBD50, 0xB572, 0xC5F1, 0xC4C9, 0x81C1, 0x3020, 0x2083, 0x4143,
    0xDDB3, 0xDDD3, 0xDDD3, 0xDDF3, 0xDDD3, 0xDDB3, 0xD5B2, 0xDDB2,
    0xDDB2, 0xD5B2, 0xDD91, 0xDDB1, 0xD591, 0xD570, 0xD570, 0xD590,
    0xAC90, 0x79C8, 0x7A06, 0x79E7, 0x71C6, 0x71C6, 0x71C6, 0x7206,
    0x69A5, 0xD4AB, 0xE6D5, 0xB572, 0xB38B, 0xDB07, 0xCB47, 0xBAE8,
    0xA286, 0x9246, 0x9AA7, 0xAB28, 0xBB48, 0xCBE7, 0xD489, 0xCC48,
    0xE4C9, 0xE56A, 0xE52B, 0xF54B, 0xED4C, 0xDCCC, 0xC40C, 0xB36C,
    0xB2AC, 0xA20C, 0xA96B, 0xA94B, 0xB0EB, 0xC0EA, 0xC90B, 0xD12B,
    0xD14B, 0xD14B, 0xD14A, 0xD16A, 0xD96B, 0xD18A, 0xD18A, 0xD16A,
    0xD1AA, 0xD1EB, 0xD169, 0xD169, 0xD189, 0xD189, 0xD189, 0xD168,
    0xD988, 0xD968, 0xD968, 0xE168, 0xE168, 0xE187, 0xE167, 0xD967,
    0xD946, 0xE326, 0xC986, 0xC125, 0xB904, 0xB125, 0xA124, 0x9104,
    0x89A5, 0x70E3, 0x60C2, 0x50E2, 0x5944, 0x7206, 0x8B6A, 0x93AA,
    0x93EA, 0x93EA, 0x940B, 0x9C4B, 0x6983, 0x2040, 0x1861, 0x2081,
    0x2081, 0x2081, 0x28A1, 0x28A1, 0x28A1, 0x28A1, 0x30A1, 0x30C1,
    0x38C1, 0x38A1, 0x48A1, 0x48C1, 0x50C2, 0x58C2, 0x60C2, 0x68C2,
    0x70C2, 0x78E2, 0x80A3, 0x90C3, 0x90C3, 0x90A3, 0x90A3, 0x88A4,
    0x80A4, 0x80A3, 0x78A3, 0x70A3, 0x70A3, 0x70A3, 0x70A3, 0x70A3,
    0x6863, 0x6043, 0x60C3, 0x8182, 0x81E3, 0x8388, 0x92E6, 0x8AC6,
    0x82A5, 0x7A45, 0x7202, 0x7182, 0x60E2, 0x48A0, 0x5102, 0x5102,
    0x5942, 0x5983, 0x4101, 0x30C1, 0x9C2A, 0xBCEB, 0xAC8B, 0xACAB,
    0xAC8B, 0xAC8B, 0xAC6B, 0xAC6A, 0xAC6A, 0xAC6A, 0xAC4A, 0xAC4A,
    0xAC4A, 0xA429, 0xA429, 0xAC49, 0x9B87, 0x8AA5, 0x8265, 0x82A6,
    0xA40B, 0xABE9, 0xA3C9, 0xAC09, 0x6A24, 0x38A1, 0x49E5, 0xA409,
    0xA3A8, 0xA3A9, 0xA3E9, 0x9B26, 0x82A7, 0x8284, 0x3860, 0x4A06,
    0xA3E9, 0xA389, 0xA3A9, 0xA3C9, 0xA3C9, 0xA3C9, 0x9BC9, 0xA44C,
    0xB4EF, 0xB530, 0xB52F, 0xB50F, 0xB530, 0xB510, 0xB4EF, 0xB571,
    0xABEC, 0xB0AB, 0xD90B, 0xD10C, 0xE10A, 0x9924, 0x5984, 0x6964,
    0x6924, 0x730F, 0xB677, 0xE56C, 0x59C5, 0x83EE, 0xB571, 0xBD50,
    0xBD71, 0xBD71, 0xBD91, 0xBD72, 0xC5D3, 0xC611, 0xC5B0, 0xBD51,
    0xBD71, 0xBD71, 0xBD71, 0xBDB2, 0xC5CF, 0xBC07, 0x6941, 0x2040,
    0xDDD3, 0xDDD3, 0xDDD3, 0xE5D3, 0xDDD3, 0xDDB3, 0xD5B2, 0xD5B2,
    0xDDB2, 0xDDB2, 0xDD92, 0xDDB1, 0xD5B2, 0xD571, 0xD570, 0xCDB1,
    0x8B0D, 0x81C6, 0x79E7, 0x79E7, 0x7A07, 0x7207, 0x71E6, 0x69C6,
    0x6185, 0x9C2C, 0xAC4E, 0xBD53, 0x938C, 0xDB68, 0xCAE7, 0xB286,
    0x9A46, 0x9246, 0x9A87, 0xB2E6, 0xD427, 0xD4E9, 0xC3C8, 0xCBA8,
    0xE52A, 0xD4AA, 0xE4A9, 0xFD8A, 0xFDCA, 0xFDCA, 0xFD8B, 0xED6B,
    0xDD0C, 0xD4AC, 0xCC6C, 0xBBCD, 0xC3CC, 0xAB2C, 0xB24B, 0x9A2C,
    0xB1CB, 0xB98B, 0xC96B, 0xC92A, 0xD12A, 0xD149, 0xD96A, 0xD96A,
    0xD98A, 0xD96A, 0xD9AA, 0xD989, 0xD989, 0xD189, 0xD188, 0xD989,
    0xD968, 0xD988, 0xD988, 0xD967, 0xD967, 0xD988, 0xD988, 0xD988,
    0xE188, 0xE3EB, 0xE269, 0xE148, 0xE988, 0xE988, 0xE968, 0xF9C8,
    0xF1E9, 0xE968, 0xE187, 0xE167, 0xD947, 0xD147, 0xC906, 0xC126,
    0xB925, 0xB925, 0xB925, 0xB105, 0xB905, 0xC9C4, 0xC1E4, 0xA8C4,
    0xA8E4, 0xB104, 0xA904, 0xA904, 0xA8E4, 0xA8E4, 0xB0E4, 0xB104,
    0xB8E4, 0xB8E4, 0xC0E4, 0xC0E5, 0xC105, 0xC105, 0xC105, 0xB8E5,
    0xB0E4, 0xA8E4, 0xA0E4, 0xA0C4, 0x98C4, 0x88C4, 0x88C4, 0x78C3,
    0x78C3, 0x78A3, 0x78C3, 0x70A4, 0x70A3, 0x7083, 0x6063, 0x6083,
    0x7163, 0x92A3, 0xBC43, 0xDD22, 0xCC03, 0xBDB8, 0xF7DC, 0xFFDC,
    0xFFFC, 0xFFB9, 0xF6B5, 0xFE37, 0xD54F, 0xB40A, 0x6A42, 0x6A02,
    0x4901, 0x2860, 0x49A3, 0xAC8B, 0xB4CB, 0xAC8B, 0xAC8B, 0xAC8B,
    0xAC8B, 0xAC6B, 0xAC6B, 0xAC6A, 0xAC6A, 0xAC4A, 0xAC4A, 0xAC2A,
    0xA429, 0xAC29, 0xAC29, 0x9327, 0x8285, 0x8285, 0x82A6, 0xA40B,
    0xA3E9, 0xA3E9, 0xA408, 0x61C3, 0x38C1, 0x38A2, 0x6B08, 0xABE9,
    0x9BA8, 0xA3C9, 0xA3C8, 0x8245, 0x8B07, 0x69A2, 0x2882, 0x7328,
    0xABC9, 0x9BA9, 0xA3A9, 0xA3A9, 0x9BA9, 0xA3EA, 0xACAD, 0xB50F,
    0xB50F, 0xB50F, 0xB50F, 0xB50F, 0xB52F, 0xB50F, 0xB50F, 0xB510,
    0xBD90, 0xA28B, 0xC0CB, 0xD90B, 0xD90C, 0xD907, 0x7143, 0x69E5,
    0x79E5, 0x6986, 0x7C33, 0xD692, 0x8A65, 0x6B0B, 0xA511, 0xBD90,
    0xBD51, 0xBD71, 0xBD71, 0xBD71, 0xBD70, 0xBD50, 0xB570, 0xBD70,
    0xBD71, 0xBD71, 0xBD91, 0xBD91, 0xBD92, 0xC5F3, 0xCDCE, 0xB3A8,
    0xDDD3, 0xDDD3, 0xDDB3, 0xE613, 0xDE14, 0xD5B4, 0xD5B3, 0xD5B2,
    0xD592, 0xDDB2, 0xDDD2, 0xD592, 0xD571, 0xD571, 0xD591, 0xB4F1,
    0x7A09, 0x8207, 0x8207, 0x7207, 0x71E7, 0x7A27, 0x7207, 0x71E7,
    0x61C6, 0x9B07, 0xBC6C, 0xEEB7, 0x7BB0, 0xA206, 0xD2E6, 0xB2A6,
    0xA286, 0x9A46, 0xA286, 0xB2E6, 0xC3E8, 0xCC49, 0xC3A8, 0xC388,
    0xD428, 0xDCAA, 0xF4E9, 0xFDCA, 0xFE0A, 0xFE0A, 0xFDAA, 0xF54A,
    0xE50A, 0xE50B, 0xDCEB, 0xD38A, 0xED49, 0xEDC9, 0xD5AA, 0x39C8,
    0x59E9, 0x626A, 0x5A09, 0xAB2C, 0xAAEB, 0xB24B, 0xA9EA, 0xB9CA,
    0xC1AA, 0xC989, 0xD989, 0xD169, 0xD969, 0xD968, 0xD968, 0xE189,
    0xD988, 0xD988, 0xE188, 0xD988, 0xD987, 0xE188, 0xE188, 0xE188,
    0xE167, 0xE2CF, 0xDA90, 0xD946, 0xD9A8, 0xE168, 0xE9C8, 0xF48B,
    0xF44C, 0xE188, 0xD988, 0xD968, 0xD988, 0xD9A9, 0xE1E9, 0xE168,
    0xE188, 0xD988, 0xE168, 0xE188, 0xD927, 0xEC0F, 0xEB6C, 0xD907,
    0xD967, 0xD967, 0xD147, 0xD147, 0xD147, 0xD146, 0xC926, 0xC926,
    0xC126, 0xC106, 0xB905, 0xB905, 0xB105, 0xB0E5, 0xA0E5, 0xA0E4,
    0x98E4, 0x90C4, 0x90C4, 0x88C4, 0x88C4, 0x88C4, 0x80C4, 0x78A3,
    0x7883, 0x7063, 0x6843, 0x6863, 0x5883, 0x6143, 0x92A4, 0xBBE3,
    0xD4A2, 0xD481, 0xD441, 0xC3C2, 0xBB80, 0xC3E3, 0xA3EB, 0x6BAF,
    0x8492, 0xB638, 0xEEFC, 0xEF3B, 0xEF5A, 0xA48E, 0x5B42, 0x5241,
    0x3902, 0x8347, 0xBCEC, 0xB48B, 0xAC6B, 0xAC8B, 0xAC8B, 0xAC6B,
    0xAC8B, 0xAC6B, 0xAC6B, 0xAC4A, 0xAC4A, 0xAC4A, 0xA42A, 0xA429,
    0xAC4A, 0xA3E8, 0x8AE6, 0x8285, 0x8285, 0x82A6, 0xA40B, 0xABE9,
    0xABE9, 0x93A7, 0x4962, 0x38C1, 0x38E2, 0x4943, 0x62A8, 0xA3E9,
    0x9BA8, 0xA3E9, 0x9306, 0x7A26, 0x8B06, 0x40A0, 0x41A5, 0x9BE9,
    0x9BA8, 0xA3A9, 0x9B88, 0x9BA9, 0xAC4C, 0xB50E, 0xB50F, 0xB4EE,
    0xB50E, 0xB50F, 0xB50F, 0xB50F, 0xB50F, 0xB50F, 0xB50F, 0xB50F,
    0xB531, 0xB50F, 0xA14B, 0xD90B, 0xD90C, 0xD90B, 0xA904, 0x6206,
    0x79C4, 0x7163, 0x6989, 0x9D53, 0x8285, 0x5AA8, 0x9C2F, 0xB591,
    0xBD90, 0xBD70, 0xB550, 0xB550, 0xBD70, 0xBD70, 0xBD70, 0xBD70,
    0xBD71, 0xBD71, 0xBD91, 0xBD91, 0xBD91, 0xBD92, 0xC5D3, 0xCDD2,
    0xDDD3, 0xDDD3, 0xDDB4, 0xD5B3, 0xD5D4, 0xD5B4, 0xD5B3, 0xD5B2,
    0xD592, 0xD592, 0xD5B1, 0xD592, 0xE571, 0xE611, 0xCDF2, 0x938E,
    0x79C6, 0x7A07, 0x79E7, 0x7A47, 0x7208, 0x71E7, 0x7208, 0x7A28,
    0x61A7, 0xBD2E, 0xB4B1, 0xE654, 0xA516, 0x5945, 0xAA65, 0xB2C6,
    0xA2C6, 0xA2A7, 0xAAA6, 0xB2E6, 0xBB06, 0xC387, 0xC3A7, 0xD468,
    0xD428, 0xDCC9, 0xFD8A, 0xFDCA, 0xFE2A, 0xFE2A, 0xFDEA, 0xFD8A,
    0xED2A, 0xDD0A, 0xDCEA, 0xCBAA, 0xD408, 0xFE89, 0x8C08, 0x3826,
    0xBC0C, 0xA4B2, 0x1824, 0x9BAA, 0xC50F, 0xBCAE, 0x840C, 0x51E7,
    0x92CB, 0x8AA9, 0x9A4A, 0x926A, 0xA229, 0xA9E9, 0xB1E9, 0xC1C9,
    0xC9A9, 0xC988, 0xD988, 0xE188, 0xE168, 0xE168, 0xE168, 0xE988,
    0xE967, 0xE18A, 0xE9B3, 0xE187, 0xE188, 0xE188, 0xE1E9, 0xEC31,
    0xE3D2, 0xD989, 0xD988, 0xD988, 0xD968, 0xD988, 0xD9C9, 0xD988,
    0xD168, 0xD168, 0xD188, 0xD1A8, 0xD147, 0xD1CC, 0xC9AA, 0xC926,
    0xC927, 0xC927, 0xC926, 0xC126, 0xC126, 0xC126, 0xB905, 0xB905,
    0xB105, 0xB105, 0xB105, 0xA905, 0xA905, 0xA8E4, 0xA0E4, 0x98E4,
    0x98E4, 0x90C4, 0x90A4, 0x8883, 0x8083, 0x7863, 0x7083, 0x68A3,
    0x7144, 0x81E4, 0x8AE7, 0xA3E8, 0x9B87, 0x7A83, 0x8B01, 0x8AA0,
    0x8AA0, 0x9B00, 0xA341, 0xB3C1, 0xBC21, 0xCC01, 0x7200, 0x5220,
    0x5A41, 0x5265, 0x5B2A, 0x52A8, 0x39C5, 0x2080, 0x4122, 0x72C6,
    0xB4AC, 0xBCEC, 0xAC6B, 0xAC6B, 0xAC6B, 0xAC6B, 0xAC6B, 0xAC6B,
    0xAC6B, 0xAC6B, 0xAC4A, 0xAC4A, 0xA44A, 0xA42A, 0xAC4A, 0xAC29,
    0x9B67, 0x82A5, 0x8286, 0x8285, 0x82C6, 0xA40B, 0xAC0A, 0xA3E8,
    0x7AE5, 0x4101, 0x40E2, 0x40C1, 0x4164, 0x8A85, 0x5206, 0xA409,
    0x9BA8, 0x9B87, 0x7A25, 0x82C7, 0x7203, 0x2861, 0x7348, 0xABC9,
    0x9B88, 0x9B88, 0xA3EA, 0xACAD, 0xB4EE, 0xB4EE, 0xB4EE, 0xB50E,
    0xB4EE, 0xB4EE, 0xB50F, 0xB50F, 0xB50F, 0xB50F, 0xB50F, 0xB50F,
    0xB4EF, 0xBD71, 0xA3AC, 0xB8AB, 0xE10B, 0xC90C, 0xD908, 0x7923,
    0x6164, 0x71A4, 0x6102, 0x49E9, 0x5A25, 0x5A87, 0x9349, 0x9C0C,
    0xACAF, 0xB571, 0xC5B1, 0xC5B1, 0xC5B1, 0xBDB1, 0xBDB1, 0xBD91,
    0xBD91, 0xBD71, 0xBD71, 0xBD92, 0xBDD2, 0xCDF1, 0xCDB2, 0xBD70,
    0xDDD4, 0xDDB3, 0xDDD3, 0xDDB3, 0xDDB3, 0xD5B3, 0xD5B3, 0xD5B2,
    0xD592, 0xD592, 0xD591, 0xD591, 0xD551, 0xE610, 0xCE55, 0x826D,
    0x79C6, 0x79E7, 0x7208, 0x71E8, 0x7209, 0x71E9, 0x69E8, 0x7208,
    0x69C8, 0x8AA8, 0xF737, 0xDEFA, 0xB4F2, 0xAC8F, 0x59C7, 0xAAA6,
    0xB2E7, 0xAAC6, 0xB2E6, 0xBB06, 0xC366, 0xCBA7, 0xD3E7, 0xDD09,
    0xE56A, 0xED4A, 0xFD6A, 0xFDEA, 0xFE2A, 0xFE2A, 0xFE0A, 0xFDC9,
    0xF569, 0xE52A, 0xDCEA, 0xCB69, 0xED87, 0xCC89, 0x4128, 0x48C6,
    0xB512, 0xA5BA, 0x2824, 0xA2E7, 0xBCAF, 0xBC6D, 0xB46D, 0x3904,
    0x8206, 0x8A47, 0x8247, 0x8268, 0x8268, 0x8269, 0x82A8, 0x8A89,
    0x8A8A, 0x8AA9, 0x9249, 0x9A4A, 0x9A69, 0xAA69, 0xBA09, 0xBA09,
    0xC1E9, 0xC9C8, 0xE1AE, 0xD189, 0xD168, 0xD968, 0xE189, 0xE1AB,
    0xE16B, 0xE148, 0xE169, 0xE168, 0xE169, 0xE189, 0xE169, 0xE169,
    0xD968, 0xD968, 0xD968, 0xD188, 0xD948, 0xD147, 0xD147, 0xD167,
    0xC927, 0xC927, 0xC926, 0xC906, 0xC106, 0xC106, 0xB8E5, 0xB8E5,
    0xB0E5, 0xB0E5, 0xA8C5, 0xA0A4, 0xA0A4, 0x98A4, 0x90A4, 0x90A4,
    0x88A4, 0x80C4, 0x7924, 0x8164, 0x8A05, 0x9246, 0x9AE6, 0xA304,
    0x4A08, 0xC674, 0xD58C, 0xBD6E, 0xC58D, 0xC54C, 0xB48A, 0xA3E8,
    0x9346, 0x82C4, 0x6A62, 0x61E1, 0x5161, 0x5182, 0x4101, 0x38E1,
    0x3921, 0x3920, 0x40E0, 0x5161, 0x7244, 0x9BC9, 0xBCCB, 0xBCEC,
    0xAC8B, 0xAC6B, 0xAC6B, 0xAC6B, 0xAC6B, 0xAC6B, 0xAC6B, 0xAC6B,
    0xAC4B, 0xAC4B, 0xA44A, 0xA42A, 0xA44A, 0xAC4A, 0xA3E9, 0x8AE6,
    0x8286, 0x82A6, 0x8265, 0x8AE7, 0xAC4C, 0xB42A, 0x9387, 0x59C3,
    0x38A1, 0x4102, 0x40C1, 0x4163, 0x82A7, 0x8A64, 0x49E5, 0x9BE9,
    0xA3A8, 0x8A85, 0x7A25, 0x8AC5, 0x40A0, 0x49E6, 0xA3E9, 0x9B68,
    0x9BA9, 0xAC4C, 0xB4EE, 0xB4CD, 0xB4CD, 0xB4EE, 0xB50E, 0xB50E,
    0xB4EE, 0xB50E, 0xBD2E, 0xBD0E, 0xB50F, 0xB50F, 0xB50F, 0xB50F,
    0xB50F, 0xB4EF, 0xB54F, 0xA1EB, 0xD10B, 0xD94B, 0xD90B, 0xB124,
    0x6163, 0x6923, 0x40E1, 0x3904, 0x51E5, 0x5A67, 0x9B68, 0x93A8,
    0x9348, 0x832A, 0x83CB, 0x7BAB, 0x7349, 0x7B28, 0x7B29, 0x8BCD,
    0xA4F0, 0xB591, 0xBDB2, 0xC592, 0xC5B1, 0xBD91, 0xBD92, 0xC5B2,
    0xD5B4, 0xD5B3, 0xD5B3, 0xD5B3, 0xD5B3, 0xD5B3, 0xD5B3, 0xD592,
    0xD592, 0xDDB2, 0xDDB2, 0xD591, 0xCD51, 0xD590, 0xA430, 0xA289,
    0x9369, 0x7A29, 0x7A48, 0x7229, 0x69E8, 0x69E8, 0x69E7, 0x69C7,
    0x7227, 0x69C6, 0x8B6B, 0xC5F4, 0xC5F6, 0xB4F3, 0x9C71, 0x61E7,
    0xBB06, 0xCBA7, 0xC367, 0xCBC7, 0xD489, 0xDC89, 0xDD09, 0xDD2A,
    0xE52A, 0xF54A, 0xFDAA, 0xFE0A, 0xFE2A, 0xFE2A, 0xFE2A, 0xFE09,
    0xFDA9, 0xF549, 0xDCEA, 0xCBC8, 0xDCE7, 0x7227, 0x4106, 0x5127,
    0x4907, 0x51AA, 0x2065, 0xA3AA, 0xBCAF, 0xB46D, 0xC4AE, 0x6A48,
    0x4924, 0x9268, 0x8227, 0x8A27, 0x8A27, 0x8A26, 0x8A26, 0x8226,
    0x8A26, 0x8226, 0x8227, 0x8247, 0x7A47, 0x93CA, 0xBCCE, 0x830A,
    0x82A8, 0x7A69, 0x6A09, 0x92CA, 0x8AA9, 0x9A6A, 0x9A4A, 0x9A4A,
    0x9A49, 0xAA69, 0xBA89, 0xB209, 0xB1EA, 0xB1EA, 0xB1EA, 0xB9C9,
    0xB9C9, 0xB1A9, 0xB9A8, 0xC1A8, 0xB967, 0xB967, 0xB967, 0xB146,
    0xB106, 0xA906, 0xA906, 0xA925, 0xA125, 0x9125, 0xA186, 0xA166,
    0x9966, 0x9986, 0x91C6, 0x9206, 0x9226, 0x9206, 0x9A46, 0xA327,
    0xAB88, 0xB409, 0xBCA9, 0xC4EA, 0xCD2A, 0xCCEA, 0xCC48, 0xBBE8,
    0x7225, 0x632F, 0xC633, 0xCD4B, 0xB4EC, 0xBD2D, 0xBD2D, 0xBD4D,
    0xC54D, 0xC54D, 0xC52C, 0xBCCB, 0xB48A, 0xAC28, 0xA3E8, 0xA3E8,
    0xA3C8, 0xAC29, 0xB48B, 0xBCEC, 0xBD0D, 0xB4CC, 0xAC8C, 0xAC6B,
    0xAC8B, 0xAC8B, 0xAC6B, 0xAC6B, 0xAC6B, 0xAC6B, 0xAC4B, 0xA44B,
    0xA44B, 0xA42A, 0xA44A, 0xA44A, 0xA42A, 0x9348, 0x82A6, 0x82A6,
    0x82A6, 0x7A65, 0x9348, 0xB48C, 0xA3E9, 0x6A64, 0x38E2, 0x38A2,
    0x4902, 0x38A1, 0x4163, 0x9347, 0x8AA7, 0x8AA4, 0x4A05, 0xA409,
    0x8AC6, 0x7205, 0x8286, 0x69C2, 0x2861, 0x6B08, 0xA3A8, 0xA42B,
    0xB4CD, 0xB4ED, 0xB4CD, 0xB4CD, 0xB4EE, 0xB4EE, 0xB50E, 0xB4EE,
    0xB50F, 0xB54F, 0xBD2E, 0xB4EE, 0xB4EE, 0xB4EE, 0xB4EE, 0xB50E,
    0xB50E, 0xB4EF, 0xBD71, 0xAC4D, 0xB0EA, 0xD92A, 0xC8EA, 0xD108,
    0x91E3, 0x40C2, 0x40E2, 0x38C2, 0x59C3, 0x61E5, 0x51E5, 0x5A27,
    0x62C8, 0x7329, 0x838C, 0x942E, 0xA48F, 0xAC8D, 0x9BA9, 0x7A65,
    0x5A27, 0x7C0E, 0xB551, 0xBDB2, 0xBDB2, 0xCDF2, 0xD5D2, 0xC592,
    0xD5B3, 0xD5B3, 0xD5B3, 0xD5B3, 0xD5B3, 0xD5B3, 0xDDB3, 0xD592,
    0xD592, 0xD592, 0xD591, 0xD5B2, 0xCD51, 0xCD92, 0x8B2D, 0x8227,
    0x8B4A, 0x730D, 0x69C9, 0x71E8, 0x69E8, 0x69E7, 0x69C7, 0x71E7,
    0x69E7, 0x71E7, 0x61A6, 0x5986, 0x6A49, 0x8B4B, 0x9B8C, 0xACAF,
    0x6AAA, 0xAB46, 0xE4E9, 0xE52A, 0xDD4A, 0xDD2A, 0xE54A, 0xF54A,
    0xF54A, 0xFD8A, 0xFDEA, 0xFE2A, 0xFE2A, 0xFE2A, 0xFE2A, 0xFE0A,
    0xFE09, 0xF5C9, 0xD449, 0xCB26, 0x8A86, 0x4125, 0x5966, 0x7A69,
    0x724A, 0x4107, 0x1845, 0x6A29, 0xC4D0, 0xB46E, 0xBCAE, 0xABCC,
    0x4104, 0x69C6, 0x9268, 0x8227, 0x8247, 0x8247, 0x8A47, 0x8A46,
    0x8A26, 0x8A26, 0x8226, 0x8226, 0x8206, 0x7A66, 0xBCAD, 0x9B09,
    0x81E6, 0x7A06, 0x49A4, 0x8AA7, 0x8247, 0x8AC8, 0x8268, 0x8288,
    0x8288, 0xA3C9, 0xC5EE, 0x938B, 0x8A8A, 0x8ACA, 0x8B0A, 0x8B0A,
    0x8B29, 0x8B29, 0x5A67, 0x8309, 0xAB49, 0x9309, 0xA3CB, 0xB46C,
    0xB46B, 0xB48B, 0xB48B, 0xBCAB, 0xBD0C, 0x9BE8, 0x5A25, 0x9B48,
    0xBB88, 0xB367, 0xB3A7, 0xB3A7, 0xB3A7, 0xBBA7, 0xBBA7, 0xBBA6,
    0xBB86, 0xBB87, 0xBB87, 0xBBA7, 0xBB87, 0xB3E8, 0xC428, 0x9328,
    0x9C2A, 0xAB24, 0x62CD, 0x9D52, 0xCDCE, 0xC50C, 0xB4EC, 0xB4EC,
    0xB4EC, 0xB4EC, 0xB4CC, 0xB4EC, 0xB4EC, 0xB4EC, 0xB4EC, 0xB4EC,
    0xB4CC, 0xB4CC, 0xACAC, 0xAC8C, 0xAC6B, 0xAC8B, 0xAC8B, 0xAC8B,
    0xAC6B, 0xAC6B, 0xAC6B, 0xAC6B, 0xAC4B, 0xA44B, 0xA44B, 0xA44B,
    0xA42A, 0xA44B, 0xA42A, 0x9B89, 0x8AC6, 0x8286, 0x82A6, 0x7A85,
    0x82A5, 0xA3EA, 0xB48C, 0x82E6, 0x4922, 0x38A1, 0x40E2, 0x4902,
    0x38A1, 0x4183, 0x93E9, 0x92E6, 0x82E7, 0x8A84, 0x4205, 0x9327,
    0x71E5, 0x7A46, 0x8285, 0x38A0, 0x3103, 0x8BEB, 0xB4AD, 0xB4EE,
    0xB4CD, 0xB4CD, 0xB4CD, 0xB4CD, 0xB4CE, 0xB4EE, 0xB4EE, 0xB4EE,
    0xB50E, 0xB50E, 0xB4EE, 0xB4EE, 0xB4EE, 0xB50E, 0xB50E, 0xB50E,
    0xB50E, 0xB50F, 0xB50F, 0xBD6F, 0xA20A, 0xC8CA, 0xC90A, 0xC8CA,
    0xB9A5, 0x5941, 0x38C2, 0x40C2, 0x59A2, 0x5144, 0x6B8A, 0xABEA,
    0xA3EA, 0xAC4C, 0xAC4C, 0xACB0, 0xBDD3, 0xC5F2, 0xC5F4, 0xD633,
    0xCCA9, 0x6983, 0x5AEC, 0xA553, 0xC632, 0xCDB1, 0xC591, 0xBD92,
    0xD5D3, 0xDDB3, 0xD5B3, 0xD5B3, 0xD5B3, 0xD593, 0xD5B2, 0xD5D2,
    0xD593, 0xD592, 0xCD71, 0xCD71, 0xD591, 0xB4F2, 0x7A2A, 0x7A28,
    0x71C7, 0x71E7, 0x69E8, 0x69C7, 0x69E7, 0x69C7, 0x69E7, 0x7207,
    0x69E7, 0x6986, 0x9266, 0xC44B, 0x8B4B, 0x5944, 0xC40A, 0xC551,
    0xA44F, 0x6AEB, 0x71C5, 0xBB87, 0xE509, 0xE54A, 0xED4A, 0xFD69,
    0xFD89, 0xFDC9, 0xFE0A, 0xFE2A, 0xFE2A, 0xFE2A, 0xFE29, 0xFE4A,
    0xF5EA, 0xDC68, 0xC306, 0x8265, 0x4145, 0x5985, 0x5985, 0x7249,
    0x6A6A, 0x30E7, 0x38C7, 0x2045, 0x72AA, 0xCCF0, 0xB48E, 0xBCAE,
    0x92C9, 0x4104, 0x6A06, 0x8A67, 0x8227, 0x8A47, 0x8247, 0x8226,
    0x8226, 0x8226, 0x8226, 0x8226, 0x8A46, 0x61C5, 0xA42B, 0xB40B,
    0x7A06, 0x9267, 0x4144, 0x7207, 0x8A47, 0x8268, 0x8A47, 0x8A47,
    0x9267, 0x9309, 0x93CE, 0x8ACA, 0x92A8, 0x9288, 0x92A8, 0x92A8,
    0x9AC8, 0xAB09, 0x92A7, 0x4164, 0x82C8, 0xAB08, 0x9AC8, 0xAB8A,
    0xC52E, 0xCD4D, 0xCD2D, 0xCD4D, 0xCD4D, 0xD56D, 0xBC48, 0x7243,
    0x8AA5, 0xBB86, 0xB326, 0xB346, 0xB346, 0xB366, 0xB386, 0xB387,
    0xB386, 0xB386, 0xB386, 0xB386, 0xB366, 0xB366, 0xBB86, 0x8266,
    0x8BCB, 0xBC49, 0xAB86, 0x6A07, 0x634E, 0x9D30, 0xC58E, 0xC50C,
    0xB4EC, 0xB4EC, 0xD54C, 0xBCCC, 0xB4CC, 0xB4AB, 0xACAB, 0xAC8B,
    0xAC8B, 0xAC8B, 0xAC8B, 0xAC8C, 0xAC8C, 0xAC8B, 0xAC6B, 0xAC6B,
    0xAC6B, 0xAC6B, 0xAC4B, 0xA44B, 0xA44B, 0xA44B, 0xA44B, 0xA44B,
    0xA44B, 0x9BA9, 0x8AE7, 0x82A6, 0x82A6, 0x8286, 0x8286, 0x8B27,
    0xAC4B, 0x93AA, 0x5183, 0x38A1, 0x40E2, 0x4102, 0x40E2, 0x30A1,
    0x51E4, 0x9BE9, 0xA3C8, 0x8245, 0x8B68, 0x8263, 0x3964, 0x7A65,
    0x7A25, 0x82A6, 0x4942, 0x3061, 0x5AC9, 0xBD2E, 0xB4CD, 0xB4CD,
    0xB4CD, 0xB4CD, 0xB4CD, 0xB4CD, 0xB4CD, 0xB4CD, 0xB4EE, 0xB50E,
    0xB52E, 0xB4EE, 0xB4EE, 0xB4EE, 0xB50F, 0xB52E, 0xB50E, 0xB50E,
    0xB50E, 0xB50E, 0xB4EE, 0xBD50, 0xAC2C, 0xB0C9, 0xD10A, 0xC10A,
    0xC908, 0x9243, 0x48C1, 0x4102, 0x5102, 0x48E4, 0x6B6C, 0xACCB,
    0xA3E9, 0x9B88, 0x9BC9, 0x9BA8, 0x9BED, 0xAD73, 0xBE54, 0xDEF3,
    0xF735, 0xED0A, 0x61A4, 0x6B6C, 0xAD32, 0xBD91, 0xBD92, 0xBDB2,
    0xD5D3, 0xD5D3, 0xD5B3, 0xD5B2, 0xD592, 0xD592, 0xCD92, 0xD592,
    0xD592, 0xCD71, 0xCD71, 0xCD51, 0xCD91, 0x93CF, 0x79C7, 0x71E7,
    0x71E7, 0x69C7, 0x69C7, 0x69C7, 0x69C7, 0x69C7, 0x69C6, 0x69C6,
    0x71E6, 0xAB28, 0xCCCD, 0xC4F0, 0xCD10, 0xA3ED, 0x82C8, 0x9C90,
    0x936C, 0x9BAC, 0x82E8, 0x6A47, 0x7A66, 0xB408, 0xDCE9, 0xF549,
    0xFD89, 0xF5C9, 0xF5EA, 0xFE2A, 0xFE4A, 0xF62A, 0xF5EA, 0xDCC9,
    0xBB47, 0x9265, 0x6A05, 0x69E6, 0x69E6, 0x5986, 0x5185, 0x4945,
    0x3905, 0x4106, 0x40E6, 0x40C7, 0x2885, 0x6A6A, 0xB40E, 0xB46E,
    0xB46E, 0x92C9, 0x5964, 0x7A06, 0x8A47, 0x8A47, 0x8227, 0x8A46,
    0x8A26, 0x8246, 0x8226, 0x8226, 0x8A46, 0x69C5, 0x6A87, 0xBCAD,
    0x8AA8, 0x8A47, 0x5985, 0x5164, 0x8A68, 0x8227, 0x8A67, 0x8A68,
    0x8AA8, 0x8A88, 0x8A68, 0x8A88, 0x8AA8, 0x92A8, 0x92A8, 0x9AE9,
    0x8AE9, 0x5206, 0x51A5, 0x69C4, 0x5184, 0x82A8, 0xAB08, 0x9A86,
    0xA349, 0xC50D, 0xC50D, 0xC50D, 0xC52D, 0xC52D, 0xCD8E, 0xD54C,
    0x9326, 0x8284, 0xBBA7, 0xBB86, 0xBB87, 0xBB66, 0xB346, 0xB346,
    0xB387, 0xB387, 0xB387, 0xB387, 0xB3A7, 0xB387, 0xBBC7, 0xA2E5,
    0x840E, 0xB428, 0xABE9, 0xB407, 0x92A4, 0x59C7, 0x636D, 0x9D0F,
    0xB4ED, 0xC5EC, 0xC58C, 0xACAC, 0xB4AC, 0xB4AC, 0xACAC, 0xAC8B,
    0xAC8B, 0xAC8B, 0xAC8B, 0xAC6B, 0xAC6B, 0xAC6B, 0xAC6B, 0xAC6B,
    0xA46C, 0xA44B, 0xA44B, 0xA44B, 0xA44B, 0xA46B, 0xA44B, 0x9BCA,
    0x8B07, 0x82A6, 0x82A6, 0x8286, 0x8286, 0x8AE7, 0x9BA9, 0x9BCA,
    0x6206, 0x38C1, 0x38E2, 0x4102, 0x4102, 0x40C2, 0x30A1, 0x6245,
    0xA3E9, 0x9BC9, 0x9B47, 0x7A46, 0xA3E9, 0x69A2, 0x3944, 0x8265,
    0x7A65, 0x4942, 0x38A1, 0x3924, 0x94AE, 0xB4ED, 0xACCD, 0xB4CD,
    0xB4CD, 0xB4CD, 0xB4CD, 0xB4CD, 0xB4CD, 0xB4CE, 0xB4EE, 0xB4EE,
    0xB4EE, 0xB4CE, 0xB4EE, 0xB4EE, 0xB50E, 0xB50E, 0xB50E, 0xB50E,
    0xB50E, 0xB50E, 0xB50E, 0xB4EF, 0xB54F, 0xA1EA, 0xC0CA, 0xC10A,
    0xC0C9, 0xAA06, 0x71E2, 0x40C2, 0x5122, 0x50E2, 0x4967, 0x8C6D,
    0xAC6B, 0xA42A, 0xA3E9, 0xA409, 0xA40B, 0xAC73, 0xB656, 0xD692,
    0xCD90, 0xBE77, 0xDCC8, 0x5A47, 0x9CD0, 0xC5B2, 0xC592, 0xBDB2,
    0xDDD2, 0xD5D2, 0xD5B2, 0xD5B2, 0xD592, 0xCD92, 0xCD72, 0xCD71,
    0xD591, 0xCD91, 0xCD71, 0xCD50, 0xC571, 0x828B, 0x79C6, 0x71C6,
    0x69A6, 0x69A6, 0x69A6, 0x61A6, 0x69C6, 0x69C6, 0x6986, 0x81C5,
    0xBBC9, 0xCCEF, 0xC4AF, 0xC48E, 0xBC8E, 0xCCCF, 0xBC8E, 0x7AA9,
    0x6985, 0xC40A, 0xDE32, 0x940D, 0x5965, 0x5985, 0x61E5, 0x82A6,
    0x9347, 0xB3A7, 0xBC08, 0xBC08, 0xB3A7, 0xA346, 0x8286, 0x69C4,
    0x61E5, 0x59A5, 0x7226, 0x6A47, 0x5186, 0x4124, 0x3904, 0x4104,
    0x4105, 0x4105, 0x3905, 0x38E6, 0x38E7, 0x2065, 0x4947, 0x8A8A,
    0x92EA, 0x930B, 0x8A68, 0x7A06, 0x8227, 0x8A47, 0x8A47, 0x8A46,
    0x8A46, 0x8226, 0x8226, 0x8226, 0x8226, 0x7A26, 0x5964, 0x8A88,
    0x8AA8, 0x8227, 0x7A06, 0x4123, 0x8A47, 0x8A47, 0x92A8, 0x8A88,
    0x8A68, 0x8A88, 0x8A88, 0x8AA8, 0x8AA8, 0x8AA8, 0x9AE9, 0x7AA8,
    0x4164, 0x7A05, 0x9AC7, 0xA309, 0xAB28, 0x59A4, 0x8AC8, 0xAB28,
    0x9AA7, 0xABEA, 0xCD4E, 0xC50D, 0xC52D, 0xCD2D, 0xCD2D, 0xCD4E,
    0xD5AE, 0xB408, 0x8B47, 0xBC09, 0xBB87, 0xB367, 0xB366, 0xB367,
    0xB387, 0xB387, 0xB387, 0xB387, 0xB387, 0xBBA7, 0xAB66, 0x6224,
    0x8BEE, 0xB44A, 0xABC8, 0xA3C8, 0xB429, 0xBBE7, 0x71E2, 0x4165,
    0x94D1, 0xD6B0, 0xBCED, 0xBCEC, 0xB4AC, 0xAC8B, 0xAC8B, 0xAC8B,
    0xAC8B, 0xAC6B, 0xAC6B, 0xAC6B, 0xAC6B, 0xAC6B, 0xA46B, 0xA46C,
    0xA44B, 0xA44B, 0xA44B, 0xA46B, 0xA44B, 0x9BCA, 0x8B08, 0x82A7,
    0x82A6, 0x82A6, 0x82A6, 0x8AE7, 0x82E7, 0x7B28, 0x72A6, 0x4902,
    0x38C1, 0x4102, 0x4102, 0x4102, 0x38A1, 0x4122, 0x7B07, 0xA3C9,
    0x9B88, 0x9BA9, 0x8AA6, 0x82E8, 0x92E6, 0x38A1, 0x51E5, 0x8245,
    0x4942, 0x38E2, 0x3881, 0x5B0A, 0xBD2E, 0xB4CD, 0xB4CD, 0xB4CD,
    0xB4CD, 0xB4CD, 0xB4CD, 0xB4CD, 0xB4CD, 0xB4EE, 0xB4EE, 0xB4EE,
    0xB4EE, 0xB4EE, 0xB4EE, 0xB4EE, 0xB4EE, 0xB50E, 0xB50E, 0xB50E,
    0xB50E, 0xB50E, 0xB50F, 0xB4EE, 0xB550, 0xABCB, 0xB0A9, 0xC10A,
    0xB90A, 0xB908, 0x8AE4, 0x6101, 0x4902, 0x5122, 0x48C2, 0x528A,
    0xA48D, 0xAC6D, 0xACCD, 0xA48A, 0xAC4B, 0xA3EA, 0x9C0C, 0xA4F1,
    0xBD91, 0xB576, 0xDEB2, 0x92C5, 0x7BAD, 0xAD73, 0xC5F3, 0xCE34,
    0xDDF2, 0xD5D2, 0xD5B2, 0xD5B2, 0xD592, 0xCD91, 0xCD71, 0xCD71,
    0xCD71, 0xCD71, 0xCD51, 0xCD70, 0xACB0, 0x79C7, 0x71C6, 0x69A6,
    0x69A5, 0x69A6, 0x61A5, 0x69A5, 0x69A6, 0x6965, 0x9A65, 0xC48B,
    0xC4CF, 0xBC8E, 0xC48E, 0xC48E, 0xC48E, 0xBC6D, 0xC48E, 0xCD10,
    0x6A69, 0xBCAD, 0xCE55, 0xB531, 0x9B8A, 0x8246, 0x8266, 0x7206,
    0x69E5, 0x61C6, 0x4925, 0x6184, 0x8286, 0x9349, 0x82E8, 0x7206,
    0x9B69, 0x8B4A, 0x4965, 0x4104, 0x4924, 0x5165, 0x4145, 0x3904,
    0x4124, 0x4104, 0x4105, 0x4105, 0x40E6, 0x40E7, 0x28A5, 0x30E6,
    0x7208, 0x8A48, 0x8A48, 0x8A27, 0x8226, 0x8226, 0x8A46, 0x8A26,
    0x8A26, 0x8A26, 0x8A46, 0x8226, 0x8226, 0x8A26, 0x8226, 0x8206,
    0x8206, 0x8227, 0x8A67, 0x4964, 0x69E6, 0x9288, 0x8A88, 0x8A68,
    0x8A68, 0x8A88, 0x8A88, 0x8A88, 0x8AA8, 0x92C9, 0x82C9, 0x4164,
    0x9287, 0xA309, 0x9AE9, 0x9AE9, 0x9B09, 0x9AC7, 0x51A5, 0x9B09,
    0xA2E7, 0xA328, 0xC50D, 0xC52D, 0xC52D, 0xCD2D, 0xCD4D, 0xCD4D,
    0xC52E, 0xD5AF, 0xBC49, 0x7A44, 0xB367, 0xB367, 0xB387, 0xB3A7,
    0xB3A7, 0xB3A7, 0xB3A7, 0xB387, 0xB3A8, 0xA326, 0x6A67, 0xA3EB,
    0xB409, 0xABC9, 0xABC8, 0xABE8, 0xA387, 0x5A05, 0x940D, 0xCD92,
    0xD637, 0xC5B1, 0xC5B0, 0xC590, 0xC56F, 0xBD2E, 0xB4EC, 0xB4AC,
    0xAC6B, 0xAC4B, 0xA44B, 0xA44B, 0xA46B, 0xA44B, 0xA44B, 0xA44B,
    0xA46C, 0xA46C, 0xA42B, 0x93AA, 0x8B08, 0x82A7, 0x82A7, 0x82C7,
    0x8AE7, 0x82E7, 0x7AA6, 0x5A05, 0x5A26, 0x51E5, 0x4102, 0x4122,
    0x4102, 0x4102, 0x38C2, 0x38C2, 0x5A25, 0x93A9, 0xA3C9, 0x9B68,
    0x9BA9, 0x9B87, 0x7A45, 0x7A86, 0x71C3, 0x30C2, 0x61E4, 0x40E1,
    0x38C2, 0x40C1, 0x3965, 0xA4CE, 0xB4CD, 0xACCD, 0xB4CD, 0xB4CD,
    0xB4CD, 0xB4CD, 0xB4CD, 0xB4CD, 0xB4CE, 0xB4CE, 0xB4CE, 0xB4EE,
    0xB4EE, 0xB4EE, 0xB4EE, 0xB4EE, 0xB50E, 0xB50E, 0xB50E, 0xB50E,
    0xB50E, 0xB50F, 0xB50F, 0xB50E, 0xB530, 0xC590, 0xA1AA, 0xC0EA,
    0xC12A, 0xC0C9, 0x9A68, 0x8AA3, 0x50C2, 0x5122, 0x5101, 0x4905,
    0x7C0D, 0xAC8D, 0xA4AD, 0xAC8C, 0xA42A, 0xA3E9, 0x9BC9, 0x9BCC,
    0xA4F1, 0xB594, 0xD673, 0x9AA5, 0x6B0B, 0xA534, 0xC614, 0xC5D2,
    0xDDF2, 0xDDD2, 0xD5B2, 0xD591, 0xCD91, 0xCD91, 0xCD91, 0xCD91,
    0xCD70, 0xCD50, 0xC530, 0xCD70, 0x93AD, 0x7185, 0x71C6, 0x69A5,
    0x6985, 0x6185, 0x6185, 0x6985, 0x7185, 0xAAA6, 0xCCCC, 0xC4AE,
    0xBC6D, 0xBC6D, 0xBC6D, 0xBC6D, 0xC46D, 0xC4AE, 0xCCAE, 0x93ED,
    0x5966, 0x5944, 0x6A08, 0x6268, 0x9C4D, 0xB4EF, 0xA3CB, 0xB48D,
    0xC54E, 0x93CC, 0x7184, 0xD56F, 0xDE95, 0x9CD1, 0x7B8B, 0x5A8A,
    0x4125, 0x4145, 0x4924, 0x5165, 0x4965, 0x5165, 0x4965, 0x38E4,
    0x4104, 0x4104, 0x3904, 0x4105, 0x4925, 0x4106, 0x4106, 0x30A6,
    0x28A5, 0x5186, 0x8248, 0x9248, 0x8A47, 0x8226, 0x7A06, 0x8226,
    0x8A26, 0x8A26, 0x8A26, 0x8A26, 0x9246, 0x69E6, 0x69C5, 0x8A46,
    0x8227, 0x8227, 0x8A47, 0x7A06, 0x4143, 0x8A87, 0x8247, 0x8A67,
    0x8A68, 0x8A88, 0x8A88, 0x8AA8, 0x8AA9, 0x92C9, 0x49A5, 0x9308,
    0x8AC9, 0x7A68, 0x7A88, 0x82C9, 0x92E9, 0xB349, 0x69C4, 0x7246,
    0xAB28, 0x9AE7, 0xBCCD, 0xCD2E, 0xC52D, 0xCD2E, 0xCD2E, 0xCD4E,
    0xCD4E, 0xC52E, 0xD5CF, 0xB409, 0x6A45, 0xB3C8, 0xAB67, 0xB367,
    0xB367, 0xB347, 0xB347, 0xB347, 0xB326, 0x6246, 0xA42C, 0xB3E9,
    0xABE9, 0xABC8, 0xA3C8, 0xB409, 0x61E4, 0x94B2, 0xEE95, 0xC5B1,
    0xC590, 0xC590, 0xC590, 0xC590, 0xBD90, 0xBD90, 0xBD90, 0xBD6F,
    0xBD2E, 0xB4ED, 0xB4AC, 0xAC6B, 0xA44B, 0xA44B, 0xA46C, 0xA44C,
    0x9C0B, 0x9389, 0x82E8, 0x82E8, 0x82C7, 0x8AE7, 0x8AE7, 0x7AA7,
    0x6205, 0x4943, 0x4964, 0x5A26, 0x51C4, 0x40E2, 0x4102, 0x4122,
    0x38E2, 0x30C1, 0x4983, 0x8348, 0xA3E9, 0x9B88, 0x9B88, 0x9BA9,
    0x9BA8, 0x8AC6, 0x7205, 0x7A66, 0x6162, 0x28A2, 0x40E2, 0x38E2,
    0x4102, 0x30A2, 0x7BEC, 0xBCED, 0xACCD, 0xB4CD, 0xB4CD, 0xB4CD,
    0xB4CD, 0xB4CD, 0xACCD, 0xACCD, 0xB4CE, 0xB4EE, 0xB4CE, 0xB4EE,
    0xB4EE, 0xB4EE, 0xB4EE, 0xB4EE, 0xB50E, 0xB50E, 0xB50E, 0xB50F,
    0xB50F, 0xB52F, 0xB50F, 0xB530, 0xBCED, 0x6AEA, 0x72AC, 0xB8EA,
    0xC12A, 0xC0EA, 0xB149, 0x9428, 0x7941, 0x40E2, 0x5122, 0x50C2,
    0x524A, 0xA4CD, 0xAC6C, 0xAC8C, 0xAC8C, 0xA42A, 0x9BC9, 0x9BEA,
    0x9BCB, 0x9CB3, 0xCE11, 0x7225, 0x6B2B, 0x9C90, 0xAD0F, 0xAC8D,
    0xDE12, 0xDDF2, 0xDDD1, 0xD5D1, 0xD591, 0xD590, 0xCD90, 0xCD70,
    0xCD70, 0xCD50, 0xCD2F, 0xC570, 0x82CA, 0x7185, 0x69A5, 0x6985,
    0x6185, 0x6165, 0x6985, 0x81A5, 0xAA65, 0xC3E9, 0xBC8D, 0xC46D,
    0xBC6D, 0xBC4D, 0xBC4D, 0xC44D, 0xC48D, 0xB46E, 0xA3ED, 0x6228,
    0x6164, 0x5944, 0xA2E7, 0x6228, 0x5163, 0xA4CF, 0x9C2D, 0xB50F,
    0xB4F0, 0xDDD4, 0xFF59, 0xA577, 0x49E9, 0x3926, 0x40E4, 0x4924,
    0x4945, 0x4944, 0x4965, 0x4965, 0x4945, 0x4945, 0x5185, 0x4144,
    0x38E4, 0x4104, 0x4904, 0x38E4, 0x4925, 0x4105, 0x38E6, 0x40E6,
    0x40E6, 0x30A4, 0x30C4, 0x5986, 0x7A07, 0x9247, 0x9247, 0x8206,
    0x7A05, 0x8226, 0x8226, 0x7A26, 0x5185, 0x5163, 0x8205, 0x8A26,
    0x8226, 0x8226, 0x8226, 0x8A67, 0x61A4, 0x61A5, 0x8A67, 0x8247,
    0x8A67, 0x8A67, 0x8A88, 0x8A88, 0x92A9, 0x7A48, 0x59C5, 0x6A69,
    0x4985, 0x61A5, 0x61A5, 0x59A5, 0x51A5, 0x6227, 0x6A26, 0x59C5,
    0xAB28, 0x9AC7, 0xBCCD, 0xC52E, 0xC52E, 0xC52E, 0xCD2E, 0xCD4E,
    0xCD4E, 0xCD4E, 0xC52E, 0xDDCF, 0x82A5, 0x8AC6, 0xBB87, 0xB367,
    0xBBE8, 0xC428, 0xC469, 0xCCEA, 0xB407, 0x9C8F, 0xC4AB, 0xA3A8,
    0xABE9, 0xA3C8, 0xA3A8, 0xABE8, 0x7246, 0xA5D7, 0xDDF0, 0xBD70,
    0xC5B0, 0xC591, 0xC590, 0xBD90, 0xBD70, 0xBD70, 0xBD70, 0xBD70,
    0xBD50, 0xBD70, 0xBD70, 0xBD90, 0xBD50, 0xACAD, 0x9BCA, 0x8B28,
    0x82C7, 0x82C7, 0x8B08, 0x8B08, 0x82C7, 0x6A46, 0x51A4, 0x4102,
    0x38E2, 0x59E5, 0x6246, 0x4943, 0x40E2, 0x4123, 0x40E2, 0x30C1,
    0x4963, 0x7AC7, 0x9BC9, 0x9BA9, 0x9368, 0x9BC9, 0x9BE9, 0x9347,
    0x7A66, 0x7225, 0x7A46, 0x7A45, 0x40C1, 0x38C2, 0x40E2, 0x4102,
    0x3881, 0x5AC9, 0xBD0E, 0xACAD, 0xB4CD, 0xB4CD, 0xB4CD, 0xB4CD,
    0xB4CD, 0xB4CD, 0xACCD, 0xB4CE, 0xB4EE, 0xB4EE, 0xB4EE, 0xB4EE,
    0xB4EE, 0xB4EE, 0xB50F, 0xB50E, 0xB50E, 0xB50E, 0xB50F, 0xB50F,
    0xB50F, 0xB50E, 0xB50F, 0xBD0D, 0x5161, 0x3862, 0x5AAB, 0x996A,
    0xC0EA, 0xB10A, 0xB8C8, 0x82CA, 0x8324, 0x58E2, 0x4902, 0x5102,
    0x4905, 0x7C0D, 0xB4AC, 0xA48C, 0xAC6D, 0xA48D, 0xA46B, 0x9BEA,
    0x9BEA, 0x9C0C, 0x9B26, 0x3146, 0x7B8A, 0x93EE, 0xA4AE, 0xA48D,
    0xE612, 0xDDF1, 0xDDD1, 0xDDF1, 0xD5F1, 0xD591, 0xCD90, 0xCD70,
    0xCD50, 0xCD4F, 0xCD2F, 0xBD0F, 0x7A08, 0x71A5, 0x6985, 0x6165,
    0x6165, 0x6164, 0x79A4, 0x9A25, 0xBB27, 0xC40A, 0xBC4C, 0xBC4C,
    0xBC4C, 0xBC4C, 0xC44C, 0xAC0C, 0x7269, 0x61C6, 0x5144, 0x5944,
    0x5984, 0x5923, 0xBBEA, 0x62AA, 0x4903, 0x4964, 0x6268, 0x7B09,
    0x942C, 0x9C8E, 0x8D35, 0x41EA, 0x40C2, 0x5164, 0x5185, 0x4965,
    0x4965, 0x4965, 0x4945, 0x4944, 0x4944, 0x4944, 0x5164, 0x5165,
    0x38E4, 0x38E4, 0x6924, 0x6944, 0x38E4, 0x38E4, 0x38C5, 0x38C5,
    0x30C6, 0x40E5, 0x40E5, 0x30C3, 0x38E3, 0x5165, 0x69E6, 0x8246,
    0x8A46, 0x8226, 0x7A06, 0x61A5, 0x71A4, 0x9246, 0x8A46, 0x8A26,
    0x8A26, 0x8A26, 0x8A46, 0x8A46, 0x9287, 0x8A26, 0x8A47, 0x8A47,
    0x8A67, 0x8A67, 0x9287, 0x8A88, 0x8AA8, 0x51C6, 0x3944, 0x69E5,
    0xA2E8, 0xA309, 0xA2E9, 0xA2E9, 0x9AC8, 0x8266, 0x4963, 0x3944,
    0xAB28, 0xA2C7, 0xC4CD, 0xCD2E, 0xC52E, 0xC52E, 0xCD2D, 0xCD2E,
    0xCD2E, 0xC54E, 0xC54E, 0xCD8F, 0xBC6A, 0x7285, 0xD52B, 0xCD2B,
    0xCD6B, 0xCD4C, 0xCD2B, 0xC50B, 0xC468, 0x8C0F, 0xB48B, 0xA3A8,
    0xABE9, 0xA3C8, 0xA3A8, 0xA3C8, 0xA346, 0x62CC, 0xC677, 0xD5D0,
    0xBD50, 0xC591, 0xC570, 0xBD70, 0xBD70, 0xBD70, 0xBD70, 0xBD70,
    0xBD90, 0xBD70, 0xB510, 0xA46D, 0x938A, 0x82E8, 0x8AE7, 0x8B08,
    0x8B08, 0x7AC8, 0x6A47, 0x59C5, 0x4944, 0x4103, 0x4102, 0x5184,
    0x6267, 0x51C4, 0x40E2, 0x4102, 0x38E2, 0x30A1, 0x4122, 0x7286,
    0x9BA9, 0xA3C9, 0x9BC9, 0xA42B, 0xA44B, 0x9389, 0x82A7, 0x7225,
    0x7225, 0x7A66, 0x69E4, 0x4102, 0x38E2, 0x40E2, 0x4102, 0x38A1,
    0x41C6, 0xAD51, 0xBCEE, 0xACAD, 0xB4CE, 0xB4CD, 0xB4CD, 0xB4CD,
    0xB4CD, 0xB4CD, 0xACCD, 0xACCE, 0xB4CE, 0xB4EE, 0xACEF, 0xB50F,
    0xB50F, 0xB50F, 0xB50F, 0xB50F, 0xB50F, 0xB50F, 0xB50F, 0xB50F,
    0xB50F, 0xB4EF, 0xBD6F, 0x7A22, 0x3081, 0x50C0, 0x2948, 0x724B,
    0xB8CA, 0xB10A, 0xB909, 0x9882, 0x2923, 0x3902, 0x4902, 0x5122,
    0x50C2, 0x524A, 0x9CCD, 0xAC2B, 0xA42B, 0xA40B, 0x9BEB, 0x9BEA,
    0x9BA9, 0x9C0A, 0x9242, 0x29A8, 0x8BAA, 0x93EE, 0xA4CF, 0xA48E,
    0xE633, 0xDDF3, 0xDDD1, 0xD5B1, 0xD5B0, 0xCD90, 0xCD70, 0xCD70,
    0xCD4F, 0xC52F, 0xCD6F, 0x940E, 0x7186, 0x69C5, 0x6185, 0x6165,
    0x6164, 0x6964, 0x81C4, 0xA266, 0xBB27, 0xBC09, 0xBC2C, 0xBC4B,
    0xBC2C, 0xBC0C, 0xC44C, 0x82EA, 0x48E3, 0x5943, 0x5144, 0x5964,
    0x4924, 0x79C4, 0xBC2C, 0x4987, 0x5143, 0x5144, 0x4903, 0x4944,
    0x49A6, 0x4166, 0x28A3, 0x38A2, 0x5185, 0x4945, 0x4944, 0x4944,
    0x4944, 0x4944, 0x4944, 0x4944, 0x4944, 0x4144, 0x4944, 0x5985,
    0x3924, 0x30E3, 0x40E4, 0x8284, 0x4184, 0x38C4, 0x38E4, 0x38C5,
    0x30C5, 0x30C5, 0x38C5, 0x38C4, 0x38E4, 0x30C3, 0x30C3, 0x3903,
    0x59A5, 0x8226, 0x8A46, 0x8A26, 0x8A46, 0x7A06, 0x7206, 0x7A06,
    0x7A06, 0x7A06, 0x7206, 0x7206, 0x7206, 0x71E6, 0x71E5, 0x71E5,
    0x71E6, 0x7206, 0x7206, 0x69E5, 0x5184, 0x4964, 0x72A7, 0x93AB,
    0x836A, 0x8BAB, 0x8B09, 0x8268, 0x8AA8, 0x92C8, 0x92A7, 0x4123,
    0x8287, 0x92E8, 0xB4CD, 0xBD2E, 0xBD2E, 0xC54E, 0xC54E, 0xCD6F,
    0xCD8F, 0xD58F, 0xD58F, 0xD58F, 0xDDAE, 0x7AA6, 0xC4EB, 0xD50B,
    0xCCEB, 0xCCCA, 0xCCCA, 0xCCCA, 0xD4E9, 0xAC0B, 0xB531, 0xB3A7,
    0xAC2B, 0xA3C9, 0xA3A8, 0xA388, 0xA3A8, 0x9B05, 0x6ACC, 0xB5F6,
    0xD611, 0xC56F, 0xBD90, 0xBD90, 0xBD91, 0xBD90, 0xB550, 0xACCE,
    0xA42C, 0x938A, 0x8B08, 0x8AC7, 0x8AE7, 0x82E8, 0x7AA7, 0x6226,
    0x51A5, 0x4144, 0x4923, 0x4943, 0x4944, 0x5184, 0x6205, 0x61E5,
    0x4963, 0x4103, 0x40E2, 0x38E1, 0x51C4, 0x8348, 0xAC6B, 0xB48C,
    0xACAD, 0xB4CE, 0xAC8D, 0x93AA, 0x7A87, 0x7205, 0x7225, 0x7A66,
    0x7225, 0x5163, 0x38C1, 0x40E2, 0x40E2, 0x38E2, 0x40C1, 0x3923,
    0x948D, 0xB4CD, 0xACAD, 0xB4AD, 0xB4CD, 0xB4CD, 0xACCD, 0xACCD,
    0xACCE, 0xB4CD, 0xA46D, 0xACCE, 0xB4CE, 0xB4EF, 0xB4EF, 0xB510,
    0xB530, 0xB510, 0xB530, 0xB530, 0xB530, 0xB52F, 0xB50F, 0xB50F,
    0xB4EE, 0xB550, 0xB3E7, 0x3040, 0x38A1, 0x2860, 0x2863, 0x4AAC,
    0xA90A, 0xB909, 0xA909, 0xB0E4, 0x4000, 0x0841, 0x28C2, 0x4102,
    0x5122, 0x48E4, 0x6B8B, 0xA3C9, 0x93A9, 0x9BC9, 0x9BCA, 0x9BEB,
    0x9BEB, 0xA44A, 0x81A2, 0x3209, 0x938A, 0x8C0F, 0xA4CF, 0xA48E,
    0xDDF2, 0xDDF2, 0xDDF1, 0xD5D1, 0xD5B0, 0xD5B0, 0xCD90, 0xCD6F,
    0xCD4F, 0xCD4E, 0xB50F, 0x7208, 0x7185, 0x6985, 0x6185, 0x6165,
    0x6164, 0x6964, 0x81E5, 0x9A66, 0xB2E7, 0xBB68, 0xBBC9, 0xBC0A,
    0xBC2B, 0xBC0B, 0xC46C, 0x6A68, 0x5103, 0x5144, 0x5123, 0x5144,
    0x4903, 0xAAC6, 0x9BEC, 0x4124, 0x5144, 0x4944, 0x4944, 0x4944,
    0x4924, 0x4944, 0x3904, 0x4104, 0x4944, 0x4944, 0x4944, 0x4944,
    0x4944, 0x4944, 0x4144, 0x4144, 0x4144, 0x4144, 0x4124, 0x5964,
    0x4944, 0x30C3, 0x38C4, 0x3943, 0x4324, 0x3924, 0x38E4, 0x38E4,
    0x30C5, 0x38C5, 0x4105, 0x30C4, 0x30C4, 0x30C3, 0x40E3, 0x30C3,
    0x28A2, 0x3903, 0x4124, 0x3903, 0x38E3, 0x30C2, 0x38E3, 0x4923,
    0x5143, 0x5143, 0x5143, 0x5143, 0x5123, 0x4923, 0x5143, 0x5143,
    0x5143, 0x4943, 0x4943, 0x4943, 0x5163, 0x5164, 0x4944, 0x4123,
    0x4924, 0x4124, 0x5164, 0x61C5, 0x61E5, 0x61E5, 0x6A06, 0x7225,
    0x7226, 0x69E5, 0x6A26, 0x7246, 0x7247, 0x7267, 0x7288, 0x72E8,
    0x7B29, 0x8369, 0x8B6A, 0x8B8B, 0x9C2C, 0x6A86, 0x93A8, 0xAC4A,
    0xB44A, 0xB46A, 0xB48A, 0xBCAA, 0xC4EB, 0xB3E7, 0x736E, 0xB4CE,
    0xA388, 0xA3C9, 0xA3C8, 0xA3A8, 0xA388, 0xA3C9, 0xA346, 0x7289,
    0x8C92, 0xC613, 0xBD50, 0xACCE, 0xA44C, 0x9BAA, 0x9328, 0x8AE7,
    0x8AE7, 0x8AC7, 0x7AA7, 0x7246, 0x59C5, 0x4964, 0x4923, 0x4123,
    0x4944, 0x5984, 0x5164, 0x5185, 0x6206, 0x6226, 0x5184, 0x4123,
    0x40E2, 0x4923, 0x6246, 0x93EB, 0xB50F, 0xBD50, 0xBD2F, 0xB50F,
    0xA44C, 0x8B29, 0x7A46, 0x7205, 0x7A25, 0x7A66, 0x7A46, 0x59A4,
    0x4102, 0x38E2, 0x4102, 0x40E2, 0x4102, 0x40E2, 0x30C2, 0x842D,
    0xBCEE, 0xACAD, 0xACAD, 0xACAD, 0xB4CD, 0xB4CD, 0xACCD, 0xB4CD,
    0xACCE, 0xB4CD, 0xA42C, 0xACEE, 0xB4CE, 0xB4EF, 0xB4F0, 0xB510,
    0xB531, 0xB531, 0xB531, 0xB551, 0xB571, 0xB530, 0xB50F, 0xB50F,
    0xB50F, 0xBD8F, 0x8A42, 0x1841, 0x4101, 0x38A1, 0x3020, 0x29EA,
    0x89CA, 0xB0C9, 0xA8E9, 0xB0E7, 0x7081, 0x1060, 0x1860, 0x1841,
    0x20A2, 0x3081, 0x4208, 0xA46B, 0xA3C9, 0x9BCA, 0x9BCA, 0x9BEA,
    0x9BEB, 0xAC6A, 0x6962, 0x3A8A, 0x9B89, 0x8BAC, 0x9C4F, 0xA4AF,
    0xDE12, 0xDDF2, 0xDDD1, 0xDDD1, 0xD5B0, 0xD590, 0xCD90, 0xCD6F,
    0xCD2F, 0xCD6F, 0x8B4C, 0x7185, 0x69A5, 0x6185, 0x6165, 0x5965,
    0x6164, 0x6964, 0x79C4, 0x9225, 0xAAA6, 0xBB27, 0xBB68, 0xBBA9,
    0xBBEA, 0xBC0B, 0xB40B, 0x5A06, 0x4903, 0x4924, 0x4923, 0x4923,
    0x5903, 0xC3C9, 0x72EA, 0x40E3, 0x4923, 0x4923, 0x4924, 0x4124,
    0x4124, 0x4144, 0x28C3, 0x4103, 0x4924, 0x4104, 0x4124, 0x4144,
    0x4124, 0x4124, 0x4124, 0x4124, 0x4124, 0x4124, 0x4124, 0x4944,
    0x5985, 0x30E3, 0x38E3, 0x38C3, 0x39C5, 0x39EA, 0x38C3, 0x38E4,
    0x30C4, 0x30C5, 0x30C5, 0x30C4, 0x30C4, 0x30C3, 0x38E3, 0x30E3,
    0x38E3, 0x38E2, 0x30C2, 0x30C2, 0x40E2, 0x6983, 0x69A4, 0x69A4,
    0x71A4, 0x71A4, 0x71A4, 0x7A06, 0x79A4, 0x79A4, 0x79C4, 0x79C4,
    0x79C4, 0x79C4, 0x79E5, 0x79E4, 0x8205, 0x8225, 0x8225, 0x8226,
    0x8246, 0x8266, 0x8286, 0x7A86, 0x7AA7, 0x7A46, 0x71E5, 0x69C5,
    0x4964, 0x7A46, 0x7266, 0x7245, 0x6A24, 0x69E4, 0x69C4, 0x6163,
    0x5943, 0x5123, 0x4102, 0x4103, 0x38E3, 0x4944, 0x4103, 0x4103,
    0x4124, 0x4124, 0x4984, 0x49A4, 0x51E5, 0x4964, 0x4103, 0x51C6,
    0x61E5, 0x6226, 0x6246, 0x6A66, 0x7266, 0x7266, 0x7A87, 0x8285,
    0x6184, 0x4A09, 0x72EA, 0x7246, 0x7225, 0x7246, 0x7266, 0x7246,
    0x61E5, 0x5163, 0x4943, 0x4923, 0x4923, 0x5163, 0x5984, 0x5184,
    0x59C4, 0x61C4, 0x6226, 0x6A67, 0x51C5, 0x4103, 0x4102, 0x51A4,
    0x7AE8, 0xA46D, 0xBD70, 0xBD70, 0xB50F, 0xA48D, 0x93AA, 0x82C7,
    0x7225, 0x7205, 0x7A46, 0x8266, 0x7A46, 0x59C4, 0x4102, 0x38E2,
    0x4102, 0x4102, 0x40E2, 0x4102, 0x4102, 0x30C2, 0x7BCC, 0xBD2E,
    0xACCD, 0xACCE, 0xACCE, 0xACAD, 0xB4CD, 0xB4CD, 0xB4CE, 0xACCE,
    0xB4EE, 0xAC8B, 0x9BEC, 0xB50E, 0xB4CE, 0xB4EF, 0xB4F0, 0xB510,
    0xB531, 0xB531, 0xB531, 0xAD31, 0xB531, 0xB530, 0xB530, 0xB52F,
    0xB550, 0xC52C, 0x50E1, 0x20C2, 0x40C1, 0x3081, 0x2840, 0x20E6,
    0x628A, 0xA8A7, 0xA0E8, 0xA0E7, 0x90A2, 0x2020, 0x0000, 0x1020,
    0x1820, 0x1020, 0x18A4, 0x5B6B, 0x9C2A, 0xA3EA, 0x9BCA, 0x9BEA,
    0x9BEB, 0xAC07, 0x48E3, 0x530A, 0x9369, 0x8BAA, 0x93AB, 0x940D,
    0xDE12, 0xDDF2, 0xDDD1, 0xDDD0, 0xDDD0, 0xD5B0, 0xCD90, 0xCD6F,
    0xD56F, 0xACEF, 0x71E7, 0x71C5, 0x69A5, 0x6185, 0x5965, 0x5964,
    0x6164, 0x6164, 0x7184, 0x81C5, 0x9245, 0xAAA6, 0xB307, 0xBB48,
    0xBB88, 0xBBA9, 0xB369, 0x59A5, 0x4903, 0x4923, 0x4923, 0x4903,
    0x79A3, 0xC44B, 0x5208, 0x40E3, 0x4923, 0x4123, 0x4123, 0x4123,
    0x4124, 0x3904, 0x30A3, 0x4924, 0x4104, 0x5184, 0x4964, 0x4104,
    0x4124, 0x4124, 0x4124, 0x4124, 0x4124, 0x4124, 0x4124, 0x4124,
    0x5984, 0x4124, 0x30C3, 0x38E3, 0x30A3, 0x38E8, 0x38E6, 0x30E3,
    0x30C4, 0x30C4, 0x30C5, 0x30C5, 0x30C4, 0x30C3, 0x30C3, 0x30C3,
    0x30C2, 0x30C2, 0x38C2, 0x38C2, 0x38C2, 0x5964, 0x8226, 0x8206,
    0x8226, 0x8226, 0x8226, 0x8247, 0x8246, 0x8A46, 0x8A46, 0x8A46,
    0x8A46, 0x8A46, 0x8A67, 0x8A67, 0x9267, 0x9267, 0x9287, 0x92A7,
    0x9AA8, 0x9AE8, 0xA328, 0xA2E8, 0xB309, 0xA308, 0xA2E8, 0xAB08,
    0x5963, 0x7287, 0xBBA9, 0xAB68, 0xAB68, 0xAB47, 0xA327, 0xA2E7,
    0xA2C7, 0x9AC7, 0x9AC6, 0x92A6, 0x9AA6, 0x61C4, 0x8AC6, 0x92C6,
    0x8285, 0x82A5, 0x5164, 0x59E5, 0x69C4, 0x69C4, 0x61C4, 0x6183,
    0x5963, 0x5163, 0x5163, 0x5163, 0x4923, 0x38E2, 0x40E2, 0x4903,
    0x5163, 0x5922, 0x5123, 0x5143, 0x5143, 0x5143, 0x5143, 0x5143,
    0x5143, 0x5143, 0x5963, 0x5983, 0x5984, 0x5164, 0x5143, 0x51C4,
    0x6A86, 0x6A67, 0x51A5, 0x38E2, 0x4164, 0x6AA7, 0x940C, 0xB530,
    0xBD91, 0xB550, 0xACAE, 0x93EB, 0x8B28, 0x7A86, 0x7225, 0x7A45,
    0x7A66, 0x7A66, 0x7225, 0x5984, 0x4102, 0x38E2, 0x4102, 0x4102,
    0x4102, 0x40E2, 0x4102, 0x40E2, 0x30A2, 0x738B, 0xBD2F, 0xACCD,
    0xACCE, 0xB530, 0xB4CD, 0xACAE, 0xACCE, 0xACCD, 0xACCD, 0xACAD,
    0xB50E, 0x9BA9, 0x9C4D, 0xB4EE, 0xB4CE, 0xB4EF, 0xB4F0, 0xB510,
    0xB511, 0xB531, 0xB531, 0xB531, 0xB551, 0xB531, 0xB530, 0xB50F,
    0xB550, 0xB3E7, 0x3020, 0x2881, 0x3081, 0x3061, 0x2880, 0x2863,
    0x428B, 0x9907, 0xA0C7, 0x98C6, 0x98A3, 0x4040, 0x0800, 0x0800,
    0x1020, 0x1840, 0x30C1, 0x40A2, 0x39A7, 0x634A, 0x9C2A, 0xA3EA,
    0x9BEB, 0xA345, 0x3905, 0x7B8A, 0x9B49, 0x93AA, 0x93AA, 0x93A9,
    0xE612, 0xDE12, 0xDDD1, 0xDDD1, 0xDDD0, 0xD5B0, 0xCD90, 0xCD6F,
    0xCDB0, 0x8B4C, 0x71A5, 0x69C6, 0x6185, 0x6185, 0x6165, 0x6165,
    0x5964, 0x5964, 0x6164, 0x71A4, 0x81C5, 0x9225, 0xA266, 0xAAC6,
    0xB307, 0xB307, 0xA2C7, 0x5965, 0x4103, 0x4903, 0x4923, 0x48E3,
    0xA284, 0xAC0B, 0x4145, 0x4103, 0x4123, 0x4103, 0x4103, 0x4103,
    0x4123, 0x30E3, 0x30C2, 0x4124, 0x4103, 0x51A4, 0x4984, 0x4104,
    0x4124, 0x4124, 0x4124, 0x4124, 0x4124, 0x4124, 0x4124, 0x3924,
    0x5144, 0x5164, 0x28C3, 0x30C3, 0x30E3, 0x30E3, 0x40E5, 0x38E4,
    0x30E4, 0x30C4, 0x30C5, 0x30C5, 0x30C4, 0x28A4, 0x28A3, 0x30A2,
    0x28A2, 0x28A2, 0x30A2, 0x30A2, 0x30A2, 0x30A2, 0x30C2, 0x30C2,
    0x38C2, 0x38C2, 0x38E3, 0x38E3, 0x3903, 0x4103, 0x4103, 0x4923,
    0x5163, 0x5143, 0x5143, 0x5144, 0x5144, 0x5944, 0x5964, 0x5964,
    0x5964, 0x5985, 0x59A5, 0x69A5, 0xA245, 0x69E5, 0x69E5, 0x7206,
    0x7205, 0x38E2, 0x7206, 0x8226, 0x8246, 0x8A67, 0x92A7, 0x92C7,
    0x9AE7, 0x9B08, 0x9B08, 0xA308, 0xA308, 0x7A45, 0xBC2A, 0xBC0A,
    0xC44A, 0x9306, 0x59E6, 0x9B89, 0x9B47, 0x9327, 0x8AC7, 0x8AC7,
    0x8286, 0x7A65, 0x7225, 0x69E4, 0x5963, 0x5102, 0x5943, 0x6183,
    0x6183, 0x5984, 0x61A4, 0x5983, 0x5983, 0x5983, 0x5983, 0x5963,
    0x5963, 0x5163, 0x5163, 0x5163, 0x5143, 0x5184, 0x6206, 0x6226,
    0x5184, 0x4984, 0x6267, 0x8BEC, 0xAD30, 0xBDB2, 0xB571, 0xA48E,
    0x93CB, 0x8309, 0x7A87, 0x7246, 0x7A87, 0x82A6, 0x8287, 0x7A66,
    0x6A05, 0x5143, 0x38E2, 0x38E2, 0x4102, 0x4902, 0x4102, 0x4102,
    0x4102, 0x4102, 0x40E2, 0x30C2, 0x738B, 0xBD2F, 0xACAD, 0xACCE,
    0xACCE, 0xACCE, 0xACCE, 0xACCE, 0xACCD, 0xACCE, 0xB4EE, 0xACCE,
    0xB48B, 0x8B09, 0xAD0E, 0xB4CE, 0xB4EE, 0xB4EF, 0xB4EF, 0xB510,
    0xB511, 0xB531, 0xB531, 0xB551, 0xB551, 0xB551, 0xB530, 0xAD0F,
    0xBD8F, 0x8A83, 0x2820, 0x30A1, 0x3081, 0x3081, 0x2881, 0x2821,
    0x320A, 0x81A7, 0x9886, 0x90C6, 0x98A4, 0x6060, 0x1800, 0x0800,
    0x0800, 0x0820, 0x28E2, 0x6122, 0x50C1, 0x3882, 0x31C7, 0x73AB,
    0xA46B, 0xA282, 0x20A5, 0x5AC8, 0x72C7, 0x7AC7, 0x7AA7, 0x7AC8,
    0xE612, 0xE612, 0xDE12, 0xDDD1, 0xDDD0, 0xD5B0, 0xCD90, 0xD58F,
    0xB4EF, 0x7A07, 0x79C5, 0x69A5, 0x69A5, 0x6185, 0x6165, 0x6165,
    0x5964, 0x5964, 0x5944, 0x5964, 0x6984, 0x71A4, 0x81E5, 0x8A25,
    0x9246, 0x9246, 0x8205, 0x5164, 0x4103, 0x4103, 0x4903, 0x6143,
    0x9A85, 0x8287, 0x4104, 0x4103, 0x4103, 0x4103, 0x4103, 0x4103,
    0x4124, 0x28A3, 0x38E3, 0x3904, 0x59C4, 0x4164, 0x40E3, 0x4123,
    0x4104, 0x4124, 0x4124, 0x4124, 0x4124, 0x4124, 0x4124, 0x3924,
    0x4924, 0x5184, 0x30E3, 0x30C3, 0x30C3, 0x30E3, 0x30C3, 0x30C3,
    0x30C3, 0x30C4, 0x30C4, 0x30A5, 0x30A5, 0x30C4, 0x30C3, 0x30C3,
    0x30C3, 0x30E2, 0x30E2, 0x30C2, 0x30C2, 0x38C2, 0x30C2, 0x30C2,
    0x30C2, 0x38C2, 0x30A2, 0x30A2, 0x38C2, 0x38A2, 0x38C2, 0x40E2,
    0x4903, 0x4923, 0x4923, 0x4923, 0x5123, 0x5143, 0x5143, 0x5143,
    0x5143, 0x5963, 0x5943, 0x61C3, 0x8343, 0x5943, 0x5963, 0x5963,
    0x5983, 0x6183, 0x5943, 0x6163, 0x6163, 0x6183, 0x61A3, 0x6983,
    0x69C4, 0x69A4, 0x6963, 0x71C4, 0x71A4, 0x71C4, 0x71C4, 0x71C4,
    0x71C4, 0x6983, 0x71C4, 0x69C4, 0x6984, 0x6983, 0x6983, 0x61A3,
    0x69A3, 0x6183, 0x61A3, 0x61A4, 0x69C4, 0x69C4, 0x61C4, 0x61A4,
    0x61A4, 0x5984, 0x5983, 0x5983, 0x5983, 0x5983, 0x5983, 0x5984,
    0x5984, 0x5143, 0x4903, 0x5143, 0x61E5, 0x6A66, 0x72A7, 0x7B08,
    0x942C, 0xB551, 0xB592, 0xAD31, 0x944E, 0x838A, 0x7AC8, 0x7A66,
    0x7A46, 0x7A66, 0x82A7, 0x82A7, 0x7A87, 0x6A26, 0x59A4, 0x4123,
    0x38C2, 0x38E2, 0x4923, 0x4123, 0x4103, 0x4102, 0x4102, 0x4102,
    0x4123, 0x40E2, 0x30E2, 0x83CC, 0xBD2F, 0xACAE, 0xACCE, 0xACCE,
    0xACCE, 0xACCE, 0xACCE, 0xACAE, 0xACCD, 0xACEF, 0xB50F, 0xB50D,
    0x92E7, 0x940D, 0xB50E, 0xACCE, 0xB4EE, 0xB4EE, 0xB4EF, 0xB4F0,
    0xB510, 0xB511, 0xB531, 0xB551, 0xB551, 0xB551, 0xB530, 0xAD50,
    0xBD2C, 0x58E0, 0x2061, 0x30A1, 0x3081, 0x3081, 0x3081, 0x2840,
    0x2947, 0x6A28, 0x9065, 0x90C5, 0x90A4, 0x7081, 0x40E0, 0x2000,
    0x0800, 0x0800, 0x0881, 0x4922, 0x5942, 0x6122, 0x50A1, 0x30E4,
    0x4AA9, 0x8387, 0x7A24, 0x61E6, 0x630A, 0x83EE, 0x9C4D, 0x9BAC,
    0xEE94, 0xE633, 0xE632, 0xDE12, 0xD5D1, 0xD5B0, 0xCD90, 0xCDD0,
    0x93AD, 0x79C5, 0x71E6, 0x69C5, 0x69A5, 0x6185, 0x6165, 0x5965,
    0x5964, 0x5944, 0x5144, 0x5144, 0x5944, 0x6164, 0x6984, 0x6984,
    0x71A4, 0x69A4, 0x5964, 0x4923, 0x4103, 0x4103, 0x4903, 0x6163,
    0x71C5, 0x6185, 0x4924, 0x4103, 0x4103, 0x4103, 0x3903, 0x4103,
    0x3903, 0x2882, 0x4103, 0x4103, 0x4103, 0x4103, 0x4103, 0x4103,
    0x4103, 0x4103, 0x4103, 0x4124, 0x4103, 0x4123, 0x4124, 0x4104,
    0x4103, 0x5164, 0x3924, 0x30C3, 0x30C3, 0x30C3, 0x30C3, 0x30C3,
    0x30C3, 0x30C3, 0x30C4, 0x30C5, 0x30A5, 0x30C4, 0x30C3, 0x30C3,
    0x30C3, 0x38E3, 0x4103, 0x40E2, 0x38E2, 0x38E2, 0x40E2, 0x38E2,
    0x38C2, 0x38C2, 0x38C2, 0x40E2, 0x38E2, 0x40E2, 0x40E2, 0x40E3,
    0x40E3, 0x4103, 0x4103, 0x4103, 0x4103, 0x4903, 0x4923, 0x4923,
    0x5143, 0x5163, 0x5143, 0x5204, 0x5B85, 0x5964, 0x61A4, 0x61C4,
    0x69C4, 0x69C4, 0x69E4, 0x69E4, 0x71E4, 0x71E4, 0x71E4, 0x7204,
    0x7204, 0x7204, 0x7204, 0x7204, 0x7204, 0x7204, 0x7204, 0x7204,
    0x7A04, 0x7A24, 0x7205, 0x7204, 0x7204, 0x7204, 0x71E4, 0x71E4,
    0x71E4, 0x69E4, 0x69C4, 0x69C4, 0x61C4, 0x61A4, 0x61A3, 0x5984,
    0x5984, 0x5984, 0x5983, 0x5983, 0x5984, 0x5984, 0x4903, 0x4902,
    0x4902, 0x5984, 0x7AA7, 0x9BCA, 0xA44C, 0xA46D, 0xACEF, 0xACEF,
    0xA46E, 0x8BAB, 0x7B09, 0x72A7, 0x7287, 0x7A86, 0x82A7, 0x82A7,
    0x82A7, 0x7A87, 0x6A25, 0x59A4, 0x4943, 0x38E2, 0x38C2, 0x38E2,
    0x4123, 0x4923, 0x4122, 0x4102, 0x4102, 0x4102, 0x4102, 0x4123,
    0x38C1, 0x3944, 0x942D, 0xBD0F, 0xACAE, 0xACCE, 0xACCE, 0xACCE,
    0xACCE, 0xACCE, 0xACCE, 0xACCE, 0xACCE, 0xACAD, 0xB50E, 0xA388,
    0x7AC9, 0xAD0F, 0xACCD, 0xACCE, 0xB4EE, 0xB4EE, 0xB4EF, 0xB4EF,
    0xB510, 0xB510, 0xB531, 0xB531, 0xB551, 0xB552, 0xB571, 0xBDB1,
    0xABE7, 0x3040, 0x30A1, 0x30A1, 0x3081, 0x30A1, 0x3061, 0x2840,
    0x20A5, 0x5289, 0x9884, 0x90A5, 0x88A4, 0x8082, 0x3880, 0x1820,
    0x0820, 0x0820, 0x0000, 0x1881, 0x38E2, 0x4922, 0x6942, 0x7901,
    0x60A1, 0x3925, 0x52E9, 0x940A, 0xAC0B, 0x9BEB, 0x9C0D, 0xA44E,
    0xFFDB, 0xE6D8, 0xDE13, 0xDDF1, 0xDDF1, 0xD5D0, 0xD590, 0xC590,
    0x82AA, 0x79E5, 0x71E6, 0x71E5, 0x69A5, 0x6185, 0x5965, 0x5945,
    0x5944, 0x5144, 0x5144, 0x5144, 0x5124, 0x5124, 0x5124, 0x5943,
    0x6164, 0x6164, 0x5964, 0x4923, 0x4103, 0x4103, 0x4903, 0x5123,
    0x5144, 0x5144, 0x4104, 0x40E3, 0x3903, 0x3903, 0x3903, 0x4103,
    0x28C3, 0x30A2, 0x4123, 0x4103, 0x4923, 0x4923, 0x5123, 0x5123,
    0x5143, 0x5143, 0x4924, 0x4924, 0x4123, 0x4123, 0x4124, 0x4124,
    0x3903, 0x5144, 0x4944, 0x30C3, 0x30C3, 0x30C3, 0x30C3, 0x30C3,
    0x30E3, 0x30C3, 0x30C4, 0x30A4, 0x28A5, 0x28A4, 0x28A3, 0x28A3,
    0x30C3, 0x38C3, 0x40E3, 0x4103, 0x4103, 0x40E2, 0x40E2, 0x4903,
    0x5123, 0x5943, 0x5963, 0x5943, 0x5943, 0x6183, 0x6183, 0x6163,
    0x6183, 0x5963, 0x5943, 0x5123, 0x5103, 0x4903, 0x4903, 0x4903,
    0x40E2, 0x4923, 0x4923, 0x4985, 0x5207, 0x5143, 0x5164, 0x5184,
    0x5984, 0x5984, 0x5984, 0x6184, 0x6184, 0x61A4, 0x69C4, 0x69C4,
    0x69E4, 0x71E4, 0x71E4, 0x7205, 0x7205, 0x7204, 0x71E4, 0x71E4,
    0x71E4, 0x71E4, 0x71E4, 0x71E4, 0x71E4, 0x71E4, 0x71E4, 0x71E4,
    0x71E4, 0x69E4, 0x69C4, 0x69C4, 0x61C4, 0x61A4, 0x59A4, 0x5984,
    0x5983, 0x5163, 0x5163, 0x5163, 0x5142, 0x4103, 0x7AA6, 0x8B28,
    0x9BED, 0xA46E, 0xAC8D, 0x9BEC, 0x938A, 0x8B09, 0x82A7, 0x7A66,
    0x7A87, 0x7AA7, 0x7AE8, 0x82E8, 0x82C7, 0x7A87, 0x6A26, 0x59C5,
    0x5164, 0x4123, 0x3902, 0x38E2, 0x38E2, 0x3902, 0x4103, 0x4123,
    0x4923, 0x4123, 0x4123, 0x4102, 0x4102, 0x4123, 0x4122, 0x38A1,
    0x5206, 0xA4AF, 0xBD0F, 0xACCE, 0xACCE, 0xACCE, 0xACCE, 0xACCE,
    0xACCE, 0xACCE, 0xACCE, 0xACCE, 0xACAD, 0xB50F, 0xAC2A, 0x7226,
    0xA4AE, 0xB4ED, 0xACCE, 0xACCE, 0xB4EE, 0xB4EE, 0xB4EE, 0xB4EF,
    0xB50F, 0xB510, 0xB511, 0xB531, 0xB552, 0xAD72, 0xB550, 0xBD90,
    0x8263, 0x3041, 0x30A1, 0x30A1, 0x3081, 0x3081, 0x3901, 0x48C0,
    0x2022, 0x426A, 0x8904, 0x8884, 0x80A4, 0x9082, 0x4040, 0x1820,
    0x0820, 0x0820, 0x0800, 0x1040, 0x3881, 0x50C1, 0x68E2, 0x6902,
    0x5942, 0x6101, 0x4881, 0x3125, 0x52A9, 0x8BC9, 0x9BA8, 0x9348,
    0xFFFF, 0xEFBF, 0xDE37, 0xDDF2, 0xE5F1, 0xDE31, 0xD5F2, 0xACF0,
    0x7A07, 0x7A06, 0x8226, 0x69C5, 0x61A5, 0x6185, 0x6165, 0x61C5,
    0x5165, 0x5144, 0x5144, 0x5124, 0x5124, 0x5124, 0x5123, 0x5923,
    0x6964, 0x6984, 0x5964, 0x4923, 0x4103, 0x4103, 0x4903, 0x4923,
    0x4923, 0x4924, 0x40E3, 0x38E3, 0x38E3, 0x38E3, 0x38E3, 0x4103,
    0x2882, 0x38E2, 0x4103, 0x5123, 0x5943, 0x6164, 0x7184, 0x71A4,
    0x71A4, 0x71A4, 0x6984, 0x6184, 0x5964, 0x5144, 0x4923, 0x4123,
    0x4103, 0x4924, 0x4964, 0x28C3, 0x30A3, 0x30C3, 0x38E3, 0x30C3,
    0x30C3, 0x28C3, 0x28A3, 0x28A4, 0x28A4, 0x30A4, 0x30C4, 0x30C3,
    0x30C3, 0x30C3, 0x40E3, 0x4103, 0x4103, 0x40E2, 0x4102, 0x5143,
    0x5943, 0x5963, 0x6184, 0x6163, 0x69C4, 0x69A4, 0x71C4, 0x71C4,
    0x71E4, 0x71E4, 0x71E4, 0x71C4, 0x71C4, 0x71A4, 0x69A4, 0x69A4,
    0x8266, 0x6163, 0x5123, 0x5945, 0x5946, 0x5164, 0x5164, 0x5164,
    0x5164, 0x5144, 0x5984, 0x5983, 0x5963, 0x5963, 0x5963, 0x5984,
    0x6184, 0x6184, 0x61A4, 0x61A4, 0x69C4, 0x69C4, 0x69C4, 0x69E4,
    0x69E4, 0x69C4, 0x69C4, 0x69C4, 0x69C4, 0x61A4, 0x61A4, 0x61A4,
    0x6184, 0x5984, 0x5963, 0x5963, 0x5963, 0x5143, 0x5943, 0x5963,
    0x6983, 0x71E4, 0x7A25, 0x8A66, 0x92E7, 0x7288, 0x9534, 0xAD32,
    0x9369, 0x8286, 0x8266, 0x8266, 0x8265, 0x8AE8, 0x9308, 0x82A7,
    0x82C7, 0x7287, 0x6226, 0x59C5, 0x4964, 0x4123, 0x4103, 0x4103,
    0x4123, 0x4102, 0x3902, 0x38E2, 0x4103, 0x4123, 0x4923, 0x4923,
    0x4123, 0x4123, 0x4123, 0x4103, 0x4923, 0x40E2, 0x38E2, 0x7309,
    0xB52F, 0xB4EE, 0xACAE, 0xACCE, 0xACCE, 0xACCE, 0xACCE, 0xACCE,
    0xACCE, 0xACCE, 0xACCE, 0xACCE, 0xB4EE, 0xAC6B, 0x71E4, 0x8BEC,
    0xB50E, 0xACCE, 0xB4EE, 0xB4CE, 0xB4EE, 0xB4EE, 0xB4EE, 0xB4EF,
    0xB4EF, 0xB510, 0xB531, 0xB531, 0xB531, 0xB530, 0xAD31, 0xBCEC,
    0x5921, 0x38A1, 0x3081, 0x3081, 0x30A1, 0x3081, 0x30E1, 0x38C1,
    0x2801, 0x3209, 0x8185, 0x8864, 0x80A4, 0x88A3, 0x6060, 0x2040,
    0x0800, 0x0820, 0x0820, 0x0860, 0x40C1, 0x3861, 0x2041, 0x2041,
    0x2881, 0x38C2, 0x5122, 0x58E1, 0x48A2, 0x3145, 0x530A, 0x93EA,
    0xF7DC, 0xE71C, 0xDE16, 0xDDF2, 0xDDD1, 0xD5B1, 0xD5F1, 0xA42F,
    0x8206, 0x8246, 0x7A06, 0x69C6, 0x61A5, 0x6185, 0x5965, 0x61C5,
    0x5165, 0x5144, 0x5144, 0x5144, 0x5124, 0x5123, 0x5103, 0x6943,
    0x81C4, 0x71A4, 0x5964, 0x4923, 0x4103, 0x4103, 0x4103, 0x4103,
    0x4103, 0x40E3, 0x40E3, 0x38E3, 0x38E3, 0x38E3, 0x3903, 0x38E3,
    0x2882, 0x4903, 0x5943, 0x79A4, 0x89E5, 0x9205, 0x9A25, 0xA246,
    0xA246, 0xA246, 0x9A46, 0x9225, 0x89E5, 0x79A4, 0x6184, 0x5144,
    0x4923, 0x4123, 0x5164, 0x30E3, 0x30A3, 0x30C3, 0x28C3, 0x28A3,
    0x28A3, 0x28A3, 0x28A3, 0x28A3, 0x28A4, 0x28A4, 0x2884, 0x30A3,
    0x30C3, 0x30C3, 0x38E2, 0x40E3, 0x40E2, 0x40E2, 0x38C2, 0x4923,
    0x4923, 0x5143, 0x4923, 0x5943, 0x61A4, 0x69A4, 0x69C4, 0x71C4,
    0x71C4, 0x71E4, 0x71E4, 0x71E4, 0x71E5, 0x7205, 0x7A05, 0x7A05,
    0x9349, 0xABEB, 0xA369, 0x92A7, 0x8A66, 0x71E5, 0x69E5, 0x69C5,
    0x69C5, 0x69A4, 0x61A4, 0x6184, 0x5963, 0x5963, 0x5963, 0x5963,
    0x5943, 0x5943, 0x5963, 0x5964, 0x5984, 0x5984, 0x5984, 0x6184,
    0x61A4, 0x61A4, 0x6183, 0x6983, 0x6984, 0x6984, 0x71A4, 0x71E4,
    0x71E4, 0x79E4, 0x79E5, 0x8205, 0x8A45, 0x8A46, 0x9266, 0x9246,
    0x9266, 0x9AA7, 0xA308, 0xA34A, 0x9B4B, 0x9AE8, 0x71A4, 0x49A6,
    0x4A28, 0x6A87, 0x7AA7, 0x7A86, 0x7246, 0x6206, 0x59A4, 0x4963,
    0x4103, 0x4102, 0x4102, 0x4923, 0x5163, 0x5163, 0x4943, 0x4123,
    0x38E2, 0x38E2, 0x3902, 0x4123, 0x4943, 0x4963, 0x5163, 0x4923,
    0x4923, 0x4123, 0x4123, 0x4923, 0x38C2, 0x49C5, 0x944D, 0xBD4F,
    0xB4CE, 0xACCE, 0xACCE, 0xACCE, 0xACCE, 0xACCE, 0xACCE, 0xACCD,
    0xACCD, 0xACCD, 0xACAD, 0xB4EF, 0xAC6B, 0x7A04, 0x834B, 0xB50E,
    0xACCE, 0xACEE, 0xB4EE, 0xACCE, 0xB4EE, 0xB4EE, 0xB4EE, 0xB4EF,
    0xB530, 0xB550, 0xB530, 0xB531, 0xB531, 0xAD10, 0xB551, 0xA386,
    0x3881, 0x48E1, 0x3081, 0x3081, 0x3081, 0x3081, 0x3061, 0x3081,
    0x2820, 0x2948, 0x6A06, 0x8863, 0x80A3, 0x88A5, 0x6882, 0x28C1,
    0x1840, 0x0820, 0x0820, 0x0000, 0x1841, 0x2861, 0x2861, 0x2860,
    0x2861, 0x2841, 0x2861, 0x30A2, 0x40E2, 0x50A0, 0x3082, 0x31A6,
    0xEEB6, 0xE676, 0xE634, 0xDDF2, 0xDDD1, 0xDDB1, 0xD5F2, 0x9B8D,
    0x9266, 0x92C7, 0x7A67, 0x69E6, 0x61A5, 0x6185, 0x5985, 0x5965,
    0x5964, 0x5144, 0x5144, 0x5144, 0x5944, 0x4903, 0x6943, 0xAA85,
    0x9A66, 0x71C5, 0x5144, 0x4923, 0x4103, 0x4103, 0x4103, 0x4103,
    0x4103, 0x40E3, 0x38E3, 0x38E3, 0x3903, 0x38E3, 0x4103, 0x28C2,
    0x30A2, 0x4923, 0x9225, 0xB307, 0xB328, 0xB328, 0xB307, 0xB308,
    0xB328, 0xB327, 0xB308, 0xB308, 0xB307, 0xAAC7, 0xA266, 0x81E5,
    0x5944, 0x4103, 0x5164, 0x3903, 0x2082, 0x28A3, 0x28A3, 0x30A3,
    0x30C3, 0x30C3, 0x28A3, 0x28A3, 0x28A4, 0x2884, 0x30A4, 0x30C3,
    0x30C3, 0x30C2, 0x30C2, 0x38C2, 0x38C2, 0x38C3, 0x40C2, 0x5102,
    0x4103, 0x4103, 0x4103, 0x4103, 0x4923, 0x5143, 0x5164, 0x5964,
    0x5984, 0x61A4, 0x69C4, 0x69C4, 0x71E4, 0x71E5, 0x7A05, 0x7A05,
    0x79E5, 0x7A67, 0x934A, 0xA3EC, 0xAC2D, 0xA3CB, 0x9B49, 0x8AC7,
    0x8286, 0x8266, 0x8266, 0x8266, 0x8245, 0x8246, 0x8286, 0x8287,
    0x8286, 0x7A46, 0x7205, 0x69C4, 0x6184, 0x5943, 0x5122, 0x5943,
    0x5964, 0x6184, 0x69A4, 0x71E5, 0x7A05, 0x7A06, 0x8246, 0x8267,
    0x8267, 0x8A87, 0x8A87, 0x8267, 0x8246, 0x7A26, 0x7A66, 0x92C8,
    0x8AE9, 0x7AC8, 0x7267, 0x69E5, 0x6184, 0x6184, 0x69C4, 0x6163,
    0x38C1, 0x30C2, 0x4103, 0x40E2, 0x40E2, 0x4102, 0x4923, 0x5163,
    0x5984, 0x59A4, 0x5984, 0x5163, 0x4123, 0x3902, 0x38E2, 0x38E2,
    0x4103, 0x4123, 0x4943, 0x4943, 0x4943, 0x4984, 0x5163, 0x4923,
    0x4923, 0x4923, 0x4923, 0x38A1, 0x5A88, 0xB52F, 0xB50E, 0xACCE,
    0xACCE, 0xACCE, 0xACCE, 0xACCE, 0xACCE, 0xACCE, 0xACCE, 0xACCE,
    0xACEE, 0xB4EE, 0xB4EE, 0xAC2B, 0x71E4, 0x7B09, 0xB4EE, 0xB4AD,
    0xACCE, 0xB4CE, 0xB4EE, 0xB4EE, 0xB4EE, 0xB4EE, 0xB4EE, 0xB4EF,
    0xB50F, 0xB50F, 0xB4EF, 0xACF0, 0xACCF, 0xA48E, 0xB4CC, 0x69A2,
    0x30A2, 0x5101, 0x38A1, 0x2881, 0x3081, 0x3081, 0x3081, 0x30A1,
    0x3040, 0x20E6, 0x6267, 0x9864, 0xA8A7, 0x98A9, 0x8083, 0x2860,
    0x1820, 0x0800, 0x0820, 0x0020, 0x1841, 0x2861, 0x2861, 0x2861,
    0x2861, 0x3061, 0x3061, 0x2861, 0x2841, 0x2881, 0x38A1, 0x40A1,
    0xEE96, 0xE675, 0xE634, 0xE613, 0xDDF2, 0xDDB1, 0xCDD2, 0x932B,
    0x92A7, 0x82A8, 0x7A47, 0x7207, 0x69A6, 0x69A5, 0x6185, 0x6185,
    0x5965, 0x5964, 0x5944, 0x5964, 0x5103, 0x7183, 0xBBA8, 0xC3EA,
    0x9287, 0x5944, 0x4903, 0x4903, 0x4103, 0x4103, 0x4103, 0x3903,
    0x3903, 0x38E3, 0x38E3, 0x4103, 0x38E3, 0x38E3, 0x3903, 0x2082,
    0x38E2, 0x5103, 0xBB68, 0xBBEB, 0xBBCA, 0xBBCA, 0xBBAA, 0xBBAA,
    0xBBAA, 0xBBAA, 0xBBAA, 0xBBAA, 0xBBAA, 0xBBAA, 0xBB8A, 0xBB69,
    0xA2E7, 0x61A4, 0x4923, 0x3924, 0x2882, 0x30A3, 0x30A3, 0x30A3,
    0x30A3, 0x30A3, 0x28A3, 0x28A3, 0x2883, 0x30A4, 0x30C4, 0x30C4,
    0x30C3, 0x30C3, 0x30C2, 0x38C3, 0x30C2, 0x38E3, 0x38C2, 0x38C2,
    0x4103, 0x4103, 0x4103, 0x4903, 0x40E3, 0x40E2, 0x4103, 0x4903,
    0x4923, 0x4923, 0x4923, 0x5143, 0x5964, 0x5984, 0x61A4, 0x69C4,
    0x7205, 0x7205, 0x7205, 0x7246, 0x7A88, 0x8B09, 0x936B, 0x9B8B,
    0x9B6A, 0x9328, 0x8AC7, 0x8AA7, 0x8A86, 0x8A86, 0x8A86, 0x8AA7,
    0x92C8, 0x9308, 0x9B29, 0x9B69, 0xA36A, 0x9B69, 0x9308, 0x8AC7,
    0x8286, 0x7A45, 0x69E4, 0x61A4, 0x5963, 0x5963, 0x5123, 0x4903,
    0x4902, 0x4102, 0x4102, 0x4902, 0x51A4, 0x6247, 0x6288, 0x5A47,
    0x4964, 0x40E2, 0x38E2, 0x4102, 0x4103, 0x4103, 0x4102, 0x4123,
    0x4943, 0x5143, 0x5163, 0x5983, 0x61A4, 0x61A4, 0x59A4, 0x5984,
    0x5163, 0x4123, 0x4102, 0x3902, 0x38E2, 0x3902, 0x4103, 0x4923,
    0x4943, 0x4943, 0x4923, 0x4923, 0x4923, 0x4923, 0x4923, 0x4943,
    0x4943, 0x4923, 0x38E2, 0x6B09, 0xB52F, 0xB4CE, 0xACCE, 0xB4CE,
    0xACCE, 0xACCE, 0xACCE, 0xACCE, 0xACCE, 0xACCE, 0xACCE, 0xACCD,
    0xACCE, 0xBD0F, 0xA3C9, 0x71C4, 0x7AE9, 0xAD0E, 0xB4CD, 0xACCD,
    0xACCE, 0xB4EE, 0xB4EE, 0xB4EE, 0xB4EE, 0xB4EE, 0xB4EE, 0xB4EF,
    0xB4EE, 0xB4EE, 0xACCE, 0xACAD, 0xA46C, 0xA42C, 0xA3A7, 0x38A0,
    0x40E2, 0x48E2, 0x48E1, 0x3061, 0x2881, 0x3081, 0x3081, 0x3081,
    0x3080, 0x2884, 0x5249, 0x9884, 0x98A5, 0x88A4, 0x8882, 0x3040,
    0x1020, 0x0020, 0x0820, 0x0820, 0x1041, 0x2861, 0x2861, 0x2841,
    0x2861, 0x2861, 0x2861, 0x2861, 0x3061, 0x3061, 0x2861, 0x2861,
    0xE676, 0xE635, 0xDE13, 0xDDF3, 0xDDF2, 0xE5F2, 0xC592, 0x8A8A,
    0x92A7, 0x8268, 0x7207, 0x71C6, 0x69C6, 0x69A5, 0x61A5, 0x6185,
    0x6185, 0x5964, 0x6164, 0x5124, 0x79C3, 0xC409, 0xC44B, 0xAC0B,
    0x5185, 0x4902, 0x4903, 0x4103, 0x4103, 0x4103, 0x4103, 0x3903,
    0x38E3, 0x38E3, 0x38E3, 0x4103, 0x38E3, 0x4103, 0x30E3, 0x2881,
    0x4103, 0x6943, 0xC3EA, 0xBBEC, 0xBBCB, 0xBBCB, 0xBBCB, 0xBBCA,
    0xBBAA, 0xBBAA, 0xBBAA, 0xBBAA, 0xBBAA, 0xBBAA, 0xBBAA, 0xBBAA,
    0xBBAB, 0xBBCA, 0x6A06, 0x3903, 0x28A2, 0x30A3, 0x30A3, 0x30A3,
    0x28A3, 0x28A3, 0x28A3, 0x28A3, 0x30A3, 0x30A4, 0x30A4, 0x30C4,
    0x30C3, 0x30C2, 0x30C2, 0x38E2, 0x38E2, 0x38E2, 0x38E2, 0x38C2,
    0x40E2, 0x4903, 0x4103, 0x4903, 0x4903, 0x4903, 0x4903, 0x4923,
    0x4923, 0x4903, 0x4903, 0x4903, 0x4923, 0x4923, 0x4923, 0x5143,
    0x5164, 0x5984, 0x59A5, 0x69E6, 0x7226, 0x7226, 0x7226, 0x7A26,
    0x7A47, 0x8287, 0x8AA8, 0x8AC7, 0x8AA7, 0x8A87, 0x8A87, 0x8A87,
    0x8A87, 0x8A86, 0x8266, 0x7A46, 0x8267, 0x8AC7, 0x8AC8, 0x92E9,
    0x9B29, 0x9B29, 0x9B6A, 0x9BAA, 0xA36A, 0x9B6A, 0x9348, 0x8AE7,
    0x82C7, 0x82E8, 0x8309, 0x8B4A, 0x7B09, 0x6A46, 0x5984, 0x5143,
    0x5143, 0x5143, 0x4923, 0x4923, 0x4943, 0x4943, 0x5143, 0x5143,
    0x5163, 0x5984, 0x5984, 0x5184, 0x5163, 0x4943, 0x4123, 0x4122,
    0x3902, 0x38E2, 0x4102, 0x4102, 0x4123, 0x4943, 0x4943, 0x4943,
    0x4943, 0x4943, 0x4943, 0x4943, 0x4923, 0x4923, 0x4923, 0x4943,
    0x4102, 0x3903, 0x7BCB, 0xBD50, 0xB4CE, 0xACCE, 0xB4CE, 0xB4CE,
    0xB4CE, 0xACCE, 0xACCE, 0xACCE, 0xACCE, 0xACCE, 0xACCD, 0xACCE,
    0xB50E, 0x9348, 0x69A4, 0x8309, 0xACEE, 0xB4CE, 0xACCD, 0xACCD,
    0xB4CD, 0xB4CE, 0xACCE, 0xACCE, 0xB4CE, 0xB4EE, 0xB4EE, 0xB4EE,
    0xACAE, 0xAC8D, 0xA46C, 0xA42B, 0x9BEA, 0xA42A, 0x8A83, 0x2061,
    0x4902, 0x40C1, 0x40E2, 0x5141, 0x3881, 0x2881, 0x3081, 0x3081,
    0x3080, 0x2843, 0x4269, 0x88C3, 0x8884, 0x88A4, 0x90A3, 0x4840,
    0x0820, 0x0820, 0x1020, 0x0820, 0x1861, 0x3061, 0x3061, 0x3061,
    0x3061, 0x3061, 0x3061, 0x3061, 0x2861, 0x2861, 0x3061, 0x3081,
    0xE654, 0xDE34, 0xDE13, 0xDE13, 0xDDF2, 0xE5F2, 0xBD92, 0x92AB,
    0x9AE8, 0x8288, 0x7A27, 0x7207, 0x71E6, 0x71E6, 0x61A6, 0x6185,
    0x6185, 0x69A5, 0x6144, 0x9224, 0xC46A, 0xBC4C, 0xC44B, 0x72E9,
    0x48E3, 0x4923, 0x4903, 0x4103, 0x4103, 0x4103, 0x4103, 0x3903,
    0x38E3, 0x38E3, 0x40E3, 0x4103, 0x38E3, 0x4103, 0x28A2, 0x38C2,
    0x40E3, 0x79C3, 0xC42B, 0xBBEB, 0xBBCB, 0xBBEB, 0xBBCB, 0xBBCB,
    0xBBAA, 0xBBAA, 0xBBAA, 0xBBAA, 0xBBAA, 0xBBAA, 0xBBAA, 0xBBAA,
    0xB38A, 0xC3EB, 0x7A67, 0x3903, 0x28A3, 0x2883, 0x28A3, 0x28A3,
    0x28A2, 0x30C3, 0x30C3, 0x30C3, 0x30C3, 0x30A4, 0x30A4, 0x30C4,
    0x30C3, 0x30C3, 0x30C2, 0x38E3, 0x4103, 0x38E2, 0x38E2, 0x38E2,
    0x38C2, 0x4103, 0x4103, 0x4903, 0x4103, 0x4123, 0x4103, 0x4903,
    0x40E3, 0x4103, 0x4903, 0x4903, 0x4903, 0x5103, 0x5123, 0x5963,
    0x6184, 0x61A4, 0x69E5, 0x7A46, 0x8267, 0x8AC8, 0x9328, 0x9B49,
    0x9B49, 0x9329, 0x92E8, 0x8AC7, 0x8287, 0x8A87, 0x8A87, 0x8AA7,
    0x8AA7, 0x8AA7, 0x8A87, 0x8246, 0x8246, 0x8226, 0x8A86, 0x8A87,
    0x8266, 0x7A26, 0x8246, 0x8266, 0x7A46, 0x8267, 0x8AE9, 0x936B,
    0x9B8C, 0x934B, 0x82C9, 0x7A87, 0x7226, 0x6A26, 0x7246, 0x6A46,
    0x6A25, 0x69E5, 0x61C4, 0x61C4, 0x61E4, 0x61C4, 0x59C4, 0x59A4,
    0x5163, 0x4943, 0x4123, 0x4102, 0x4102, 0x4102, 0x4102, 0x38C2,
    0x5942, 0x6123, 0x4923, 0x4943, 0x4943, 0x4943, 0x4943, 0x4943,
    0x4943, 0x4943, 0x4944, 0x4943, 0x4123, 0x4123, 0x4943, 0x40E2,
    0x49A5, 0x946D, 0xBD4F, 0xACEE, 0xB4EE, 0xB4EE, 0xB4CE, 0xB4CE,
    0xB4CE, 0xB4CE, 0xACCE, 0xACCE, 0xACCE, 0xACCE, 0xB50E, 0xACAD,
    0x8AC7, 0x69A4, 0x8B6A, 0xACEE, 0xB4EE, 0xACAD, 0xACCE, 0xB4EE,
    0xB4CE, 0xACCE, 0xACCE, 0xACCE, 0xACEE, 0xB4EE, 0xB4EE, 0xAC8D,
    0xA44C, 0xA42B, 0xA40A, 0x9BEA, 0x9BEA, 0xAC29, 0x5941, 0x28A2,
    0x4902, 0x40E2, 0x51A2, 0x5142, 0x4922, 0x40A1, 0x3081, 0x2881,
    0x30A1, 0x3042, 0x4249, 0x8903, 0x8884, 0x88A4, 0x98A3, 0x6060,
    0x0800, 0x0800, 0x0800, 0x0841, 0x30A1, 0x3881, 0x38A1, 0x38A1,
    0x38A1, 0x3881, 0x3881, 0x38A1, 0x48E1, 0x48C1, 0x40A1, 0x3061,
    0xE696, 0xDE14, 0xDDF3, 0xDDF3, 0xDDD2, 0xE612, 0xB511, 0x8A49,
    0x9AE8, 0x82E9, 0x7A29, 0x7227, 0x69E7, 0x7206, 0x6207, 0x6186,
    0x6185, 0x6964, 0xA305, 0xC4AC, 0xBC6C, 0xC46B, 0x9BEB, 0x4944,
    0x5123, 0x4903, 0x4903, 0x4103, 0x4103, 0x4103, 0x4103, 0x38E3,
    0x38E3, 0x38E3, 0x4103, 0x4103, 0x4103, 0x3903, 0x2082, 0x4102,
    0x40E3, 0x9245, 0xC40C, 0xBBCB, 0xBBCB, 0xBBCB, 0xBBCB, 0xBBCB,
    0xBBAA, 0xBBAA, 0xBBAA, 0xBBAA, 0xB3AA, 0xBBAA, 0xBBAA, 0xBBAA,
    0xB38A, 0xC3CB, 0x7A68, 0x4103, 0x28C3, 0x2882, 0x28A3, 0x30C3,
    0x30C3, 0x30C3, 0x30C3, 0x30C3, 0x28A3, 0x28A4, 0x28A4, 0x28A4,
    0x30A3, 0x30C3, 0x30C2, 0x38E2, 0x4103, 0x4103, 0x4102, 0x40E2,
    0x4103, 0x5143, 0x5143, 0x5143, 0x5143, 0x4903, 0x5123, 0x5943,
    0x6163, 0x6164, 0x6184, 0x69A4, 0x61A4, 0x7245, 0x7A45, 0x7A05,
    0x7A25, 0x7A45, 0x8286, 0x7A46, 0x9329, 0xAC0C, 0xAC0C, 0xA3CC,
    0x9B8B, 0x9329, 0x8AC8, 0x8AA7, 0x8A87, 0x8A87, 0x8AA7, 0x8AA7,
    0x8AA7, 0x8AA7, 0x8AA7, 0x8AA7, 0x8AC8, 0x8AC8, 0x8287, 0x8AA7,
    0x8286, 0x8266, 0x8AC7, 0x8AE8, 0x8B08, 0x8309, 0x7A88, 0x6A06,
    0x61A4, 0x6184, 0x61A4, 0x61C5, 0x69E5, 0x69E5, 0x6A05, 0x6205,
    0x61E5, 0x61E5, 0x59A5, 0x5184, 0x5164, 0x4943, 0x4123, 0x4123,
    0x4103, 0x4103, 0x4103, 0x4103, 0x4123, 0x40C2, 0x3922, 0x6B83,
    0xA283, 0x5923, 0x4943, 0x5144, 0x4943, 0x4944, 0x4943, 0x4943,
    0x4943, 0x4943, 0x4103, 0x4123, 0x51C5, 0x4943, 0x38C2, 0x62A8,
    0xAD0F, 0xB52F, 0xACEE, 0xB4EF, 0xB4EE, 0xB4EE, 0xB4EE, 0xB4CE,
    0xB4CE, 0xB4EE, 0xB4CE, 0xACCE, 0xB4EF, 0xB4EE, 0xA40B, 0x8265,
    0x71E5, 0x93CB, 0xB4EF, 0xBD0E, 0x9C0B, 0x9CAE, 0xBD0E, 0xA44C,
    0xACAE, 0xACCE, 0xACCE, 0xACCE, 0xACEE, 0xB4CE, 0xAC8D, 0xA42B,
    0xA40A, 0x9BEA, 0x9BCA, 0x9BEA, 0x9C0B, 0xA366, 0x3080, 0x4102,
    0x4902, 0x4902, 0x5142, 0x48E2, 0x48E2, 0x48E2, 0x48E1, 0x38C1,
    0x38A1, 0x3041, 0x31E9, 0x7944, 0x9064, 0x88A4, 0x98A4, 0x7060,
    0x0000, 0x1020, 0x1000, 0x1061, 0x38A1, 0x3881, 0x3881, 0x38A1,
    0x40A1, 0x48C2, 0x5102, 0x5102, 0x40C1, 0x3081, 0x2860, 0x2040,
    0xE634, 0xE634, 0xDE14, 0xDDF3, 0xD5B2, 0xDDF2, 0xA491, 0x8A6A,
    0x8269, 0x7A68, 0x7228, 0x71E7, 0x71E7, 0x69C6, 0x69A5, 0x61A5,
    0x6964, 0xAB26, 0xC4CC, 0xBC6D, 0xC44B, 0xB48C, 0x5A07, 0x5103,
    0x5124, 0x4903, 0x4903, 0x4103, 0x4103, 0x4103, 0x4103, 0x38E3,
    0x38E3, 0x40E3, 0x4103, 0x3903, 0x4103, 0x28C3, 0x3081, 0x4923,
    0x48E2, 0xAB07, 0xBC0B, 0xBBCB, 0xBBCB, 0xBBCB, 0xBBCB, 0xBBCB,
    0xBBAA, 0xBBAA, 0xBBAA, 0xB3AA, 0xBBAA, 0xB3AA, 0xB3AA, 0xBBAA,
    0xB3AA, 0xC3CA, 0x7AA8, 0x38E3, 0x30C3, 0x2882, 0x28A3, 0x28A2,
    0x28A2, 0x28A3, 0x28A3, 0x28A3, 0x2883, 0x2884, 0x2884, 0x30A3,
    0x30C3, 0x30C3, 0x38E3, 0x38E2, 0x40E3, 0x4103, 0x38E2, 0x40E2,
    0x4103, 0x4123, 0x4923, 0x5143, 0x5143, 0x61A4, 0x61A4, 0x71E5,
    0x7205, 0x7205, 0x7205, 0x7A05, 0x7A05, 0x7A46, 0x7A46, 0x8225,
    0x8A66, 0x8266, 0x8266, 0x8266, 0x8266, 0x8266, 0x8266, 0x8266,
    0x7A46, 0x7A46, 0x7A46, 0x7A66, 0x7A67, 0x7A46, 0x7A26, 0x7A46,
    0x7A26, 0x7A46, 0x7A46, 0x7226, 0x71E5, 0x71E5, 0x7226, 0x8288,
    0x9349, 0xA3CB, 0x8B2A, 0x7AA8, 0x7267, 0x7226, 0x6A05, 0x7225,
    0x7246, 0x7246, 0x6A26, 0x6A06, 0x61E5, 0x59C5, 0x59A5, 0x5184,
    0x4964, 0x4944, 0x4943, 0x4123, 0x4923, 0x4923, 0x4923, 0x4123,
    0x4123, 0x4123, 0x4103, 0x4123, 0x4102, 0x4A46, 0x4D05, 0x5B03,
    0x4923, 0x4963, 0x4943, 0x4944, 0x4943, 0x5164, 0x5164, 0x4943,
    0x40E2, 0x4103, 0x6267, 0x72E8, 0x4963, 0x4164, 0x83CC, 0xBD50,
    0xB50F, 0xACEF, 0xB50F, 0xACCF, 0xB4EE, 0xB4EE, 0xB4EE, 0xB4EE,
    0xB4EE, 0xB4CE, 0xB4EF, 0xB530, 0xAC8D, 0x8B49, 0x7A46, 0x7246,
    0x9C4D, 0xB50F, 0xBD2E, 0x8327, 0x7C0D, 0xBD2E, 0x8B49, 0x942D,
    0xB4EE, 0xACCE, 0xACEE, 0xACEE, 0xB4EE, 0xACCE, 0xA44B, 0x9BCA,
    0x9BCA, 0x9BC9, 0x9BC9, 0x9BCA, 0xA42B, 0x8243, 0x2081, 0x4922,
    0x4902, 0x4902, 0x48E2, 0x4902, 0x4902, 0x4902, 0x4922, 0x5122,
    0x50E2, 0x4060, 0x39C9, 0x79C5, 0x9064, 0x88A4, 0x98A4, 0x8061,
    0x0800, 0x2840, 0x2020, 0x28A2, 0x50E2, 0x48E2, 0x50E2, 0x5122,
    0x61A3, 0x6122, 0x40A1, 0x2040, 0x2040, 0x2041, 0x2861, 0x2861,
    0xDE14, 0xDE14, 0xDE14, 0xDDF3, 0xD5B2, 0xD5F3, 0x938E, 0x8A48,
    0x8289, 0x7A49, 0x7A48, 0x71E7, 0x89E7, 0x9B47, 0x72C9, 0x79A6,
    0xB3A8, 0xCCED, 0xBC6C, 0xBC4C, 0xC4AC, 0x6AC9, 0x5103, 0x5143,
    0x5123, 0x4923, 0x4923, 0x4903, 0x4103, 0x4103, 0x4103, 0x4103,
    0x40E3, 0x4103, 0x4103, 0x40E3, 0x4103, 0x2082, 0x40E2, 0x4123,
    0x5922, 0xBBA9, 0xBBEB, 0xBBCB, 0xBBCB, 0xBBCB, 0xBBCB, 0xBBCB,
    0xBBAB, 0xBBAA, 0xBBAA, 0xBBAA, 0xBBAA, 0xB3AA, 0xB3AA, 0xBBAA,
    0xB3AA, 0xC3CA, 0x82C9, 0x38E3, 0x30E3, 0x2882, 0x28A2, 0x28A2,
    0x28A2, 0x28A3, 0x28A3, 0x28A3, 0x28A3, 0x28A4, 0x2884, 0x30A4,
    0x28C3, 0x28A3, 0x30C2, 0x30C2, 0x38E3, 0x4103, 0x4923, 0x4923,
    0x4903, 0x4902, 0x4903, 0x4923, 0x5123, 0x61C4, 0x69E4, 0x61C4,
    0x69C5, 0x71E5, 0x71E5, 0x71E5, 0x71E5, 0x69E5, 0x69A5, 0x8245,
    0x7A25, 0x61A4, 0x69E5, 0x7205, 0x7226, 0x7226, 0x7226, 0x7206,
    0x69E5, 0x69A5, 0x69A4, 0x61A4, 0x61E5, 0x69E5, 0x61A5, 0x61C5,
    0x69C5, 0x6A05, 0x7226, 0x7A67, 0x82A8, 0x830A, 0x830A, 0x8B2A,
    0x7AA8, 0x6A46, 0x7245, 0x6A05, 0x61E5, 0x69E5, 0x61E5, 0x61E5,
    0x59C5, 0x59A5, 0x5985, 0x5184, 0x5164, 0x5164, 0x5164, 0x5164,
    0x4964, 0x4964, 0x4944, 0x5184, 0x4964, 0x4943, 0x4923, 0x4923,
    0x4923, 0x4943, 0x4943, 0x5164, 0x5969, 0x52AA, 0x5204, 0x50E3,
    0x5163, 0x5143, 0x5143, 0x5164, 0x59A4, 0x5143, 0x4902, 0x4943,
    0x72E8, 0x93EB, 0x7287, 0x3902, 0x5A67, 0xA4EF, 0xBD50, 0xACEF,
    0xB50F, 0xACEE, 0xB510, 0xB5AF, 0xC5AF, 0xBD0E, 0xB4EE, 0xB4EE,
    0xB4CE, 0xB510, 0xB54F, 0xA3CA, 0x82A8, 0x7A88, 0x8309, 0xA4AE,
    0xB530, 0xBD0E, 0x72A6, 0x6B2B, 0xAC6D, 0x8AA6, 0xA3EC, 0xBD0F,
    0xACCE, 0xACCE, 0xACCE, 0xACEE, 0xB4EF, 0xACAC, 0x9BC9, 0x9BC9,
    0x9BCA, 0x9BE9, 0x9BCA, 0x9BCA, 0xAC29, 0x5921, 0x30E2, 0x5122,
    0x4922, 0x5122, 0x5122, 0x5122, 0x4902, 0x4902, 0x5102, 0x5102,
    0x5102, 0x50E1, 0x51E8, 0x7A26, 0x9864, 0x90A4, 0x98A5, 0x9081,
    0x2020, 0x1820, 0x1021, 0x3902, 0x5922, 0x5102, 0x5902, 0x5902,
    0x5922, 0x4080, 0x1820, 0x2861, 0x3061, 0x2861, 0x2861, 0x2861,
    0xDE14, 0xE614, 0xDE14, 0xD5F3, 0xDDD3, 0xCDD3, 0x930D, 0x8248,
    0x8248, 0x7A28, 0x7208, 0x71E7, 0x7A07, 0x8246, 0x8AA7, 0xC46C,
    0xC52E, 0xBC8D, 0xBC6C, 0xC4AC, 0x834A, 0x5124, 0x5943, 0x5143,
    0x4923, 0x4903, 0x4923, 0x4903, 0x4103, 0x4103, 0x4103, 0x4103,
    0x4103, 0x4103, 0x4103, 0x4103, 0x3903, 0x28A2, 0x4943, 0x4103,
    0x79C3, 0xC40B, 0xB3CB, 0xBBCB, 0xBBCB, 0xBBAB, 0xBBCB, 0xBBCB,
    0xBBAB, 0xBBAB, 0xBBAA, 0xB3AA, 0xB3AA, 0xB3AA, 0xBBAA, 0xBBAA,
    0xB3AA, 0xBBCA, 0x8AE9, 0x3903, 0x30E3, 0x2882, 0x28A3, 0x28A2,
    0x28A3, 0x28A3, 0x28A3, 0x28A3, 0x28A3, 0x2884, 0x2884, 0x2884,
    0x28A3, 0x28A2, 0x28A2, 0x30C2, 0x38E2, 0x4103, 0x4923, 0x4923,
    0x4923, 0x4923, 0x4123, 0x5984, 0x5984, 0x5984, 0x61A4, 0x69C4,
    0x61A4, 0x61A4, 0x61C4, 0x61C4, 0x61A4, 0x61C4, 0x71E5, 0x6A65,
    0x6245, 0x69A4, 0x69C4, 0x69A4, 0x61A4, 0x6184, 0x6184, 0x6184,
    0x61A4, 0x61A4, 0x6184, 0x5984, 0x5984, 0x61E5, 0x6A05, 0x7226,
    0x7267, 0x7267, 0x7A88, 0x7268, 0x6A27, 0x6A06, 0x69E5, 0x61E5,
    0x61A4, 0x61A5, 0x61C5, 0x61E5, 0x61C5, 0x59A4, 0x59A4, 0x5984,
    0x5985, 0x5984, 0x5184, 0x5184, 0x5184, 0x5184, 0x5184, 0x5184,
    0x5164, 0x5164, 0x4964, 0x4964, 0x4964, 0x5164, 0x5164, 0x5164,
    0x5184, 0x5184, 0x5184, 0x7186, 0x6186, 0x5143, 0x5143, 0x5184,
    0x5163, 0x5163, 0x5163, 0x4943, 0x4923, 0x49A5, 0x734A, 0x9CAD,
    0x8B8A, 0x4122, 0x4984, 0x8C2C, 0xBD50, 0xB50F, 0xACEF, 0xB50F,
    0xAD10, 0xBD92, 0xCDD2, 0xBD90, 0xB50F, 0xACEE, 0xB4EE, 0xB50F,
    0xB52F, 0xAC6C, 0x8AE7, 0x7A68, 0x7AE9, 0x93CB, 0xAD10, 0xBD50,
    0xAC8B, 0x59C4, 0x6BAB, 0xA5AA, 0xC4E6, 0xE50D, 0xD50F, 0xB4CE,
    0xB4EF, 0xB4EE, 0xB4EE, 0xB4EF, 0xB50E, 0xA40A, 0x9BCA, 0x9C0A,
    0xA40A, 0xA3EA, 0x9BCA, 0x9C2C, 0xABA8, 0x30A0, 0x4123, 0x4922,
    0x5142, 0x5122, 0x4922, 0x4922, 0x4922, 0x5102, 0x5102, 0x5102,
    0x5102, 0x50E1, 0x49A7, 0x7226, 0x9064, 0x98C4, 0x98C5, 0xA0A2,
    0x3020, 0x1020, 0x1841, 0x4102, 0x5902, 0x5102, 0x5902, 0x5922,
    0x4080, 0x1820, 0x30A1, 0x4081, 0x2841, 0x2861, 0x2861, 0x2861,
    0xE656, 0xDE14, 0xDDF4, 0xD5D4, 0xDDD3, 0xBD52, 0x8AAB, 0x8A69,
    0x8269, 0x8248, 0x7A28, 0x7A07, 0x71C6, 0x9A86, 0xCCCC, 0xC50F,
    0xC4CD, 0xBC8D, 0xCCCD, 0x93EC, 0x5144, 0x5943, 0x5144, 0x5123,
    0x4923, 0x4903, 0x4903, 0x4103, 0x4103, 0x4103, 0x4103, 0x4103,
    0x4103, 0x4103, 0x4103, 0x4124, 0x28C3, 0x40E2, 0x5144, 0x4903,
    0x9A85, 0xC42C, 0xBBCB, 0xBBEB, 0xBBCB, 0xBBAB, 0xBBCB, 0xBBCB,
    0xBBAB, 0xBBAB, 0xBBAB, 0xB3AA, 0xB3AA, 0xB3AA, 0xBBAB, 0xBBAA,
    0xB3AA, 0xBBCB, 0x9329, 0x3903, 0x3903, 0x2082, 0x28A3, 0x28A3,
    0x28A3, 0x28A3, 0x28A3, 0x28A2, 0x28A3, 0x28A3, 0x30A4, 0x30C4,
    0x30E3, 0x38E3, 0x38E3, 0x3903, 0x4123, 0x4923, 0x4123, 0x4943,
    0x4943, 0x4123, 0x4923, 0x4923, 0x4103, 0x5143, 0x5143, 0x5143,
    0x61A4, 0x6184, 0x5164, 0x5964, 0x5984, 0x69E4, 0x61A4, 0x61A5,
    0x61A5, 0x6184, 0x61A4, 0x61A4, 0x61C4, 0x69C4, 0x69E5, 0x7206,
    0x7A66, 0x8287, 0x7A67, 0x7A88, 0x7A88, 0x7226, 0x69E6, 0x61C5,
    0x59A5, 0x5985, 0x5984, 0x5984, 0x5985, 0x61C5, 0x61C5, 0x59A5,
    0x61A5, 0x59A5, 0x61A5, 0x59A5, 0x61C5, 0x61C5, 0x61A5, 0x59A4,
    0x59A4, 0x59A4, 0x59A4, 0x5984, 0x5184, 0x5184, 0x5164, 0x5184,
    0x5184, 0x5184, 0x5984, 0x59A5, 0x59A5, 0x59A5, 0x59A5, 0x59A5,
    0x59A4, 0x5984, 0x5184, 0x5984, 0x5183, 0x5184, 0x5184, 0x5164,
    0x4943, 0x4923, 0x4923, 0x69C5, 0x7224, 0x2903, 0x41C6, 0x4143,
    0x4123, 0x7B4A, 0xB530, 0xBD50, 0xB4EF, 0xB50F, 0xB50F, 0xB50F,
    0xB510, 0xB571, 0xB52F, 0xB4EF, 0xB4EF, 0xB50F, 0xB52F, 0xACAD,
    0x9348, 0x7A45, 0x7A88, 0x8B6A, 0xA46E, 0xBD51, 0xBD2F, 0x8B68,
    0x4967, 0x6CB2, 0x86C9, 0x7DA8, 0xC5CF, 0xBD4F, 0xAD0E, 0xB4EF,
    0xB4EF, 0xB4EF, 0xB4EF, 0xB50F, 0xAC6B, 0x9BA9, 0x9BEA, 0x9BEA,
    0x9BCA, 0x9BEA, 0x9BCA, 0xA44B, 0x8284, 0x2881, 0x5122, 0x4902,
    0x4922, 0x4922, 0x4922, 0x4922, 0x4922, 0x4922, 0x5122, 0x5122,
    0x5122, 0x5101, 0x5166, 0x6A27, 0x9083, 0x98A5, 0x9967, 0xB0E2,
    0x4020, 0x1020, 0x1841, 0x4102, 0x5902, 0x5102, 0x5902, 0x50C1,
    0x2040, 0x2861, 0x2881, 0x3081, 0x2861, 0x2861, 0x2861, 0x2861,
    0xEE76, 0xE676, 0xE615, 0xE5F4, 0xE634, 0xB4F2, 0x926A, 0x8A89,
    0x8269, 0x8228, 0x8248, 0x81E7, 0xAB28, 0xCD2E, 0xC52F, 0xC4EE,
    0xC4CD, 0xCCCD, 0x9C2C, 0x5985, 0x5944, 0x5144, 0x5144, 0x4924,
    0x4903, 0x4903, 0x4903, 0x4103, 0x4103, 0x4103, 0x4123, 0x4103,
    0x4103, 0x4103, 0x4123, 0x4124, 0x28A2, 0x4923, 0x4944, 0x5123,
    0xB348, 0xBC2C, 0xBBEB, 0xBBEB, 0xBBCB, 0xBBCB, 0xBBCB, 0xBBCB,
    0xBBAB, 0xBBAB, 0xBBAB, 0xBBAB, 0xB3AA, 0xB3AA, 0xBBAA, 0xBBAB,
    0xB3AA, 0xBBCB, 0x9329, 0x4103, 0x3903, 0x2882, 0x28A3, 0x28A3,
    0x2882, 0x28A2, 0x28C3, 0x30C3, 0x30C3, 0x30C4, 0x30C4, 0x30C4,
    0x30C3, 0x30C3, 0x30C2, 0x30A2, 0x38C2, 0x4103, 0x4103, 0x4103,
    0x4103, 0x4103, 0x4103, 0x4123, 0x4903, 0x5143, 0x5983, 0x5143,
    0x5963, 0x61C4, 0x61C4, 0x5984, 0x6A04, 0x61A4, 0x61A4, 0x69C5,
    0x69E5, 0x6A26, 0x6A27, 0x7267, 0x72A8, 0x7289, 0x7AC9, 0x7ACA,
    0x7AA9, 0x7AA8, 0x6A47, 0x6A26, 0x69E5, 0x69C5, 0x69C5, 0x61A5,
    0x61A5, 0x61A5, 0x61A5, 0x61A5, 0x61A5, 0x61A5, 0x59A5, 0x61C5,
    0x61C5, 0x61A5, 0x61A5, 0x61A5, 0x59A4, 0x61A4, 0x61A5, 0x61A5,
    0x61A4, 0x61A5, 0x61A5, 0x61C5, 0x61C5, 0x61C5, 0x61C5, 0x61E5,
    0x69E5, 0x61E5, 0x61E5, 0x61E5, 0x61C5, 0x61C5, 0x61C5, 0x61C5,
    0x61A5, 0x59A5, 0x59A4, 0x5184, 0x5184, 0x4943, 0x4943, 0x5143,
    0x6184, 0x7A05, 0x9266, 0x8A46, 0x4102, 0x3881, 0x4922, 0x7B09,
    0xAD0F, 0xBD50, 0xB50F, 0xB4EF, 0xB50F, 0xB50F, 0xB50F, 0xB50F,
    0xB50F, 0xB4EF, 0xACEF, 0xB52F, 0xB52F, 0xACCE, 0x9BAA, 0x8265,
    0x7A46, 0x830A, 0x9C0C, 0xB510, 0xC571, 0xA46C, 0x6A05, 0x5107,
    0x6A6F, 0x7BAC, 0x8C0B, 0xACAF, 0xACD0, 0xAD50, 0xBD4F, 0xB4EF,
    0xB4EF, 0xB50F, 0xB510, 0xACAD, 0x9BCA, 0x9BEA, 0x9BEA, 0x9BEA,
    0xA3EA, 0xA3EA, 0x9BCA, 0xAC2A, 0x5961, 0x30C2, 0x5122, 0x4923,
    0x5143, 0x5143, 0x5143, 0x5143, 0x5143, 0x5142, 0x5142, 0x5122,
    0x5122, 0x5101, 0x5166, 0x6A48, 0x98A4, 0x98C4, 0x98A5, 0xA0A3,
    0x4840, 0x1020, 0x1821, 0x38E2, 0x5902, 0x5102, 0x5901, 0x3860,
    0x2041, 0x2861, 0x2861, 0x2861, 0x2861, 0x2860, 0x2861, 0x2861,
    0xDE15, 0xDDF4, 0xE5F4, 0xEE14, 0xF6B5, 0xBD93, 0x92EC, 0x928A,
    0x8A89, 0x8249, 0x9227, 0xC40A, 0xCD90, 0xC52F, 0xC50E, 0xC4EE,
    0xCD0E, 0xA46D, 0x61A6, 0x6164, 0x5984, 0x5944, 0x5144, 0x4924,
    0x4923, 0x5143, 0x4103, 0x4903, 0x4923, 0x4903, 0x4123, 0x4103,
    0x4103, 0x4103, 0x4924, 0x30E3, 0x38C2, 0x5144, 0x4924, 0x6983,
    0xC40B, 0xBC0C, 0xBC0C, 0xBBEC, 0xBBCB, 0xBBCB, 0xBBCB, 0xBBCB,
    0xBBCB, 0xBBCB, 0xBBAB, 0xBBAB, 0xB3AB, 0xB3AA, 0xBBAA, 0xBBAB,
    0xB3AA, 0xBBCB, 0x9B29, 0x4103, 0x3903, 0x2882, 0x28A2, 0x28A3,
    0x28A2, 0x28A3, 0x28A3, 0x28A3, 0x28A3, 0x28A4, 0x3945, 0x4165,
    0x3944, 0x3944, 0x3964, 0x4164, 0x4164, 0x4984, 0x51A4, 0x59A4,
    0x59C4, 0x59A4, 0x59A4, 0x5184, 0x61E5, 0x7267, 0x7267, 0x6247,
    0x6A68, 0x6208, 0x82C8, 0x9369, 0x72A8, 0x7287, 0x6A68, 0x6227,
    0x7288, 0x7288, 0x6A48, 0x6A07, 0x61E6, 0x61C6, 0x61C5, 0x61A4,
    0x61C4, 0x61C4, 0x69E5, 0x6A05, 0x6A25, 0x7226, 0x7226, 0x7226,
    0x7206, 0x7226, 0x7226, 0x7206, 0x7206, 0x71E5, 0x7206, 0x7226,
    0x7206, 0x7205, 0x7205, 0x7205, 0x7205, 0x7205, 0x7205, 0x7225,
    0x7205, 0x7205, 0x7225, 0x7225, 0x7205, 0x7205, 0x6A05, 0x6A05,
    0x6A05, 0x6A05, 0x69E5, 0x61E5, 0x61E5, 0x61E5, 0x61E5, 0x61C5,
    0x59A5, 0x5984, 0x5164, 0x5984, 0x61A4, 0x71E5, 0x8226, 0x8A66,
    0x9287, 0x8A66, 0x61A4, 0x40E2, 0x4123, 0x7B4A, 0xACEF, 0xBD71,
    0xB50F, 0xB4EF, 0xB50F, 0xB4EF, 0xB4EF, 0xB50F, 0xB50F, 0xB4EF,
    0xB50F, 0xB530, 0xB530, 0xACAE, 0x938A, 0x8286, 0x7225, 0x82A8,
    0x9C0D, 0xB4EF, 0xC591, 0xACAD, 0x72A6, 0x4102, 0x5984, 0x8288,
    0x8B49, 0xA46D, 0xB510, 0xB50F, 0xB4EF, 0xB4EF, 0xACEF, 0xB4EF,
    0xB4EF, 0xB510, 0xB4EE, 0xA3EA, 0x9BEA, 0x9BEB, 0x9BEB, 0x9BEA,
    0x9BEA, 0x9BEA, 0x9C0B, 0xA3C7, 0x30A0, 0x4123, 0x5143, 0x5143,
    0x4902, 0x38E2, 0x38E2, 0x38E2, 0x38E2, 0x38E2, 0x38C2, 0x38C1,
    0x38C2, 0x40A1, 0x4146, 0x6248, 0x9884, 0xA0C4, 0x98C4, 0xA8C3,
    0x5840, 0x1020, 0x1820, 0x30E2, 0x5902, 0x5102, 0x58E1, 0x2840,
    0x2861, 0x2860, 0x2861, 0x2860, 0x2860, 0x2861, 0x2861, 0x2861,
    0xE636, 0xE615, 0xF634, 0xFEF5, 0xFF97, 0xB516, 0x9AEC, 0x9ACA,
    0x8A49, 0xA288, 0xCCAC, 0xCD91, 0xC530, 0xC52F, 0xC50E, 0xCD2E,
    0xAC8E, 0x69E7, 0x6184, 0x6185, 0x5964, 0x5964, 0x5144, 0x4924,
    0x5124, 0x6204, 0x4924, 0x4923, 0x4923, 0x4903, 0x4903, 0x4103,
    0x4103, 0x4103, 0x4124, 0x28A2, 0x4923, 0x5144, 0x4923, 0x8A45,
    0xC44D, 0xBC0C, 0xBC0C, 0xBBEC, 0xBBEB, 0xBBCB, 0xBBCB, 0xBBCB,
    0xBBCB, 0xBBCB, 0xBBAB, 0xBBAB, 0xBBAB, 0xBBAA, 0xBBAA, 0xBBAA,
    0xBBAA, 0xBBAB, 0xA349, 0x4103, 0x3903, 0x2882, 0x28A3, 0x28A3,
    0x28A3, 0x28A3, 0x28A3, 0x28A3, 0x28A3, 0x28A4, 0x28A4, 0x30C4,
    0x30C4, 0x30E3, 0x3903, 0x3903, 0x4123, 0x4984, 0x4964, 0x5184,
    0x4964, 0x5184, 0x4963, 0x5164, 0x6A05, 0x6A26, 0x59A5, 0x59C6,
    0x59A5, 0x61C5, 0x61E5, 0x61C5, 0x6A05, 0x61A5, 0x5984, 0x4123,
    0x61A4, 0x61A4, 0x61A4, 0x61A4, 0x61A4, 0x61A4, 0x69E5, 0x7A06,
    0x7A26, 0x7205, 0x69C5, 0x69C5, 0x69C5, 0x69E5, 0x6A05, 0x6A06,
    0x7226, 0x7226, 0x7246, 0x7246, 0x7247, 0x7A67, 0x7A46, 0x7A46,
    0x7A46, 0x7A46, 0x7A46, 0x7A26, 0x7A26, 0x7A26, 0x7A26, 0x7226,
    0x7225, 0x7225, 0x7225, 0x7225, 0x7205, 0x7205, 0x7205, 0x6A05,
    0x69E5, 0x69C5, 0x61C5, 0x69E5, 0x61A4, 0x5984, 0x61A5, 0x61C5,
    0x7206, 0x7A26, 0x8267, 0x9287, 0x9287, 0x9287, 0x9287, 0x8266,
    0x5983, 0x38C2, 0x4923, 0x38C2, 0x844E, 0xC590, 0xB530, 0xB50F,
    0xB52F, 0xB52F, 0xB50F, 0xB50F, 0xB4EF, 0xB4EF, 0xB52F, 0xB530,
    0xB50F, 0xA44C, 0x8B49, 0x7A86, 0x7225, 0x7A88, 0x9BEC, 0xBD2F,
    0xBD4F, 0xA46D, 0x6AA6, 0x3902, 0x4943, 0x7AA7, 0x9BAB, 0xA48E,
    0xB530, 0xB50F, 0xACEF, 0xB4EF, 0xB4EF, 0xB4EF, 0xB4EF, 0xB4EF,
    0xB4EF, 0xB50F, 0xA42B, 0x9BCA, 0x9BEB, 0x9C0B, 0x9C0B, 0x9C0B,
    0xA40B, 0xA3EA, 0xA44B, 0x8AA4, 0x2061, 0x5143, 0x4102, 0x38E2,
    0x30C2, 0x30C2, 0x30C2, 0x30C2, 0x30A2, 0x30A2, 0x30A1, 0x30A1,
    0x30A1, 0x3880, 0x30E6, 0x5A48, 0xA0A4, 0x98C4, 0x98C4, 0xA8C4,
    0x6860, 0x1040, 0x2020, 0x20A1, 0x5922, 0x5902, 0x4080, 0x2041,
    0x2861, 0x2860, 0x2860, 0x2840, 0x2840, 0x2860, 0x2860, 0x2861,
    0xE636, 0xE635, 0xF655, 0xFF55, 0xFFFA, 0xBDBB, 0xB34E, 0xA32A,
    0xB36A, 0xD54F, 0xD5B2, 0xCD50, 0xCD30, 0xC50F, 0xCD2F, 0xAC8E,
    0x69E7, 0x6985, 0x61A5, 0x5985, 0x5964, 0x5144, 0x5144, 0x5144,
    0x4924, 0x4904, 0x5124, 0x4923, 0x4923, 0x4903, 0x4903, 0x4103,
    0x4123, 0x4923, 0x3103, 0x30C2, 0x5144, 0x4944, 0x5123, 0xAB48,
    0xBC4D, 0xBC0C, 0xBC0C, 0xBC0C, 0xBBEB, 0xBBEB, 0xBBEB, 0xBBCB,
    0xBBCB, 0xBBCB, 0xBBCB, 0xBBAB, 0xBBAB, 0xBBAA, 0xBBAA, 0xBBAA,
    0xBBAA, 0xBBAA, 0xA34A, 0x4103, 0x3903, 0x28A2, 0x28A2, 0x30A3,
    0x30A3, 0x28A3, 0x28A3, 0x28A3, 0x28A3, 0x28A4, 0x28A4, 0x28A3,
    0x30A3, 0x30C3, 0x30C2, 0x30A2, 0x38E3, 0x4103, 0x4103, 0x4103,
    0x4923, 0x4103, 0x4923, 0x61A4, 0x59A4, 0x5143, 0x4922, 0x5983,
    0x61A3, 0x61E4, 0x61A4, 0x59A4, 0x59A4, 0x6A25, 0x61E4, 0x4103,
    0x59C5, 0x6A05, 0x61E5, 0x69E5, 0x69E5, 0x61E5, 0x61C5, 0x61C5,
    0x69E6, 0x7A47, 0x92A8, 0x9AC8, 0x92A7, 0x8A67, 0x8246, 0x7A26,
    0x7A06, 0x7A66, 0x7A46, 0x7A66, 0x7226, 0x7226, 0x7246, 0x7A67,
    0x7A67, 0x7A46, 0x7A46, 0x7A46, 0x7A46, 0x7A46, 0x7A46, 0x7A26,
    0x7A26, 0x7A25, 0x7225, 0x71E5, 0x71E5, 0x69E5, 0x7205, 0x71E4,
    0x7A25, 0x8286, 0x8286, 0x5163, 0x7A26, 0x92A7, 0x92A8, 0x9AC8,
    0x9AC8, 0x9AC8, 0x92A8, 0x92A7, 0x92C8, 0x82C7, 0x6A45, 0x5183,
    0x5964, 0x79E5, 0x9287, 0x7183, 0x42AB, 0xCE13, 0xBD0F, 0xB50F,
    0xB50F, 0xB50F, 0xB50F, 0xB530, 0xBD50, 0xB52F, 0xACAD, 0x9BCB,
    0x82E8, 0x7A66, 0x7A46, 0x82C7, 0x938C, 0xAC6F, 0xA46D, 0x82E8,
    0x5183, 0x3902, 0x59C5, 0x8B4A, 0xAC8E, 0xBD50, 0xBD70, 0xBD0F,
    0xB4EE, 0xACEF, 0xB4EF, 0xB4EF, 0xB4EF, 0xB4EF, 0xB4EF, 0xB4EF,
    0xB530, 0xAC6B, 0x9BCA, 0x9C0B, 0x9C0B, 0x9C0B, 0x9C0B, 0x9C2B,
    0xA42B, 0x9BEB, 0xAC4A, 0x6161, 0x2882, 0x38C1, 0x28A2, 0x30A2,
    0x30C2, 0x30E2, 0x38E2, 0x38E2, 0x38E2, 0x38C2, 0x38C2, 0x38C1,
    0x38A2, 0x38A0, 0x3106, 0x5A48, 0xA0A4, 0xA0C4, 0xA0C5, 0xA8E4,
    0x7880, 0x1840, 0x2020, 0x1841, 0x3902, 0x6101, 0x2840, 0x2040,
    0x2840, 0x2861, 0x2860, 0x2861, 0x2861, 0x2860, 0x2861, 0x2861,
    0xF6D7, 0xDE77, 0xE5F5, 0xEE74, 0xEEF7, 0xBD16, 0xB2AA, 0xD4EC,
    0xDE34, 0xD5B3, 0xCD51, 0xD570, 0xC550, 0xCD50, 0xACAF, 0x71E7,
    0x71A5, 0x69A6, 0x6185, 0x5965, 0x5964, 0x5964, 0x5144, 0x5124,
    0x5124, 0x5144, 0x4924, 0x4924, 0x4923, 0x4923, 0x4903, 0x4103,
    0x4103, 0x4923, 0x28C3, 0x4903, 0x4944, 0x4944, 0x7184, 0xC40B,
    0xBC2D, 0xBC0C, 0xBC0C, 0xBBEC, 0xBBEB, 0xBBEB, 0xBBCB, 0xBBCB,
    0xBBCB, 0xBBCB, 0xBBCB, 0xBBAB, 0xBBAB, 0xBBAA, 0xBBAA, 0xBBAA,
    0xB3AA, 0xBBCB, 0xA34A, 0x4123, 0x4103, 0x28A2, 0x30A2, 0x30A3,
    0x30A3, 0x28A3, 0x28A3, 0x30A3, 0x30C3, 0x28A4, 0x30A4, 0x30C3,
    0x38C3, 0x30C3, 0x30C3, 0x30C2, 0x30E2, 0x4103, 0x4923, 0x4943,
    0x4123, 0x4943, 0x61A4, 0x51A4, 0x4943, 0x61A4, 0x5163, 0x5143,
    0x61C4, 0x59A5, 0x59A4, 0x59A4, 0x59A4, 0x61C5, 0x59A4, 0x5943,
    0x59A4, 0x69E5, 0x61E5, 0x69E5, 0x69E5, 0x6A05, 0x6A05, 0x6A05,
    0x61C5, 0x61A4, 0x61A5, 0x69E5, 0x8267, 0x92C8, 0xA329, 0xA349,
    0xA349, 0xA349, 0xA34A, 0xA3CB, 0xA3AA, 0x9328, 0x82A7, 0x7A66,
    0x7246, 0x7A46, 0x7A66, 0x7A66, 0x7A46, 0x7A26, 0x7A25, 0x7A05,
    0x7A05, 0x71C4, 0x71E5, 0x8A46, 0x92C7, 0x92A7, 0x9B08, 0xB40B,
    0xC4ED, 0xC54E, 0xC50E, 0x92E7, 0x5184, 0x7A87, 0x9AC8, 0x92A7,
    0x92C8, 0x9308, 0x9349, 0x8B08, 0x7A87, 0x69E5, 0x71E5, 0x8246,
    0x92A7, 0x9287, 0x8A66, 0x9286, 0x6143, 0x52ED, 0xAD52, 0xC591,
    0xBD70, 0xB52F, 0xB52F, 0xACAE, 0x9BEB, 0x8B28, 0x7A87, 0x7A46,
    0x7A46, 0x7A67, 0x8309, 0x936B, 0x82E8, 0x61E4, 0x4963, 0x59E5,
    0x8329, 0xA46D, 0xBD0F, 0xB530, 0xB572, 0xBDB1, 0xBD2F, 0xACCE,
    0xA4CE, 0xB4EF, 0xB4EF, 0xB4EF, 0xB4EF, 0xB4EF, 0xB4EF, 0xB50F,
    0xB4AD, 0x9BCA, 0x9BEB, 0x9BEA, 0x9BEB, 0x9BEB, 0x9BEB, 0x9BEB,
    0x9BEB, 0x9C0C, 0xA3A7, 0x3080, 0x28A1, 0x2881, 0x30C2, 0x30C2,
    0x30C2, 0x30C2, 0x30C3, 0x3902, 0x38E2, 0x38C2, 0x38C2, 0x38C2,
    0x38C2, 0x38A0, 0x3106, 0x6248, 0xA0A4, 0xA0E5, 0xA0C4, 0xA8C4,
    0x7860, 0x1020, 0x2040, 0x2020, 0x1861, 0x5121, 0x3040, 0x2040,
    0x2840, 0x2861, 0x2860, 0x2860, 0x2840, 0x2860, 0x2860, 0x2861,
    0xE6D8, 0xDE36, 0xDD93, 0xE5F2, 0xDE34, 0xCD13, 0xCC6D, 0xD5D2,
    0xD592, 0xCD71, 0xCD51, 0xCD50, 0xCD70, 0xB4F0, 0x7208, 0x71A5,
    0x69C6, 0x69C5, 0x61A6, 0x5965, 0x5964, 0x5984, 0x5965, 0x5944,
    0x5164, 0x5144, 0x5144, 0x4924, 0x4923, 0x4923, 0x4923, 0x4103,
    0x4923, 0x3903, 0x30A2, 0x5144, 0x5144, 0x5123, 0x9265, 0xC46D,
    0xBC0C, 0xBC0C, 0xBC0C, 0xBC0C, 0xBBEC, 0xBBEB, 0xBBEB, 0xBBCB,
    0xBBCB, 0xBBEB, 0xBBCB, 0xBBCB, 0xBBAB, 0xBBAA, 0xBBAA, 0xBBAA,
    0xB3AA, 0xBBCB, 0xA34A, 0x4103, 0x4103, 0x28A2, 0x30A3, 0x28A2,
    0x28A3, 0x28A3, 0x28A3, 0x28A3, 0x30C4, 0x30C4, 0x30C4, 0x30C4,
    0x4103, 0x30E3, 0x30C2, 0x30E3, 0x30E3, 0x4103, 0x4943, 0x4123,
    0x4103, 0x5164, 0x4964, 0x4123, 0x69E5, 0x6A05, 0x5963, 0x4943,
    0x59A4, 0x61A4, 0x61C4, 0x61C5, 0x61C5, 0x61C5, 0x4943, 0x6964,
    0x61E5, 0x6A05, 0x61E5, 0x6A05, 0x6A05, 0x6A05, 0x6A05, 0x6A06,
    0x7226, 0x7226, 0x7225, 0x6A05, 0x61C5, 0x61C5, 0x69C5, 0x7A47,
    0x8AC8, 0x9B29, 0xA34A, 0xA34A, 0xA36A, 0xABAB, 0xABCB, 0xABAA,
    0x9B49, 0x92E7, 0x8246, 0x7A05, 0x7A25, 0x8225, 0x8246, 0x8A86,
    0x8A66, 0x8245, 0x79C4, 0x7A26, 0x9287, 0xA308, 0xAB28, 0xA308,
    0xA329, 0xAB49, 0x9AC7, 0xB3EB, 0xB44A, 0x61E4, 0x8B09, 0xA3AA,
    0x9369, 0x82E8, 0x7A67, 0x7A06, 0x8246, 0x9287, 0x9AA7, 0x92A7,
    0x9287, 0x8A87, 0x9287, 0x8A67, 0x9A87, 0x7183, 0x4145, 0x5B0A,
    0x8C0D, 0x9C0C, 0x93C8, 0x8A86, 0x7A25, 0x8266, 0x82A7, 0x8AE7,
    0x8B4A, 0x93AB, 0x8B08, 0x7AC6, 0x7B48, 0x8BEB, 0xACCE, 0xBD50,
    0xBD50, 0xB52F, 0xB52F, 0xB530, 0xB4EF, 0xACCE, 0xACAD, 0xACCE,
    0xB4EF, 0xB4EE, 0xB4EF, 0xB4EF, 0xB4EF, 0xB4EF, 0xB50F, 0xB4EE,
    0xA40A, 0xA3EA, 0xA40B, 0xA40B, 0xA40A, 0x9BEB, 0x9BEB, 0x9C0B,
    0x9BEB, 0xA46C, 0x8263, 0x1820, 0x2881, 0x28A2, 0x30A2, 0x30C2,
    0x30C2, 0x30C2, 0x30C2, 0x30A2, 0x30C2, 0x30C2, 0x38C2, 0x38C2,
    0x38C2, 0x38A0, 0x3106, 0x6248, 0xA0C4, 0xA8E4, 0xA0C4, 0xA8C4,
    0x8080, 0x1020, 0x2040, 0x2040, 0x1820, 0x28C1, 0x3040, 0x0820,
    0x2840, 0x2860, 0x2860, 0x2860, 0x2860, 0x2860, 0x2860, 0x2861,
    0xEFDE, 0xE7DE, 0xDEDC, 0xD5D9, 0xD595, 0xDDB2, 0xD5D2, 0xCD71,
    0xD571, 0xDDD0, 0xCD92, 0xCD51, 0xBD10, 0x7A49, 0x79C6, 0x7207,
    0x61A6, 0x6186, 0x6185, 0x5965, 0x5965, 0x5944, 0x5944, 0x5964,
    0x5964, 0x5144, 0x5144, 0x5124, 0x4923, 0x4923, 0x4923, 0x4923,
    0x4923, 0x28C3, 0x40E2, 0x5144, 0x5144, 0x5923, 0xB368, 0xC44D,
    0xBC0B, 0xBC0C, 0xBC0C, 0xBC0C, 0xBC0B, 0xBBEB, 0xBBEB, 0xBBEB,
    0xBBEB, 0xBBEB, 0xBBCB, 0xBBCB, 0xBBCB, 0xBBAA, 0xBBAA, 0xBBAA,
    0xBBAA, 0xBBCB, 0xA34A, 0x4123, 0x4123, 0x28A2, 0x30A3, 0x30A3,
    0x30A3, 0x30A3, 0x28A3, 0x30C3, 0x30C4, 0x30C4, 0x30C4, 0x30C3,
    0x28C3, 0x3123, 0x30E3, 0x30E3, 0x38E3, 0x3903, 0x4103, 0x3903,
    0x4103, 0x4123, 0x30E2, 0x5164, 0x61C5, 0x6184, 0x5943, 0x4923,
    0x59A4, 0x61A4, 0x59A4, 0x59A4, 0x61C5, 0x5184, 0x5963, 0x6964,
    0x59A4, 0x69E5, 0x61C5, 0x61C5, 0x61C5, 0x69E5, 0x69C5, 0x69E5,
    0x69E5, 0x69E5, 0x7226, 0x7226, 0x7225, 0x71E5, 0x71E5, 0x69C4,
    0x69A4, 0x71E5, 0x7A47, 0x8AA8, 0x9B09, 0xA329, 0xA34A, 0xAB8A,
    0xABAA, 0xB3CB, 0xB3CA, 0xAB89, 0xA328, 0x9AE7, 0x9AC7, 0x92A7,
    0x92C7, 0x92C7, 0x8AC7, 0x8AA6, 0x8245, 0x8225, 0x8A25, 0x92A7,
    0xA348, 0x9B08, 0xA389, 0xA3CA, 0xA3EB, 0xA3AA, 0x9308, 0x59E5,
    0x7A67, 0x9A87, 0x92A7, 0x9AC8, 0x9AC8, 0x92A7, 0x9287, 0x9287,
    0x9287, 0x9287, 0x9287, 0x8A67, 0x8A67, 0x92A7, 0x9266, 0x6983,
    0x4102, 0x4184, 0x6226, 0x7AC8, 0x93CA, 0xA46D, 0xB4CF, 0xAC8E,
    0x9C0B, 0x93C9, 0x9C2B, 0xACEF, 0xBD50, 0xBD50, 0xBD50, 0xC570,
    0xBD2F, 0xACCE, 0x9C4D, 0x942C, 0x9C6C, 0xACCE, 0xB4EF, 0xB50F,
    0xB4EE, 0xB4EE, 0xB4EE, 0xB4EF, 0xB50F, 0xB4EF, 0xB50F, 0xAC0A,
    0x9BC9, 0x9BCA, 0x9C0B, 0xA42B, 0xA3EA, 0x9BEB, 0x9C0B, 0xA40B,
    0x9BEB, 0xAC4A, 0x5921, 0x1841, 0x2881, 0x2881, 0x30C2, 0x30C2,
    0x30A2, 0x30C2, 0x30C2, 0x38C2, 0x38C2, 0x38C2, 0x38C2, 0x38C2,
    0x38C2, 0x38A1, 0x3926, 0x6A27, 0xA0A4, 0xA0E5, 0xA8E4, 0xA8C4,
    0x90E2, 0x3880, 0x1820, 0x1840, 0x1820, 0x2040, 0x2020, 0x0000,
    0x1040, 0x2860, 0x2860, 0x2841, 0x2841, 0x2861, 0x2861, 0x2861,
    0xE5F4, 0xE676, 0xDE79, 0xDDFC, 0xE5DD, 0xEDBC, 0xED99, 0xDD75,
    0xCD71, 0xCD50, 0xCD70, 0xBD51, 0x828A, 0x79A6, 0x71E7, 0x69C6,
    0x69A6, 0x6185, 0x6185, 0x5965, 0x5965, 0x6184, 0x6184, 0x5964,
    0x5964, 0x5144, 0x5144, 0x5124, 0x4924, 0x4923, 0x4923, 0x4923,
    0x3903, 0x30A2, 0x4923, 0x4923, 0x4923, 0x79A3, 0xC40B, 0xB3EC,
    0xBBEC, 0xBC0C, 0xBC2C, 0xBC2C, 0xBC0C, 0xBC0C, 0xBC0B, 0xBBEB,
    0xBBCB, 0xBBEB, 0xBBEB, 0xBBCB, 0xBBCB, 0xBBAA, 0xBBAA, 0xBBAA,
    0xBBAA, 0xBBCB, 0xA34A, 0x4123, 0x4123, 0x28A2, 0x30A3, 0x30A3,
    0x30A3, 0x30C3, 0x30C3, 0x30C3, 0x30C4, 0x28A4, 0x28A3, 0x28A3,
    0x30C3, 0x30C3, 0x38E4, 0x38E3, 0x38E3, 0x3903, 0x3903, 0x38E3,
    0x3903, 0x30E2, 0x5164, 0x5984, 0x5123, 0x5163, 0x5963, 0x4943,
    0x5184, 0x61C5, 0x69E5, 0x7205, 0x59A4, 0x4943, 0x6984, 0x6164,
    0x69E5, 0x7A26, 0x7A46, 0x7A46, 0x7A26, 0x7A26, 0x7A26, 0x7A46,
    0x7A66, 0x7A66, 0x7A66, 0x8266, 0x8266, 0x8266, 0x8A87, 0x8AA7,
    0x8AA7, 0x8AA7, 0x8AA7, 0x8287, 0x8246, 0x8246, 0x8A67, 0x9287,
    0x9AC7, 0xA2E8, 0x9AE8, 0xA308, 0xA308, 0x9AE8, 0x9AA7, 0x8A25,
    0x8A05, 0x8A86, 0x8AA7, 0x92C7, 0x9B28, 0x9B69, 0xA3AA, 0xA3AA,
    0xA3EA, 0xA3AA, 0x9308, 0x9B49, 0x9B69, 0xA348, 0xAB48, 0x8A85,
    0x5184, 0x82A8, 0xA308, 0x9AC8, 0x9AC8, 0x9AC8, 0x9AC8, 0x9AC8,
    0x9AC8, 0x9AC8, 0x9AA7, 0x92A7, 0x92A7, 0x9287, 0x9287, 0x9287,
    0x8A46, 0x6983, 0x40C1, 0x3924, 0x738C, 0xA46C, 0x9BCB, 0x9C2C,
    0xB4EE, 0xBD70, 0xC591, 0xBD70, 0xB52F, 0xACAE, 0x940C, 0x8369,
    0x6AE8, 0x7309, 0x93EB, 0xA4CE, 0xB50F, 0xB50F, 0xB4EF, 0xB4EF,
    0xB4EF, 0xB4EE, 0xB4EF, 0xB50F, 0xB50F, 0xB50F, 0xAC6B, 0x9BA9,
    0x9BEA, 0xA40A, 0xA3EA, 0xA3CA, 0x9BEB, 0x9C0C, 0xA44C, 0xA42B,
    0xA42C, 0x9B67, 0x2860, 0x20A2, 0x30C1, 0x30A1, 0x28A1, 0x30C2,
    0x30C2, 0x30C2, 0x30C2, 0x30E2, 0x38E2, 0x38C2, 0x38C2, 0x38C2,
    0x38C2, 0x3880, 0x3966, 0x7247, 0xA8A4, 0xA0E5, 0xA8E5, 0xB0E5,
    0x90E2, 0x5121, 0x3040, 0x1840, 0x2020, 0x2040, 0x1820, 0x0800,
    0x0820, 0x2041, 0x3061, 0x2861, 0x2861, 0x2861, 0x2861, 0x2861,
    0xDDF4, 0xDDB3, 0xDDB2, 0xDDB2, 0xE613, 0xDDF6, 0xE577, 0xF598,
    0xF597, 0xE574, 0xD572, 0x8B0C, 0x79A6, 0x7A07, 0x71C7, 0x69A6,
    0x69A6, 0x6185, 0x6185, 0x6185, 0x6165, 0x79E5, 0x7A66, 0x59C6,
    0x5965, 0x5144, 0x5144, 0x5144, 0x4924, 0x4944, 0x4923, 0x4944,
    0x30C3, 0x40E2, 0x4944, 0x5144, 0x4903, 0xA2A6, 0xE44D, 0xD48C,
    0xC46C, 0xBBCC, 0xBBCC, 0xBC2C, 0xBC0C, 0xBC0C, 0xBBEB, 0xBBEB,
    0xBBEB, 0xBBEB, 0xBBEB, 0xBBEB, 0xBBCB, 0xBBCA, 0xBBCA, 0xBBCA,
    0xBBCA, 0xBBCB, 0xA349, 0x4923, 0x4123, 0x30C2, 0x30C3, 0x30C2,
    0x30C3, 0x30C3, 0x30C3, 0x28A3, 0x28A3, 0x28A3, 0x30C3, 0x30C3,
    0x30C3, 0x30C3, 0x38E3, 0x38E3, 0x3903, 0x3903, 0x3903, 0x3903,
    0x30E2, 0x5164, 0x5184, 0x5143, 0x5164, 0x4943, 0x6143, 0x4943,
    0x5163, 0x6A05, 0x6A05, 0x59A4, 0x4143, 0x5984, 0x6984, 0x6164,
    0x7226, 0x7A67, 0x7A67, 0x7A87, 0x7A67, 0x7A67, 0x8287, 0x7A67,
    0x8287, 0x8287, 0x82A7, 0x82A7, 0x8AA7, 0x8AA7, 0x8AA7, 0x8AC7,
    0x8AC7, 0x92C7, 0x92C7, 0x9B08, 0x9B28, 0xA369, 0xA369, 0x9B28,
    0x9AE7, 0x9AC7, 0x92C7, 0x92E8, 0x92C7, 0x92E8, 0x9AE8, 0x9B09,
    0xA349, 0xABAA, 0xB3EB, 0xABCA, 0xB3AA, 0xAB49, 0x9AC7, 0x9286,
    0x8A66, 0x8A66, 0x8A66, 0x8A66, 0x92C7, 0x9B07, 0x9B48, 0xABCA,
    0xA348, 0x5163, 0x7A46, 0x9AC7, 0x92A7, 0x9287, 0x8A67, 0x8246,
    0x8246, 0x7A05, 0x71E5, 0x69C5, 0x6184, 0x5943, 0x5943, 0x5964,
    0x61C5, 0x7A87, 0x9369, 0xA3AA, 0x9B6A, 0x92A6, 0x5963, 0x49E6,
    0x630A, 0x836A, 0x72E8, 0x6246, 0x51C5, 0x51C4, 0x5A46, 0x7B6A,
    0xA4AE, 0xB52F, 0xBD2F, 0xB50F, 0xB4EF, 0xB4EE, 0xB4EF, 0xB4EF,
    0xB50E, 0xB4EE, 0xB4EE, 0xB4EE, 0xB4EF, 0xB4CD, 0xA3C9, 0x9BEA,
    0xA40B, 0xA42A, 0xA3EA, 0x9BCA, 0x9C0B, 0xA40B, 0xA3EA, 0x9BCB,
    0xA44B, 0x79C2, 0x2841, 0x28A1, 0x2881, 0x28A1, 0x2881, 0x2881,
    0x28A2, 0x30C2, 0x30A2, 0x30A2, 0x30A2, 0x30C2, 0x38E2, 0x38C1,
    0x38A2, 0x3880, 0x3167, 0x7A47, 0xB0A4, 0xA0E4, 0xA8E5, 0xB0E5,
    0x90C2, 0x5122, 0x50C0, 0x2020, 0x2040, 0x2040, 0x1020, 0x0800,
    0x0800, 0x1040, 0x2841, 0x2841, 0x2861, 0x2861, 0x2861, 0x3061,
    0xDE14, 0xDDD4, 0xD5B3, 0xD5B2, 0xD592, 0xD591, 0xCD91, 0xCD70,
    0xD571, 0xDDD3, 0xA3AF, 0x81C7, 0x7A07, 0x71C7, 0x69C6, 0x69A6,
    0x6186, 0x6185, 0x6185, 0x5985, 0x6165, 0x6985, 0x69C5, 0x59A6,
    0x5965, 0x5964, 0x5144, 0x5144, 0x5144, 0x5144, 0x5144, 0x4124,
    0x30A2, 0x5123, 0x4924, 0x5144, 0x6143, 0xBBCA, 0xC40D, 0xE4EC,
    0xF6CD, 0xDE8D, 0xBD2C, 0xBC0B, 0xBBEA, 0xBC0B, 0xBC0B, 0xBBEB,
    0xBBEB, 0xBBEB, 0xBBEB, 0xBBEB, 0xBBEB, 0xBBEB, 0xBBCB, 0xBBCA,
    0xBBCA, 0xC3EB, 0xA349, 0x4103, 0x4123, 0x30C2, 0x38C3, 0x30C3,
    0x30C3, 0x28A3, 0x28A3, 0x28A3, 0x30A4, 0x30A4, 0x30C3, 0x30C3,
    0x30C3, 0x30E3, 0x38E3, 0x38E3, 0x3903, 0x3903, 0x3903, 0x38E3,
    0x5143, 0x5164, 0x4923, 0x4923, 0x4943, 0x4922, 0x6963, 0x4943,
    0x6205, 0x5164, 0x4123, 0x59C4, 0x6A05, 0x6164, 0x6984, 0x6164,
    0x61C5, 0x7A67, 0x8267, 0x7A67, 0x8287, 0x92E7, 0x9B09, 0x9B29,
    0x9B08, 0x92E8, 0x92E8, 0x92E8, 0x92E8, 0x92E7, 0x92E7, 0x92E7,
    0x92E7, 0x92C7, 0x92C6, 0x9B48, 0xB46C, 0xBCCE, 0xBCAD, 0xB46C,
    0xAC0B, 0xABAA, 0xA348, 0x9B28, 0x9B48, 0x9B28, 0x9B07, 0x92A7,
    0x9286, 0x9286, 0x9286, 0x9287, 0x9AA7, 0x9AC7, 0xA2E7, 0xA2C7,
    0x9AC7, 0x9AA7, 0x9286, 0x9266, 0x8A25, 0x8A25, 0x8225, 0x8225,
    0x8A66, 0x8A25, 0x71A4, 0x71C4, 0x71E5, 0x71C4, 0x6183, 0x61A4,
    0x61A4, 0x69C4, 0x69E4, 0x69E5, 0x7225, 0x7A87, 0x8B49, 0x9349,
    0x8B49, 0x7AC8, 0x6A05, 0x5163, 0x4923, 0x4943, 0x4923, 0x38A1,
    0x3081, 0x5184, 0x6225, 0x7AE8, 0x93CB, 0xACEE, 0xC5F1, 0xDDF1,
    0xCD2F, 0xB4EF, 0xB4EF, 0xB50F, 0xB4EF, 0xB4EF, 0xB4EF, 0xB4EE,
    0xB4EE, 0xB4EE, 0xB4EF, 0xB4EF, 0xB50E, 0xA40A, 0x9BCA, 0xA3C9,
    0x9BC9, 0x9BC9, 0x9BCA, 0x9BEA, 0x9BEA, 0x9BEA, 0x9BEA, 0x9C0B,
    0xA387, 0x3080, 0x28A1, 0x2881, 0x2081, 0x2881, 0x2881, 0x2881,
    0x2861, 0x2081, 0x30A2, 0x30C2, 0x30C2, 0x38E2, 0x38E2, 0x38C1,
    0x38C1, 0x3860, 0x31A8, 0x7A26, 0xB0A4, 0xA8E5, 0xA8E6, 0xB8E5,
    0x90E2, 0x5122, 0x6101, 0x3040, 0x1820, 0x2040, 0x1820, 0x0800,
    0x0800, 0x0800, 0x1841, 0x3041, 0x2861, 0x2861, 0x2861, 0x3881,
    0xDDB3, 0xDDB3, 0xD5B2, 0xD592, 0xD592, 0xD592, 0xD571, 0xCD51,
    0xD591, 0xA40F, 0x81E7, 0x8227, 0x79E7, 0x71C7, 0x69C6, 0x6186,
    0x6186, 0x6185, 0x6185, 0x6185, 0x6185, 0x6185, 0x5965, 0x5964,
    0x5964, 0x5964, 0x5964, 0x5144, 0x5144, 0x5144, 0x5164, 0x30E3,
    0x40E3, 0x5144, 0x5144, 0x5123, 0x8A25, 0xC44C, 0xBC0C, 0xBC0C,
    0xC42C, 0xC5AC, 0xC70F, 0xC718, 0xBCD4, 0xBC0C, 0xBC0B, 0xBC0B,
    0xBBEB, 0xBBEB, 0xBBEB, 0xBC0B, 0xBBEB, 0xBBCB, 0xBBCA, 0xBBCA,
    0xBBCA, 0xC3EB, 0x9B49, 0x4923, 0x4123, 0x38C2, 0x38E3, 0x30C3,
    0x28A2, 0x28A2, 0x30C3, 0x30C3, 0x30C4, 0x30C3, 0x30C3, 0x30C3,
    0x30C3, 0x38E3, 0x38E3, 0x3903, 0x3903, 0x38E3, 0x38E2, 0x5143,
    0x4143, 0x38E2, 0x4123, 0x7A05, 0x61C5, 0x5122, 0x6964, 0x4943,
    0x49A4, 0x4944, 0x4144, 0x92E7, 0x7246, 0x7184, 0x6984, 0x6184,
    0x4963, 0x5184, 0x59A4, 0x69C5, 0x7206, 0x7A67, 0x8267, 0x8287,
    0x92C8, 0x9B29, 0x92E8, 0x92C7, 0x92E7, 0x9308, 0x9B28, 0x9B28,
    0x9B48, 0xABAA, 0xABCA, 0xABCA, 0xA3AA, 0xA389, 0x9B27, 0x9AE7,
    0x92E6, 0x9AC6, 0x9AE6, 0x9AE6, 0x92E7, 0x92E7, 0x92E7, 0x9AE7,
    0x9AE7, 0x9AE7, 0x9AE7, 0x9AE7, 0x9AE7, 0x92C7, 0x92C7, 0x92A7,
    0x9B08, 0x9286, 0x9286, 0x8A66, 0x8A25, 0x8205, 0x81E4, 0x79E4,
    0x7A25, 0x79E4, 0x79E5, 0x7A05, 0x71E4, 0x7A66, 0x92E7, 0x82A7,
    0x8286, 0x8266, 0x8266, 0x82A7, 0x82C8, 0x82C8, 0x7AA7, 0x6184,
    0x5143, 0x5123, 0x5143, 0x5943, 0x6184, 0x61A4, 0x7A05, 0x6984,
    0x7C31, 0xCDD0, 0xBD51, 0xBDD5, 0xBEB4, 0xBED0, 0xD650, 0xCD6F,
    0xB4EF, 0xB50F, 0xB4EF, 0xB50F, 0xB50F, 0xB50F, 0xB4EF, 0xB4EF,
    0xB50F, 0xB4EF, 0xB4EF, 0xB50F, 0xAC4B, 0x9B89, 0x9BC9, 0x9BC9,
    0x9BC9, 0x9BCA, 0x9C0B, 0xA42B, 0xA3EA, 0xA3EA, 0x9BCA, 0xA42B,
    0x8243, 0x1000, 0x2881, 0x2881, 0x2881, 0x2881, 0x2881, 0x2881,
    0x2881, 0x2861, 0x2061, 0x28A2, 0x30C2, 0x38C1, 0x38A2, 0x38A1,
    0x38E2, 0x3881, 0x39E9, 0x81C6, 0xB0A5, 0xB105, 0xB106, 0xB8E5,
    0x88C2, 0x4922, 0x6122, 0x4880, 0x1820, 0x2040, 0x1820, 0x0800,
    0x0820, 0x0800, 0x0820, 0x2061, 0x3061, 0x2841, 0x3081, 0x3840,
    0xDDB3, 0xD5B2, 0xD592, 0xD592, 0xD572, 0xD592, 0xCD71, 0xD5B1,
    0xB4B0, 0x8209, 0x8207, 0x79E7, 0x71E7, 0x71C7, 0x6186, 0x5966,
    0x69A6, 0x69A5, 0x61A5, 0x6185, 0x6185, 0x6185, 0x6185, 0x5985,
    0x5965, 0x5964, 0x5964, 0x5964, 0x5144, 0x5144, 0x4944, 0x30C3,
    0x5124, 0x5124, 0x5964, 0x6143, 0xB368, 0xC44D, 0xBC0C, 0xC42C,
    0xBC0C, 0xBBEC, 0xBC0C, 0xC4EF, 0xBCB5, 0xD416, 0xDC2F, 0xBBEB,
    0xBBEB, 0xBBEB, 0xBBEB, 0xBBEB, 0xBBEB, 0xBBEB, 0xBBEB, 0xBBEA,
    0xBBCA, 0xC3EB, 0x9329, 0x4903, 0x4123, 0x38C2, 0x30C3, 0x28A2,
    0x30C3, 0x30C3, 0x30C3, 0x30C3, 0x30C4, 0x30C3, 0x30C3, 0x30C3,
    0x38E3, 0x38E3, 0x38E3, 0x38E3, 0x38E3, 0x4943, 0x4943, 0x4123,
    0x38E2, 0x38E2, 0x71E5, 0x92A7, 0x4123, 0x6143, 0x5963, 0x4143,
    0x4944, 0x4964, 0x5184, 0xA368, 0x7A25, 0x79A4, 0x6184, 0x71A4,
    0x79C5, 0x6184, 0x5984, 0x5984, 0x5164, 0x5185, 0x7A67, 0x9B09,
    0x82E8, 0x6A06, 0x9349, 0xA36A, 0xA3AA, 0xAC0C, 0xABEB, 0xABCB,
    0xCCAC, 0xD48C, 0xABEB, 0xABCA, 0xABAA, 0xAB89, 0xA389, 0xA348,
    0x9B07, 0x92C7, 0x9286, 0x9286, 0x9286, 0x9286, 0x9286, 0x9286,
    0x9286, 0x9286, 0x9286, 0x9286, 0x9286, 0x9286, 0x9266, 0x9286,
    0x9286, 0x9266, 0x9266, 0x9286, 0x92A6, 0x92C7, 0x9AE7, 0xA328,
    0xA389, 0xABCA, 0xB44B, 0xBCCD, 0xABC9, 0x5163, 0x8AA8, 0xB369,
    0xA349, 0xAB49, 0xA349, 0xA329, 0x9AE8, 0x9287, 0x9266, 0x9287,
    0x9AA7, 0x92A7, 0x92A7, 0x9287, 0x9287, 0x9287, 0x9287, 0x79A4,
    0x9536, 0xF655, 0xB4B4, 0xB574, 0xB5B2, 0xB550, 0xACEF, 0xAD0F,
    0xB50F, 0xB50F, 0xB50F, 0xB4EF, 0xB50F, 0xB50F, 0xB4EF, 0xB4EF,
    0xB50F, 0xB4EF, 0xB50F, 0xB4CD, 0xA3C9, 0x9BC9, 0x9BC9, 0x9BC9,
    0x9BC9, 0x9BCA, 0x9C0A, 0xA40A, 0xA3EA, 0x9C2B, 0xA40B, 0xAC2A,
    0x6161, 0x1041, 0x28A1, 0x2881, 0x2861, 0x2881, 0x2881, 0x2881,
    0x2881, 0x2881, 0x2061, 0x2061, 0x2881, 0x30A2, 0x30A1, 0x38A1,
    0x38C2, 0x3881, 0x39E9, 0x8986, 0xB8E6, 0xB906, 0xB8E6, 0xC105,
    0x88A1, 0x38C2, 0x5922, 0x58C1, 0x2020, 0x1840, 0x1820, 0x0800,
    0x0800, 0x0820, 0x0800, 0x1841, 0x3061, 0x2861, 0x3880, 0x1820,
    0xDDB3, 0xD592, 0xD592, 0xD592, 0xD5B1, 0xCD72, 0xD591, 0xBD11,
    0x822A, 0x81E7, 0x79E7, 0x79E7, 0x71E7, 0x69C7, 0x5966, 0x6986,
    0x69A6, 0x69A5, 0x61A5, 0x6185, 0x6185, 0x6185, 0x6185, 0x6185,
    0x5965, 0x5964, 0x5964, 0x5144, 0x5144, 0x5164, 0x38E4, 0x40E3,
    0x61A4, 0x59C4, 0x5984, 0x8225, 0xC44C, 0xBC2C, 0xC42C, 0xC42C,
    0xC42C, 0xC44C, 0xC42C, 0xC40B, 0xC40A, 0xC40C, 0xD40E, 0xC40C,
    0xBBEB, 0xBBEB, 0xBBEB, 0xBC0B, 0xBC0B, 0xBBEB, 0xBBEB, 0xBBEB,
    0xBBCA, 0xC40B, 0x8B09, 0x4103, 0x4123, 0x30C2, 0x38E3, 0x30C3,
    0x30C3, 0x30C3, 0x30C3, 0x30C4, 0x30C3, 0x30C3, 0x30C3, 0x38E3,
    0x38E3, 0x3903, 0x38E3, 0x4103, 0x61A4, 0x5143, 0x3902, 0x3903,
    0x30E2, 0x69C4, 0x9AA7, 0x59A5, 0x4102, 0x6163, 0x4963, 0x4964,
    0x4984, 0x4144, 0x6A25, 0xA368, 0x79C5, 0x81C4, 0x6184, 0x91E5,
    0x81C5, 0x6984, 0x69A4, 0x71A4, 0x71C5, 0x5184, 0x6A25, 0x93AA,
    0x7226, 0x7A05, 0xC52F, 0xCD90, 0xCD6F, 0xCD6F, 0xCD4E, 0xD60F,
    0xEF2F, 0xD54E, 0xCD0E, 0xCD0D, 0xC4CD, 0xC4AC, 0xBC6B, 0xBC4B,
    0xBC0A, 0xBC0B, 0xBC0B, 0xB3CA, 0xB3CA, 0xB3CA, 0xB3CA, 0xB3CA,
    0xB3EA, 0xBBEB, 0xBC0B, 0xBC0B, 0xBC2B, 0xBC4B, 0xC48C, 0xC4AD,
    0xC4CD, 0xC4ED, 0xCD0E, 0xCD2E, 0xCD4F, 0xCD90, 0xD5B0, 0xD58F,
    0xD590, 0xD58F, 0xCD8F, 0xCD6F, 0xD5B0, 0xC4CC, 0x6A25, 0x82C9,
    0xB3AA, 0xAB29, 0xA308, 0xA2E8, 0xA2E8, 0xA2E8, 0x9AE8, 0x9AC7,
    0x92A7, 0x9287, 0x9267, 0x9287, 0x8A87, 0x8A67, 0x8A67, 0x8A25,
    0x626C, 0xCEB9, 0xCD8F, 0xACEF, 0xB4F0, 0xB510, 0xB530, 0xB510,
    0xB50F, 0xB50F, 0xB50F, 0xB50F, 0xB50F, 0xB4EF, 0xB4EF, 0xB50F,
    0xB50F, 0xB4EF, 0xB50E, 0xA40A, 0x9BA9, 0x9BC9, 0x9BC9, 0x9BC9,
    0x9BC9, 0x9BC9, 0x9BCA, 0x9BEA, 0x9BEB, 0x9C2B, 0xA42B, 0xAC2A,
    0x5121, 0x1041, 0x2881, 0x2881, 0x2881, 0x2881, 0x2881, 0x2881,
    0x2881, 0x2881, 0x2861, 0x2861, 0x2861, 0x2061, 0x30A1, 0x38A1,
    0x38A1, 0x3062, 0x4249, 0xA166, 0xB8E6, 0xB907, 0xB927, 0xC926,
    0x88C1, 0x30A1, 0x4902, 0x6101, 0x3040, 0x1820, 0x1820, 0x0800,
    0x0800, 0x0820, 0x0800, 0x1041, 0x3061, 0x3081, 0x3040, 0x1041,
    0xDDB2, 0xD5B2, 0xD592, 0xD572, 0xCD71, 0xD571, 0xC551, 0x8AAB,
    0x8207, 0x8208, 0x79E7, 0x71C7, 0x69C7, 0x5966, 0x71C6, 0x7207,
    0x69A6, 0x69A6, 0x69A5, 0x61A5, 0x6185, 0x6185, 0x6185, 0x5985,
    0x5985, 0x5964, 0x5964, 0x5964, 0x5164, 0x5144, 0x30C3, 0x5144,
    0x5164, 0x59A4, 0x6144, 0xB349, 0xC46D, 0xC42C, 0xC44C, 0xC44C,
    0xC42C, 0xC44C, 0xC42C, 0xC44C, 0xC42C, 0xBC2C, 0xBC2B, 0xBC0B,
    0xBBEB, 0xBBEB, 0xBC0B, 0xBC0B, 0xBC0B, 0xBBEB, 0xBBEB, 0xBBEB,
    0xBBCA, 0xC40B, 0x82C8, 0x4903, 0x4123, 0x30C2, 0x40E3, 0x38E3,
    0x30C3, 0x30C3, 0x30C4, 0x30C4, 0x30C3, 0x38E3, 0x3903, 0x38E3,
    0x3903, 0x30E3, 0x3902, 0x69C4, 0x5964, 0x38E2, 0x3903, 0x30E2,
    0x69A4, 0x9AA7, 0x7A26, 0x3902, 0x5943, 0x5963, 0x4163, 0x4143,
    0x4984, 0x4144, 0x9307, 0x8AA7, 0x89C4, 0x79C4, 0x81C5, 0xA225,
    0x6963, 0x5102, 0x5923, 0x81A3, 0x7984, 0x81A4, 0x89C4, 0x91C4,
    0x9A05, 0x5163, 0xA46D, 0xCD6F, 0xC54F, 0xD5D0, 0xE675, 0xE7BB,
    0xDEB2, 0xDDCF, 0xDDEF, 0xDDEF, 0xDDF0, 0xDE11, 0xDE11, 0xDE12,
    0xDE11, 0xDE12, 0xE654, 0xDDF1, 0xDDF1, 0xDDF1, 0xDDF1, 0xDDF1,
    0xDDF0, 0xDDD0, 0xDDD0, 0xD5D0, 0xD5D0, 0xD5D1, 0xD5D1, 0xD5D1,
    0xD5D1, 0xD5B0, 0xD5B0, 0xD5B0, 0xD590, 0xD590, 0xD590, 0xD590,
    0xD58F, 0xD590, 0xD56F, 0xCD6F, 0xCD4E, 0xCD8F, 0xCD0C, 0x6A04,
    0x6A06, 0x9AA7, 0x9286, 0x9266, 0x8A66, 0x8A46, 0x8A46, 0x9287,
    0x9AA7, 0x9AA8, 0xA34A, 0x9AA7, 0x9287, 0x8A87, 0x8A67, 0x9287,
    0x8A04, 0x5A6B, 0xB5F8, 0xD5D2, 0xB50F, 0xB50F, 0xB510, 0xB510,
    0xB510, 0xB4EF, 0xB4EF, 0xB530, 0xB50F, 0xB50F, 0xB50F, 0xB50F,
    0xB50F, 0xB52F, 0xAC6B, 0x9BC9, 0x9BC9, 0x9BC9, 0x9BC9, 0x9BC9,
    0x9BC9, 0x9BC9, 0x9BCA, 0x9BCA, 0x9BEA, 0xA40A, 0x9BEA, 0xAC2A,
    0x6981, 0x1021, 0x2881, 0x2881, 0x28A1, 0x2881, 0x2881, 0x2881,
    0x2881, 0x2881, 0x2881, 0x2861, 0x2061, 0x2061, 0x2061, 0x30A2,
    0x38C1, 0x3883, 0x4A8B, 0xA946, 0xC127, 0xB927, 0xC127, 0xD126,
    0x78C1, 0x30A1, 0x40C2, 0x5942, 0x4060, 0x1820, 0x1820, 0x0800,
    0x0800, 0x0800, 0x0800, 0x0820, 0x3081, 0x3880, 0x1820, 0x2861,
    0xDDB2, 0xD592, 0xD592, 0xCD72, 0xD551, 0xCD92, 0x930D, 0x89C7,
    0x8228, 0x79E7, 0x79E7, 0x71E7, 0x5987, 0x6186, 0x71C6, 0x69C6,
    0x69A6, 0x69A6, 0x69A5, 0x69A5, 0x6185, 0x6185, 0x6185, 0x5985,
    0x6185, 0x5964, 0x5964, 0x5964, 0x5964, 0x4104, 0x4903, 0x5964,
    0x5964, 0x5944, 0x81C4, 0xC44C, 0xBC4D, 0xC44D, 0xC44C, 0xC42C,
    0xC44C, 0xC44C, 0xC44C, 0xC42C, 0xC42C, 0xC42C, 0xC42C, 0xBC0B,
    0xBC0B, 0xBC0B, 0xBC0B, 0xBBEB, 0xBBEB, 0xBC0B, 0xBBEB, 0xBBEB,
    0xBBCA, 0xC40B, 0x8287, 0x4903, 0x4123, 0x30A2, 0x40C3, 0x4143,
    0x3124, 0x30C4, 0x38C4, 0x30E4, 0x38E3, 0x38E3, 0x38E3, 0x38E3,
    0x30C2, 0x5963, 0x7A26, 0x3923, 0x38E2, 0x3903, 0x30E2, 0x61A4,
    0x9A87, 0x8246, 0x3903, 0x4923, 0x5143, 0x51A4, 0x92E7, 0x61E5,
    0x4144, 0x4984, 0x7A66, 0x71A4, 0x9205, 0x81E5, 0x99C4, 0x91E4,
    0x9B6A, 0x93CB, 0x9BAB, 0xA38A, 0x9B49, 0x9B08, 0x9A86, 0x81C4,
    0x6984, 0x5984, 0x8369, 0xD5D0, 0xCD4E, 0xDDD0, 0xFFBF, 0xFFBF,
    0xF71A, 0xF6D7, 0xEE94, 0xE631, 0xE5EF, 0xDDAE, 0xDDAE, 0xDDAF,
    0xDDAF, 0xD5B0, 0xD5B0, 0xDDD1, 0xDDD1, 0xDDD2, 0xDDF2, 0xDDF2,
    0xDE12, 0xDDF2, 0xDDF2, 0xDDF2, 0xDDF2, 0xDDF2, 0xDE13, 0xDE13,
    0xDE13, 0xDDF2, 0xDDD1, 0xD5D1, 0xD5B0, 0xD590, 0xD590, 0xD58F,
    0xCD6F, 0xCD6F, 0xCD4F, 0xCD4E, 0xCD4E, 0xCD2E, 0xCD6F, 0xCD2D,
    0x7245, 0x93AB, 0xAC2C, 0xAC4C, 0xA46D, 0xA44C, 0x9349, 0x82C7,
    0x7266, 0x7A46, 0x8246, 0x8226, 0x9287, 0x9AA8, 0x9287, 0x8A67,
    0x8A88, 0x9225, 0x61A6, 0x6B6D, 0xA4F2, 0xC5B3, 0xC5B1, 0xBD71,
    0xBD50, 0xBD51, 0xC550, 0x9C6E, 0xB510, 0xB50F, 0xB50F, 0xB4EF,
    0xB50F, 0xB4ED, 0xA3C9, 0x9BCA, 0x9BC9, 0x9BC9, 0x9BC9, 0x9BC9,
    0x9BC9, 0x9BC9, 0x9BC9, 0x9BCA, 0x9BEA, 0x9BEA, 0x9BCA, 0xA40B,
    0x92C4, 0x1000, 0x2081, 0x2061, 0x30A1, 0x30A1, 0x2881, 0x2881,
    0x2881, 0x2881, 0x2881, 0x2881, 0x2861, 0x2061, 0x2861, 0x2061,
    0x2881, 0x30C4, 0x5A6A, 0xB907, 0xC127, 0xC147, 0xC148, 0xD126,
    0x68A1, 0x30A1, 0x40A1, 0x5122, 0x50A0, 0x1820, 0x1820, 0x0800,
    0x0800, 0x0800, 0x0800, 0x0841, 0x3880, 0x2020, 0x2861, 0x3061,
    0xD5B2, 0xD592, 0xCD72, 0xCD51, 0xCDB1, 0x9B8E, 0x81C7, 0x8208,
    0x8208, 0x79E8, 0x71C7, 0x61A7, 0x5986, 0x69A6, 0x71A6, 0x69A6,
    0x69A6, 0x69A6, 0x69A5, 0x69A5, 0x61A5, 0x6185, 0x6185, 0x6185,
    0x6185, 0x5965, 0x5964, 0x5964, 0x5164, 0x38C3, 0x5964, 0x5964,
    0x6184, 0x6144, 0xAB27, 0xC48D, 0xC44C, 0xC44D, 0xC44C, 0xC44C,
    0xC44C, 0xC44C, 0xC42C, 0xC42C, 0xC42C, 0xC42C, 0xC42C, 0xC40B,
    0xC40B, 0xBC0B, 0xBC0B, 0xBC0B, 0xBC0B, 0xBC0B, 0xBC0B, 0xBBEB,
    0xBBCA, 0xC40B, 0x7A67, 0x4923, 0x4123, 0x30C2, 0x38E3, 0x30C3,
    0x38E4, 0x38C4, 0x38C4, 0x38E4, 0x38E3, 0x38E3, 0x38E3, 0x30C2,
    0x69A4, 0x9267, 0x4923, 0x4183, 0x4163, 0x30C2, 0x61A4, 0x9A86,
    0x8226, 0x3902, 0x30C2, 0x69E4, 0x59C4, 0x3903, 0x7A65, 0xAB88,
    0x59E5, 0x4964, 0x5964, 0x89C4, 0x9A05, 0x91A4, 0xA2C8, 0xB4F0,
    0xBDD3, 0xC5D3, 0xC5D3, 0xBDD3, 0xC5F3, 0xBDD3, 0xBDB2, 0xA48E,
    0x72C8, 0x59A4, 0x59A4, 0xBD0E, 0xDDEF, 0xDDD0, 0xFFBE, 0xFFDE,
    0xFFDE, 0xFFBE, 0xFF9C, 0xF75A, 0xF6F8, 0xEE94, 0xE631, 0xE5EF,
    0xDDCE, 0xDDAE, 0xDDAF, 0xDDAF, 0xD5AF, 0xD5AF, 0xD5AF, 0xD5B0,
    0xD5B0, 0xD5B0, 0xD5B0, 0xD5B0, 0xD5B0, 0xD5B0, 0xD590, 0xD590,
    0xD58F, 0xD58F, 0xD58F, 0xD58F, 0xD58F, 0xCD8F, 0xCD6F, 0xCD6F,
    0xCD6F, 0xCD6F, 0xCD6F, 0xCD6F, 0xCD4F, 0xCD4F, 0xCD4E, 0xABEB,
    0xC572, 0xD613, 0xD5F2, 0xCDF2, 0xCDF2, 0xCDF2, 0xCDF2, 0xD613,
    0xC50F, 0x9C0C, 0x942C, 0x9389, 0x7225, 0x69C5, 0x8267, 0x9AC8,
    0x9AC8, 0x8A87, 0x9286, 0x79C5, 0x61E7, 0x7B0B, 0x8C0F, 0x9C90,
    0xA4B0, 0x9C8F, 0x72C8, 0x52AB, 0xB550, 0xB4EF, 0xB50F, 0xB50F,
    0xB50F, 0xA42A, 0x9BCA, 0x9BEA, 0x9BEA, 0x9BCA, 0x9BCA, 0x9BC9,
    0x9BC9, 0x9BC9, 0x9BC9, 0x9BC9, 0x9BCA, 0x9BCA, 0x9BCA, 0x9BCA,
    0xAC09, 0x61A1, 0x30A1, 0x40C1, 0x3081, 0x2881, 0x2881, 0x2881,
    0x2881, 0x2881, 0x2881, 0x2881, 0x2881, 0x2861, 0x2861, 0x2861,
    0x2840, 0x2107, 0x7289, 0xC907, 0xC148, 0xC948, 0xC148, 0xC925,
    0x58A1, 0x30A1, 0x3881, 0x40E2, 0x50C0, 0x2020, 0x1000, 0x0800,
    0x0800, 0x0800, 0x0800, 0x0820, 0x1820, 0x2861, 0x3061, 0x3061,
    0xD592, 0xD572, 0xCD51, 0xD591, 0xAC50, 0x89E8, 0x8228, 0x79E8,
    0x79E7, 0x79E7, 0x69C7, 0x5986, 0x6986, 0x71C6, 0x71A6, 0x71C6,
    0x71A6, 0x69A6, 0x69A6, 0x69A5, 0x61A5, 0x6185, 0x6185, 0x6185,
    0x6185, 0x5965, 0x5964, 0x5984, 0x4124, 0x4903, 0x6185, 0x6164,
    0x6164, 0x81C4, 0xCC4C, 0xC44D, 0xC44D, 0xC44D, 0xC44C, 0xC44C,
    0xC44C, 0xC44C, 0xC44C, 0xC44C, 0xC44C, 0xC42C, 0xC44C, 0xC42C,
    0xC40B, 0xBC0B, 0xBC0B, 0xBC0B, 0xBC0B, 0xBC0B, 0xC40B, 0xBBEB,
    0xBBCA, 0xC40B, 0x7246, 0x4923, 0x4103, 0x38C2, 0x38E3, 0x38E3,
    0x38C4, 0x38E4, 0x38E4, 0x38E3, 0x38E3, 0x30C3, 0x38E2, 0x79E5,
    0x8A67, 0x4123, 0x30C2, 0x4123, 0x5A87, 0x6184, 0x9A87, 0x8246,
    0x3902, 0x3902, 0x8265, 0x82A6, 0x7246, 0x4103, 0x5143, 0xA327,
    0x6A46, 0x5143, 0x79A4, 0x99E4, 0x91E4, 0xAC0C, 0xBDB2, 0xBD92,
    0xBD71, 0xBD72, 0xBD72, 0xBD72, 0xBD92, 0xBD92, 0xC592, 0xCDD3,
    0xCDF3, 0xBD10, 0x8B29, 0x61C4, 0xA42A, 0xE610, 0xFFBE, 0xFFDE,
    0xFFDE, 0xFFDE, 0xFFDE, 0xFFDE, 0xFFBD, 0xFF9C, 0xF75A, 0xF6F7,
    0xEEB4, 0xEE52, 0xE610, 0xE5EF, 0xDDCF, 0xDDCF, 0xDDD0, 0xDDD0,
    0xDDB0, 0xDDB0, 0xD5B0, 0xD5B0, 0xD5B0, 0xD5B0, 0xD5B0, 0xD5B0,
    0xD5B0, 0xD5B0, 0xD5B0, 0xD590, 0xD590, 0xD58F, 0xD58F, 0xD58F,
    0xD56F, 0xCD6F, 0xCD6F, 0xCD6F, 0xCD6F, 0xCD6F, 0xCD2D, 0xAC6E,
    0xDE34, 0xCD91, 0xCDB1, 0xCDB1, 0xCD91, 0xC591, 0xC591, 0xC591,
    0xD5F3, 0xD5D2, 0xBD0F, 0xACCF, 0xBD50, 0xA3EA, 0x7205, 0x69E5,
    0x8247, 0x92A8, 0x8A87, 0x9287, 0x9266, 0x8205, 0x71E5, 0x61A5,
    0x5984, 0x61A4, 0x6122, 0x5BB1, 0xCDD1, 0xACAF, 0xB510, 0xB530,
    0xACAC, 0x9BA9, 0x9BEA, 0x9C0A, 0x9BEA, 0x9BCA, 0x9BCA, 0x9BCA,
    0x9BC9, 0x9BC9, 0x9BC9, 0x9BC9, 0x9BC9, 0x9BC9, 0x9BCA, 0x9BCA,
    0x9BEA, 0xAC09, 0x61A2, 0x28A1, 0x40E2, 0x40E1, 0x38A1, 0x3081,
    0x2881, 0x2881, 0x2881, 0x2881, 0x2881, 0x2861, 0x2061, 0x2081,
    0x2820, 0x2188, 0x8A09, 0xC907, 0xC148, 0xC968, 0xC949, 0xC125,
    0x48A1, 0x38A1, 0x38A1, 0x40E2, 0x40A0, 0x1800, 0x0800, 0x0821,
    0x0861, 0x1880, 0x1840, 0x1840, 0x2861, 0x3061, 0x3061, 0x3081,
    0xD571, 0xD551, 0xD591, 0xB4D1, 0x8A09, 0x8A08, 0x8208, 0x79E8,
    0x79E7, 0x69C7, 0x6187, 0x6186, 0x71C6, 0x71C6, 0x71C6, 0x71A6,
    0x71A6, 0x69A6, 0x69A6, 0x69A5, 0x6185, 0x61A5, 0x6185, 0x6185,
    0x6185, 0x5964, 0x5964, 0x5984, 0x38E3, 0x5964, 0x5984, 0x6185,
    0x6144, 0xAB27, 0xCC8D, 0xC44D, 0xC44D, 0xC44D, 0xC46D, 0xC44C,
    0xC42C, 0xC44C, 0xC44C, 0xC44C, 0xC44C, 0xC42C, 0xC42C, 0xC42C,
    0xC40B, 0xC40B, 0xC40B, 0xBC0B, 0xBC0B, 0xBC0B, 0xC40B, 0xC4AC,
    0xBC0C, 0xBC0B, 0x61E6, 0x5123, 0x38E3, 0x38C3, 0x38E3, 0x38E4,
    0x38E4, 0x38E4, 0x38E4, 0x3903, 0x30C3, 0x4103, 0x8A26, 0x8A66,
    0x3923, 0x38E2, 0x4103, 0x2881, 0x7328, 0x7A67, 0x8A26, 0x4123,
    0x3902, 0x8A85, 0xB3C7, 0x7A66, 0x8B49, 0x4943, 0x6963, 0x59C4,
    0x5984, 0x6164, 0x91A4, 0x9204, 0xBCF0, 0xBDD3, 0xB571, 0xBD72,
    0xBD72, 0xBD72, 0xBD92, 0xBD92, 0xBD92, 0xBD92, 0xBD92, 0xC592,
    0xC592, 0xCDD3, 0xD634, 0xC550, 0x9B89, 0xC54F, 0xFFDF, 0xFFDE,
    0xFFFE, 0xFFFE, 0xFFFE, 0xFFFE, 0xFFDE, 0xFFDE, 0xFFDE, 0xFF9D,
    0xFF7C, 0xF75A, 0xF6F8, 0xEEB5, 0xEE72, 0xE630, 0xE60F, 0xE5EF,
    0xDDCF, 0xDDD0, 0xDDD0, 0xDDD0, 0xDDD0, 0xDDB0, 0xD5B0, 0xD5B0,
    0xD5B0, 0xD5B0, 0xD5B0, 0xD5B0, 0xD5B0, 0xD58F, 0xD58F, 0xD58F,
    0xD58F, 0xD58F, 0xD58F, 0xCD6F, 0xCD6F, 0xCD6F, 0xD58E, 0xB44C,
    0xD5F3, 0xD5D2, 0xCDB2, 0xCDB1, 0xCDB1, 0xCDB1, 0xCDB1, 0xC591,
    0xC571, 0xC591, 0xCDF3, 0xCD70, 0xACAF, 0xB551, 0xC591, 0xAC2B,
    0x7245, 0x61C5, 0x8A67, 0x92A7, 0x8A67, 0x8A67, 0x9288, 0x92A8,
    0x9287, 0x8A67, 0x9266, 0x59A7, 0x9575, 0xD5B0, 0xACCF, 0xACEF,
    0xA3EA, 0x9BCA, 0x9BCA, 0x9BCA, 0x9BCA, 0x9BCA, 0x9BCA, 0x9BCA,
    0x9BC9, 0x9BC9, 0x9BC9, 0x9BC9, 0x9BC9, 0x9BCA, 0x9BC9, 0x9BCA,
    0x9BCA, 0xAC09, 0x5941, 0x1021, 0x2881, 0x28A1, 0x30C1, 0x38C2,
    0x38A1, 0x30A1, 0x2881, 0x2881, 0x2881, 0x2881, 0x2861, 0x2881,
    0x2021, 0x322A, 0xA1A8, 0xC928, 0xC969, 0xC969, 0xD169, 0xB903,
    0x38A1, 0x38C2, 0x38A1, 0x40E1, 0x3860, 0x1000, 0x0800, 0x1022,
    0x10A2, 0x18C0, 0x28A1, 0x3861, 0x3061, 0x3081, 0x3081, 0x4102,
    0xCD51, 0xD571, 0xBD31, 0x8A4B, 0x89E7, 0x81E8, 0x79E8, 0x79C8,
    0x71C7, 0x6187, 0x61A7, 0x69A7, 0x71C7, 0x71C6, 0x71C6, 0x71A6,
    0x71A6, 0x69A6, 0x69A6, 0x69A5, 0x69A5, 0x61A5, 0x6185, 0x6185,
    0x6185, 0x5985, 0x6185, 0x4924, 0x5103, 0x6185, 0x6184, 0x6184,
    0x81E4, 0xCC6C, 0xC46D, 0xC46D, 0xC46D, 0xC46D, 0xC46D, 0xC46D,
    0xCCAD, 0xC48D, 0xC44C, 0xC44C, 0xC44C, 0xC44C, 0xC44C, 0xC42C,
    0xC40C, 0xC40B, 0xC40B, 0xBC0B, 0xBC0B, 0xBC0B, 0xBC0B, 0xBC0B,
    0xC40B, 0xBBEB, 0x59A5, 0x4923, 0x38E3, 0x38E3, 0x38E3, 0x38E4,
    0x38E4, 0x38E4, 0x38E3, 0x30C3, 0x5143, 0x9267, 0x8226, 0x3903,
    0x38E2, 0x38E3, 0x4102, 0x5963, 0x6266, 0x93AA, 0x4923, 0x30C2,
    0x5163, 0x9AC6, 0xAB47, 0x7A65, 0x8BEB, 0x6A46, 0x6943, 0x4143,
    0x5963, 0x8163, 0x9A25, 0xB4EF, 0xD5F3, 0xBD51, 0xB551, 0xBD71,
    0xBD71, 0xBD72, 0xBD72, 0xBD72, 0xBD92, 0xBD92, 0xBD92, 0xC5B2,
    0xC5B2, 0xC592, 0xCDB2, 0xD612, 0xE673, 0xE632, 0xEED7, 0xFFDE,
    0xFFDE, 0xF75C, 0xFFDE, 0xFFFE, 0xFFDE, 0xFFDE, 0xFFDE, 0xFFDE,
    0xFFDE, 0xFFBE, 0xFFBD, 0xFF9C, 0xF75A, 0xF718, 0xF6D6, 0xEE73,
    0xE631, 0xE610, 0xE5EF, 0xDDF0, 0xDDD0, 0xDDD0, 0xDDD0, 0xDDD0,
    0xDDB0, 0xD5B0, 0xD5B0, 0xD5B0, 0xD5B0, 0xD5AF, 0xD5AF, 0xD5AF,
    0xD58F, 0xD58F, 0xD58F, 0xD58F, 0xD58F, 0xCD6F, 0xD58F, 0xCCEC,
    0xAC6E, 0xDE54, 0xCDB1, 0xCDD2, 0xCDB1, 0xCDB1, 0xCDB1, 0xCDB1,
    0xCDB1, 0xC591, 0xC571, 0xC5B2, 0xD5F3, 0xC550, 0xACF0, 0xBD92,
    0xCDB1, 0xA42B, 0x6A05, 0x7206, 0x92A8, 0x8A67, 0x8A67, 0x8A47,
    0x8A87, 0x8A87, 0x8247, 0x8A05, 0x59C7, 0x7C51, 0xBDB3, 0xBCED,
    0xA3C9, 0x9BCA, 0x9BCA, 0x9BCA, 0x9BCA, 0x9BCA, 0x9BA9, 0x9BA9,
    0x9BA9, 0x9BC9, 0x9BC9, 0x9BCA, 0x9BC9, 0x9BCA, 0x9BC9, 0x9BCA,
    0xA40B, 0x9B25, 0x1800, 0x28A1, 0x3081, 0x2881, 0x2061, 0x2061,
    0x2061, 0x2061, 0x2060, 0x1840, 0x2061, 0x2861, 0x2861, 0x2860,
    0x2042, 0x424A, 0xB168, 0xD169, 0xC949, 0xC969, 0xD189, 0xA0E2,
    0x30A1, 0x40A1, 0x38A2, 0x40A1, 0x1000, 0x0020, 0x1020, 0x0800,
    0x0820, 0x2861, 0x3061, 0x2861, 0x3061, 0x3081, 0x38A1, 0x40A1,
    0xD551, 0xC572, 0x92CC, 0x89C7, 0x8208, 0x79E8, 0x79C8, 0x71C8,
    0x6187, 0x6187, 0x6187, 0x71C7, 0x71C7, 0x71C6, 0x71C6, 0x71A6,
    0x71A6, 0x69A6, 0x69A6, 0x69A5, 0x69A5, 0x6185, 0x6185, 0x6185,
    0x6185, 0x6185, 0x5985, 0x40E4, 0x6164, 0x6184, 0x69A4, 0x6964,
    0xB348, 0xCCCE, 0xC46D, 0xC48D, 0xC48D, 0xC46D, 0xC46D, 0xC46C,
    0xCCCD, 0xC4AD, 0xC44C, 0xC44C, 0xC44C, 0xC44C, 0xC44C, 0xC42C,
    0xC42C, 0xC42C, 0xC40B, 0xBC0B, 0xBC0B, 0xC40B, 0xC40B, 0xC40B,
    0xC40B, 0xB3CA, 0x5984, 0x4923, 0x38E3, 0x40E3, 0x40E4, 0x38C4,
    0x38E4, 0x38E4, 0x30E3, 0x61A4, 0x9A87, 0x7206, 0x38E3, 0x38E3,
    0x38E2, 0x4102, 0x8225, 0x69C5, 0x6246, 0xACCE, 0x30C1, 0x3902,
    0x69A3, 0x8244, 0xAB27, 0x8A85, 0x8349, 0x8AE8, 0x6922, 0x3943,
    0x7142, 0xA266, 0xB530, 0xDE54, 0xF696, 0xD613, 0xBDB2, 0xB5B2,
    0xB5B2, 0xB593, 0xBD73, 0xC5B3, 0xC5D3, 0xC5F3, 0xC5B3, 0xC592,
    0xC592, 0xC5B2, 0xCDD2, 0xD5D2, 0xDE32, 0xEE73, 0xEED7, 0xFFDF,
    0xF73B, 0xE614, 0xFFFF, 0xFFDE, 0xFFDE, 0xFFDE, 0xFFDE, 0xFFFE,
    0xFFFE, 0xFFFE, 0xFFDE, 0xFFDE, 0xFFDE, 0xFFBD, 0xFF9C, 0xFF5A,
    0xF718, 0xF6D6, 0xEE73, 0xEE51, 0xE610, 0xE5EF, 0xDDF0, 0xDDD0,
    0xDDD0, 0xDDD0, 0xDDD0, 0xDDB0, 0xD5B0, 0xD5B0, 0xD5AF, 0xD5AF,
    0xD5AF, 0xD58F, 0xD58F, 0xD58F, 0xD58F, 0xD56F, 0xCD6F, 0xD5AF,
    0xBC4A, 0xB4D0, 0xDE53, 0xCDB1, 0xCDD2, 0xCDB2, 0xCDB1, 0xCDB1,
    0xCDB1, 0xCDB1, 0xC5B1, 0xC591, 0xC591, 0xC5B2, 0xCDB2, 0xB510,
    0xAD10, 0xC5D3, 0xC54F, 0x82E7, 0x61A5, 0x8A88, 0x9287, 0x8A67,
    0x8A67, 0x8A87, 0x8A87, 0x8247, 0x8A25, 0x5943, 0x4A49, 0x738C,
    0x93EB, 0xA42B, 0xAC2B, 0xAC2B, 0xA40A, 0xA40A, 0xAC4C, 0xB46C,
    0xB44B, 0x9BCA, 0x9BC9, 0x9BC9, 0x9BC9, 0x9BCA, 0x9BCA, 0x9BCA,
    0xAC2A, 0x69C1, 0x0800, 0x30A1, 0x2881, 0x2881, 0x30A1, 0x2881,
    0x2041, 0x2040, 0x2040, 0x1840, 0x1020, 0x1020, 0x1040, 0x1840,
    0x18A5, 0x5A8B, 0xC948, 0xD169, 0xC949, 0xC96A, 0xD988, 0x80C2,
    0x30A1, 0x40C1, 0x40C1, 0x2840, 0x1020, 0x1020, 0x0800, 0x0800,
    0x1861, 0x3081, 0x3081, 0x3061, 0x3061, 0x38A1, 0x40A1, 0x40A1,
    0xCD91, 0x9B4D, 0x89C7, 0x8A08, 0x81E8, 0x79C8, 0x79C7, 0x69A7,
    0x6187, 0x6187, 0x6987, 0x71C7, 0x71C7, 0x71C6, 0x71A6, 0x71A6,
    0x71A6, 0x69A6, 0x69A5, 0x69A5, 0x61A5, 0x6185, 0x6185, 0x6185,
    0x6185, 0x6185, 0x4924, 0x5123, 0x61A5, 0x6984, 0x6984, 0x8A04,
    0xCC8C, 0xC46D, 0xC46D, 0xC46D, 0xC46D, 0xC46D, 0xC46D, 0xC46D,
    0xC44C, 0xC46C, 0xC46C, 0xC46C, 0xC44C, 0xC44C, 0xC44C, 0xC42C,
    0xC42C, 0xC42C, 0xC40C, 0xC40B, 0xC40B, 0xC40B, 0xC42C, 0xBC2B,
    0xC42B, 0xABAA, 0x5164, 0x4923, 0x38C3, 0x40E4, 0x38E4, 0x38E4,
    0x38C3, 0x38C3, 0x7A25, 0x9288, 0x59A5, 0x30E2, 0x3903, 0x30E2,
    0x4923, 0x8225, 0x9A87, 0x5984, 0x51E4, 0xCDB0, 0x4184, 0x38E2,
    0x7A24, 0x7A04, 0xA306, 0x9285, 0x72E8, 0x92E8, 0x5922, 0x5922,
    0xAB08, 0xBDB1, 0xBD91, 0xDDF4, 0xDDB3, 0x8BCC, 0x92E9, 0xCAA8,
    0xBA47, 0xB367, 0x9468, 0x8BEA, 0x838B, 0x93ED, 0xAD11, 0xC5F3,
    0xCE13, 0xCDB2, 0xCDB2, 0xD5F2, 0xE652, 0xEE94, 0xF75B, 0xFFFF,
    0xFFDE, 0xEE76, 0xF71A, 0xFFFF, 0xFFFF, 0xFFDE, 0xFFDE, 0xFFFE,
    0xFFFE, 0xFFFE, 0xFFFE, 0xFFFE, 0xFFFE, 0xFFFE, 0xFFDE, 0xFFDE,
    0xFFBD, 0xFF9C, 0xFF5A, 0xF718, 0xF6D5, 0xEE73, 0xE631, 0xE610,
    0xE5EF, 0xDDEF, 0xDDCF, 0xDDD0, 0xDDD0, 0xD5B0, 0xD5AF, 0xD5AF,
    0xD5AF, 0xD58F, 0xD58F, 0xD58F, 0xD58F, 0xD58F, 0xD58F, 0xCD6F,
    0xD5AF, 0xB3EA, 0xBD31, 0xDE53, 0xCDB1, 0xD5D2, 0xCDD2, 0xCDB1,
    0xCDB1, 0xCDB1, 0xCDB2, 0xCDB1, 0xC591, 0xC591, 0xC571, 0xCDB2,
    0xC550, 0xA4CF, 0xBD92, 0xCDD2, 0x9BEA, 0x61E5, 0x8268, 0x9287,
    0x8A67, 0x8A47, 0x8A67, 0x8A67, 0x8247, 0x8A66, 0x81C4, 0x5123,
    0x4124, 0x49A6, 0x62EA, 0x7BAD, 0x944E, 0x944E, 0x940D, 0x72C7,
    0x49E7, 0x6B6C, 0xA40A, 0x9BA9, 0x9BC9, 0x9BC9, 0x9BEA, 0x9BCA,
    0xAC09, 0x48E0, 0x1041, 0x30A1, 0x2881, 0x2881, 0x3081, 0x2860,
    0x2041, 0x2061, 0x2861, 0x2861, 0x2861, 0x2061, 0x2041, 0x1800,
    0x1127, 0x7A4A, 0xD128, 0xD169, 0xD169, 0xC969, 0xD167, 0x60A1,
    0x38A2, 0x40C2, 0x40A1, 0x1020, 0x1020, 0x1000, 0x0820, 0x0820,
    0x1861, 0x3081, 0x3081, 0x3061, 0x3081, 0x40A1, 0x40A1, 0x40A1,
    0x9BAE, 0x81C7, 0x8A08, 0x81E8, 0x79C8, 0x79C7, 0x71A7, 0x6187,
    0x6187, 0x6167, 0x71A7, 0x71C7, 0x71C6, 0x71C6, 0x71A6, 0x71A6,
    0x71A6, 0x69A6, 0x69A5, 0x69A5, 0x69A5, 0x69C5, 0x61A5, 0x6185,
    0x6185, 0x5985, 0x4104, 0x6184, 0x6185, 0x69A5, 0x7163, 0xBBA8,
    0xCCAD, 0xC46D, 0xC48D, 0xC48D, 0xC48D, 0xC46D, 0xC48D, 0xC48D,
    0xC46D, 0xC46C, 0xC46C, 0xC46C, 0xC44C, 0xC44C, 0xC44C, 0xC44C,
    0xC42C, 0xC42C, 0xC42C, 0xC40B, 0xC40C, 0xC40B, 0xC42B, 0xC40B,
    0xC42C, 0x9B4A, 0x5123, 0x4123, 0x38C3, 0x40E4, 0x40E4, 0x30C3,
    0x4103, 0x8226, 0x71E6, 0x3903, 0x30C2, 0x38E3, 0x30E2, 0x61A4,
    0x9246, 0x8A46, 0x9266, 0x5143, 0x6A04, 0xDDF1, 0x72C8, 0x38C2,
    0x71E4, 0x71E4, 0xA2E6, 0x9306, 0x4184, 0x79C4, 0x7142, 0xA2C7,
    0x9C8E, 0x7AC8, 0x7265, 0xB388, 0xAAE7, 0x7A64, 0x88E0, 0xF0E1,
    0xD881, 0xE281, 0xFFC3, 0xAD22, 0x5121, 0x48E1, 0x4943, 0x7246,
    0x9BCC, 0xBD92, 0xD633, 0xDE12, 0xE632, 0xEEB5, 0xFFBD, 0xFFFF,
    0xFFFF, 0xFFFF, 0xFF7C, 0xF6F9, 0xF73B, 0xFFFF, 0xFFDE, 0xFFFE,
    0xFFFE, 0xFFFE, 0xFFFE, 0xFFFE, 0xFFFE, 0xFFFE, 0xFFFE, 0xFFFE,
    0xFFFE, 0xFFDE, 0xFFDE, 0xFFBD, 0xFF7C, 0xF75A, 0xF6F7, 0xEEB4,
    0xEE52, 0xE610, 0xE5EF, 0xE5CF, 0xDDCF, 0xDDD0, 0xDDB0, 0xD5AF,
    0xD5AF, 0xD5AF, 0xD5AF, 0xD58F, 0xD58F, 0xD58F, 0xD58F, 0xD58F,
    0xCD8F, 0xD5AE, 0xABA9, 0xC572, 0xDE33, 0xCDB1, 0xD5D2, 0xCDD2,
    0xCDB2, 0xCDB2, 0xCDB1, 0xCD91, 0xCDB1, 0xC591, 0xC591, 0xC571,
    0xCDB3, 0xCD70, 0xA4AE, 0xB551, 0xC5D2, 0xB4CD, 0x69E4, 0x7A47,
    0x92A7, 0x8A67, 0x8A47, 0x8A46, 0x8A67, 0x8246, 0x8246, 0x8A46,
    0x8226, 0x71A4, 0x6163, 0x5943, 0x5144, 0x5984, 0x4901, 0x2126,
    0x738D, 0xA42B, 0x9BCA, 0xA3EA, 0x9BC9, 0x9BC9, 0x9BC9, 0x9BEA,
    0xA387, 0x3060, 0x2061, 0x3081, 0x2881, 0x3081, 0x3081, 0x2840,
    0x2040, 0x2061, 0x2061, 0x2060, 0x2861, 0x2861, 0x2861, 0x2820,
    0x31EA, 0x99E9, 0xD949, 0xD169, 0xD169, 0xD18A, 0xC924, 0x2840,
    0x2082, 0x38A1, 0x1800, 0x0000, 0x0000, 0x0820, 0x0800, 0x0820,
    0x2061, 0x3061, 0x3061, 0x3081, 0x40A1, 0x48A1, 0x40A1, 0x40A1,
    0x81C7, 0x81C7, 0x81C7, 0x79C7, 0x79A7, 0x71A7, 0x6987, 0x6187,
    0x6187, 0x6167, 0x71A7, 0x71C7, 0x71A6, 0x71C6, 0x71A6, 0x69A6,
    0x69A6, 0x69A5, 0x69A5, 0x69A5, 0x69A5, 0x69A5, 0x61A5, 0x6185,
    0x69A5, 0x4944, 0x5944, 0x69A5, 0x69A4, 0x6984, 0x9A65, 0xCCCC,
    0xC48D, 0xC48D, 0xC48D, 0xC48D, 0xC48D, 0xC48D, 0xC48D, 0xC46D,
    0xC46D, 0xC46C, 0xC46C, 0xC46C, 0xC44C, 0xC46C, 0xC44C, 0xC44C,
    0xC44C, 0xC42C, 0xC42C, 0xC40B, 0xC42B, 0xC42B, 0xC42B, 0xBC0B,
    0xCC4C, 0x9309, 0x4923, 0x4104, 0x38C3, 0x40E4, 0x38C3, 0x5144,
    0x7206, 0x4964, 0x30C2, 0x38E3, 0x38E3, 0x30C2, 0x71E5, 0x9267,
    0x8A26, 0x8A46, 0x9266, 0x4103, 0x8264, 0xD590, 0xA40B, 0x4102,
    0x59A4, 0x7204, 0xA306, 0x6A05, 0x4102, 0x8983, 0x8983, 0x59A4,
    0x40A1, 0x5900, 0x69E3, 0xB388, 0xBB88, 0x8AA5, 0x5922, 0xD202,
    0xD2A2, 0x7122, 0x6A83, 0x7A03, 0x5142, 0x5962, 0x6962, 0x8222,
    0xA2E2, 0x69C5, 0x8B8B, 0xDE12, 0xEE93, 0xEEB5, 0xFFDE, 0xFFFF,
    0xFFFF, 0xFFFF, 0xFFFF, 0xEEB7, 0xF75C, 0xFFFF, 0xFFFF, 0xFFDE,
    0xFFDE, 0xFFFF, 0xFFDE, 0xFFDE, 0xFFFE, 0xFFFE, 0xFFFE, 0xFFFE,
    0xFFFE, 0xFFFE, 0xFFFF, 0xFFFE, 0xFFDE, 0xFFDE, 0xFFBD, 0xFF7B,
    0xF739, 0xF6F7, 0xEE94, 0xEE51, 0xE60F, 0xE5EF, 0xDDCF, 0xDDCF,
    0xDDCF, 0xDDAF, 0xD5AF, 0xD5AF, 0xD58F, 0xD58F, 0xD58F, 0xD58F,
    0xD58F, 0xD58F, 0xD58E, 0xA389, 0xC593, 0xDE32, 0xCDB1, 0xD5D2,
    0xD5D2, 0xCDD2, 0xCDB1, 0xCDB1, 0xCDB1, 0xCD91, 0xC591, 0xC591,
    0xC571, 0xC5B2, 0xC550, 0xA48E, 0xB551, 0xC5B2, 0xBCCD, 0x69C4,
    0x7A27, 0x9287, 0x8A67, 0x8A47, 0x8A46, 0x8A46, 0x8246, 0x8226,
    0x8226, 0x8226, 0x8A26, 0x8A26, 0x9246, 0x6123, 0x4AED, 0x9C0D,
    0x9B89, 0x9BC9, 0x9BCA, 0x9BEA, 0xA3C9, 0x9BC9, 0x9BC9, 0xA40A,
    0x9B45, 0x2020, 0x2081, 0x30A1, 0x2881, 0x3081, 0x3081, 0x2840,
    0x2040, 0x2060, 0x2860, 0x2060, 0x2860, 0x2861, 0x2860, 0x2042,
    0x426A, 0xB968, 0xD969, 0xD169, 0xD169, 0xD989, 0xA8E2, 0x1840,
    0x1840, 0x1860, 0x1881, 0x20A1, 0x1840, 0x0820, 0x1020, 0x0820,
    0x1040, 0x1861, 0x2081, 0x2881, 0x2860, 0x2061, 0x2881, 0x3060,
    0x79C7, 0x79A7, 0x79A6, 0x79A7, 0x79A7, 0x6987, 0x6167, 0x6167,
    0x6167, 0x6166, 0x71A7, 0x71A7, 0x71A6, 0x71A6, 0x69A6, 0x69A6,
    0x69A6, 0x69A6, 0x69A5, 0x69A5, 0x61A5, 0x6185, 0x61A5, 0x61A5,
    0x5985, 0x4904, 0x69A5, 0x71A5, 0x7A05, 0x79C4, 0xC42A, 0xC4CE,
    0xC48D, 0xC48D, 0xC4AD, 0xC48D, 0xCC8D, 0xCC8D, 0xCC8D, 0xC48D,
    0xC46C, 0xC46C, 0xC48C, 0xC46C, 0xC46C, 0xC46C, 0xC44C, 0xC44C,
    0xC44C, 0xC42C, 0xC42C, 0xC42C, 0xC42B, 0xC42B, 0xC42C, 0xBC0B,
    0xCC4C, 0x82C8, 0x4903, 0x38E4, 0x40E4, 0x38E4, 0x4944, 0x5984,
    0x38E3, 0x30C2, 0x4103, 0x38E3, 0x38E2, 0x79E5, 0x8A67, 0x8A26,
    0x8A46, 0x8A46, 0x8A46, 0x4963, 0x9285, 0xC50E, 0xB4AD, 0x5942,
    0x4943, 0x71E4, 0x92C6, 0x4143, 0x5943, 0x99C3, 0x6102, 0x48E1,
    0x6942, 0xBA02, 0x9AA4, 0xAB48, 0xAAE7, 0x69E4, 0x69C2, 0x8242,
    0x7A02, 0x4142, 0x5142, 0xD3E3, 0xC424, 0x8AC4, 0x8223, 0xDE84,
    0xD4C4, 0x9A02, 0x38E1, 0x51E5, 0xBD2E, 0xFF38, 0xFFFF, 0xFFFF,
    0xFFFF, 0xFFFF, 0xFFFF, 0xFFFF, 0xF73A, 0xDD6F, 0xE675, 0xFFFF,
    0xFFDE, 0xFFFE, 0xFFFE, 0xFFFE, 0xFFFE, 0xFFFE, 0xFFFE, 0xFFFE,
    0xFFFE, 0xFFFE, 0xFFFE, 0xFFFE, 0xFFFE, 0xFFFE, 0xFFFE, 0xFFDE,
    0xFFBE, 0xFF9D, 0xFF7B, 0xF739, 0xF6D6, 0xEE73, 0xE630, 0xE5EF,
    0xE5CF, 0xDDCF, 0xDDCF, 0xDDAF, 0xD5AF, 0xD5AF, 0xD58F, 0xD58F,
    0xD58F, 0xD58F, 0xD5AF, 0xD56E, 0xA389, 0xCDB3, 0xDE12, 0xD5B2,
    0xD5D2, 0xCDD2, 0xCDD1, 0xCDB1, 0xCDB1, 0xCDB2, 0xCDB1, 0xC5B1,
    0xC591, 0xC591, 0xC591, 0xC592, 0xACF0, 0xB531, 0xC5B2, 0xBD2E,
    0x7266, 0x7A27, 0x9287, 0x8A67, 0x8A47, 0x8A46, 0x8A46, 0x8226,
    0x8226, 0x8226, 0x8206, 0x8225, 0x6964, 0x5B4E, 0x93AA, 0x8308,
    0x9BEA, 0x9BCA, 0x9BC9, 0x9BC9, 0x9BC9, 0x9BCA, 0x9BC9, 0xA40A,
    0x92C4, 0x1800, 0x28A1, 0x3081, 0x2881, 0x3081, 0x3081, 0x2860,
    0x2040, 0x2061, 0x2861, 0x2060, 0x2860, 0x2861, 0x2840, 0x20C5,
    0x6A8B, 0xD148, 0xD169, 0xD169, 0xD169, 0xE188, 0x80A1, 0x2061,
    0x3881, 0x1822, 0x4AA9, 0xA388, 0x6982, 0x30A2, 0x38E2, 0x38E2,
    0x38A1, 0x39C6, 0x8B48, 0x82E7, 0x8328, 0x8B06, 0x69E3, 0x38E1,
    0x79A6, 0x79A6, 0x7186, 0x7186, 0x6986, 0x6166, 0x6986, 0x6166,
    0x6166, 0x6966, 0x71A6, 0x71A6, 0x71A6, 0x71A6, 0x69A6, 0x69A6,
    0x69A6, 0x69A5, 0x69A5, 0x69A5, 0x69A5, 0x61A5, 0x61A5, 0x69A5,
    0x4944, 0x6164, 0x69A5, 0x71A4, 0x79C4, 0xAB27, 0xCD0E, 0xC4AD,
    0xCCAD, 0xCCAD, 0xC4AD, 0xC4AD, 0xCC8D, 0xCC8D, 0xCCAD, 0xC48D,
    0xCC8D, 0xC46C, 0xD4CD, 0xD52E, 0xC48D, 0xC46C, 0xC46C, 0xC44C,
    0xC44C, 0xC44C, 0xC44C, 0xC44C, 0xC42C, 0xC40C, 0xC42C, 0xC40C,
    0xC44D, 0x7248, 0x4903, 0x38E4, 0x40E3, 0x40E3, 0x4103, 0x38C3,
    0x38E3, 0x4103, 0x38E2, 0x38E2, 0x7A05, 0x8A46, 0x8246, 0x8A46,
    0x8A46, 0x9246, 0x9B69, 0x7A85, 0x9AC5, 0xB46C, 0xBCEE, 0x6183,
    0x4123, 0x61A4, 0x61E4, 0x3922, 0x7143, 0x9142, 0x6921, 0x81A1,
    0xCAA3, 0xFBC4, 0xD303, 0x79E4, 0x71A3, 0x5102, 0x79E2, 0xC322,
    0xA201, 0x79A2, 0x91E3, 0xC3C3, 0xEDC5, 0x9B44, 0x93C3, 0xF764,
    0xCB63, 0xA363, 0x49A3, 0x3902, 0x4942, 0xCD72, 0xFFFF, 0xFFFF,
    0xFFFF, 0xFFFF, 0xFFFF, 0xFFFF, 0xF77C, 0xD54E, 0xD52D, 0xEF1A,
    0xFFFF, 0xFFDE, 0xFFFE, 0xFFFE, 0xFFFE, 0xFFFE, 0xFFFE, 0xFFFE,
    0xFFFE, 0xFFFE, 0xFFFE, 0xFFFE, 0xFFFE, 0xFFFE, 0xFFFE, 0xFFFE,
    0xFFFE, 0xFFFE, 0xFFDE, 0xFFDE, 0xFFBD, 0xFF7B, 0xF718, 0xF6B5,
    0xEE51, 0xE60F, 0xE5CE, 0xDDCF, 0xDDCF, 0xDDAF, 0xDDAF, 0xD5AF,
    0xD58F, 0xD58F, 0xD58F, 0xD5B0, 0xD56D, 0xA38A, 0xCDD3, 0xDE12,
    0xD5B2, 0xD5D2, 0xD5D2, 0xCDD1, 0xCDB1, 0xCDB1, 0xCDB1, 0xCDB1,
    0xCD91, 0xC591, 0xC591, 0xC592, 0xCDB2, 0xACF0, 0xB551, 0xBD92,
    0xC570, 0x7A86, 0x8247, 0x9287, 0x8A47, 0x8A46, 0x8A46, 0x8A46,
    0x8226, 0x8226, 0x8226, 0x81C5, 0x62EC, 0x8B28, 0x7AC8, 0xA40B,
    0x9BCA, 0x9BC9, 0x9BC9, 0x9BC9, 0xA3C9, 0x9BC9, 0x9BC9, 0xA3C9,
    0x71C2, 0x1000, 0x30C2, 0x38A1, 0x2881, 0x3081, 0x3081, 0x3081,
    0x2840, 0x2040, 0x2040, 0x2040, 0x2040, 0x2861, 0x2800, 0x21A9,
    0x9209, 0xD928, 0xD189, 0xD989, 0xD16A, 0xD966, 0x5060, 0x2061,
    0x3060, 0x1862, 0x5B09, 0xA367, 0x6162, 0x38C2, 0x48E2, 0x40E2,
    0x40C2, 0x5208, 0x93C9, 0xA3A9, 0x8AA5, 0x51A4, 0x5288, 0x8B68,
    0x7986, 0x7186, 0x7186, 0x7186, 0x6166, 0x6966, 0x6186, 0x6166,
    0x5946, 0x6966, 0x71A6, 0x69A6, 0x69A6, 0x69A6, 0x69A6, 0x69A6,
    0x69A6, 0x69A6, 0x69A5, 0x69A5, 0x69A5, 0x61A5, 0x69A5, 0x61A5,
    0x4924, 0x7A06, 0x9B4B, 0x7A06, 0x89C4, 0xCCAC, 0xC4CE, 0xCCCD,
    0xCCAD, 0xCCAD, 0xCCAD, 0xCCAD, 0xCCAD, 0xCCAD, 0xCCAD, 0xCCAD,
    0xCC8D, 0xCC8D, 0xCC8C, 0xCCAD, 0xC48D, 0xC46C, 0xC46C, 0xC44C,
    0xC44C, 0xC44C, 0xC40C, 0xC40C, 0xC42B, 0xBC2C, 0xC42C, 0xBC2C,
    0xC44D, 0x7228, 0x4103, 0x38E3, 0x4103, 0x40E3, 0x38E3, 0x38E3,
    0x40E3, 0x38E3, 0x38E2, 0x8205, 0x8A47, 0x8226, 0x8A46, 0x8A46,
    0x8A46, 0xB42A, 0x9BEA, 0x5183, 0xA306, 0xA388, 0xC570, 0x8205,
    0x4102, 0x4143, 0x4143, 0x5103, 0xBAA3, 0xA2A2, 0x69C2, 0xC342,
    0xEB63, 0xE2E2, 0xDAC2, 0x5102, 0x40E1, 0x5921, 0x5962, 0x9A42,
    0xED24, 0xE482, 0xAA22, 0x9AA3, 0xAB25, 0x8AC2, 0x8264, 0x6A02,
    0x7A03, 0x7223, 0x59E3, 0x59E3, 0x7A44, 0xABC5, 0xDE14, 0xFFFF,
    0xFFFF, 0xFFFF, 0xFFFF, 0xFFFF, 0xFFFF, 0xEEB7, 0xD550, 0xDDB2,
    0xFFFF, 0xFFFE, 0xFFFE, 0xFFFE, 0xFFFE, 0xFFDF, 0xFFFE, 0xFFFE,
    0xFFFE, 0xFFFE, 0xFFFE, 0xFFFE, 0xFFFE, 0xFFFE, 0xFFFE, 0xFFFE,
    0xFFFE, 0xFFFE, 0xFFFE, 0xFFFE, 0xFFFE, 0xFFDE, 0xFFBD, 0xFF9C,
    0xF739, 0xF6D6, 0xEE72, 0xE630, 0xE5EF, 0xE5CF, 0xDDCF, 0xDDAF,
    0xDDAF, 0xD5AF, 0xD58F, 0xD58F, 0xD5B0, 0xD54D, 0xABCB, 0xD614,
    0xDDF2, 0xD5D2, 0xD5D2, 0xD5D2, 0xCDD2, 0xCDB1, 0xCDB1, 0xCDB1,
    0xCD92, 0xC591, 0xC591, 0xC591, 0xC591, 0xCDB2, 0xB510, 0xB551,
    0xBD92, 0xC54F, 0x7A86, 0x8247, 0x9267, 0x8A67, 0x8A46, 0x8A46,
    0x8226, 0x8226, 0x8A46, 0x6984, 0x4A07, 0x82C8, 0x9C0A, 0x9BCA,
    0x9BCA, 0x9BEA, 0x9BC9, 0x9BC9, 0x9BC9, 0x9BCA, 0xA40A, 0x9327,
    0x7182, 0x1020, 0x38E2, 0x40C1, 0x2881, 0x3081, 0x3081, 0x3081,
    0x3060, 0x2840, 0x2040, 0x2840, 0x2840, 0x2840, 0x2022, 0x424A,
    0xC168, 0xD948, 0xD169, 0xD969, 0xD969, 0xC124, 0x3040, 0x2861,
    0x3060, 0x18A4, 0x6B2A, 0x9B26, 0x5102, 0x5984, 0x7984, 0x7184,
    0x7963, 0x7289, 0x9347, 0x5962, 0x3A09, 0x8CD2, 0xC5F2, 0xC54F,
    0x7186, 0x7186, 0x7186, 0x6966, 0x6166, 0x6166, 0x6166, 0x6166,
    0x6166, 0x6986, 0x71A6, 0x69A6, 0x69A6, 0x69A6, 0x69A6, 0x69A6,
    0x69A6, 0x69A6, 0x69A5, 0x69A5, 0x61A5, 0x6185, 0x69C5, 0x4944,
    0x6184, 0x71C5, 0x8A67, 0xAB8B, 0xBBC9, 0xCCEE, 0xCCAD, 0xCCCD,
    0xCD0D, 0xCD0E, 0xCCCF, 0xCCAE, 0xCCAD, 0xCCAD, 0xCCAD, 0xCCAD,
    0xCC8D, 0xCC8D, 0xCC8C, 0xCC8C, 0xCC8C, 0xC46C, 0xCC6C, 0xC46C,
    0xC44C, 0xCC6C, 0xD50C, 0xC50D, 0xC46E, 0xC42D, 0xC42D, 0xC42D,
    0xC44D, 0x69E6, 0x4103, 0x38E3, 0x4103, 0x4103, 0x4103, 0x4103,
    0x30E3, 0x4103, 0x8226, 0x8A47, 0x8226, 0x8A46, 0x8A46, 0x8A66,
    0xB44B, 0xC4ED, 0x93AA, 0x38E2, 0x8A65, 0x9285, 0xB44B, 0x92C8,
    0x5902, 0x4143, 0x4123, 0x91A3, 0xCC23, 0x9AC2, 0xD443, 0x7262,
    0xAAE4, 0xE2A2, 0xE222, 0x6962, 0x79E2, 0x8A02, 0x69A1, 0x5901,
    0xBC65, 0xFF69, 0xEDC4, 0xA2C2, 0x69A2, 0x7A43, 0x9B04, 0x69E2,
    0x4983, 0x6A03, 0x7AA4, 0x7AA4, 0x9B45, 0xBC89, 0xCD28, 0xEED7,
    0xFFFF, 0xFFFF, 0xFFFF, 0xFFFF, 0xFFFF, 0xFFDE, 0xE634, 0xDD71,
    0xEEFA, 0xFFFF, 0xFFDE, 0xFFFE, 0xFFFE, 0xFFDF, 0xFFFF, 0xFFFF,
    0xFFFE, 0xFFFE, 0xFFFF, 0xFFFF, 0xFFFE, 0xFFFE, 0xFFFE, 0xFFFE,
    0xFFFE, 0xFFFE, 0xFFFE, 0xFFFE, 0xFFFE, 0xFFFE, 0xFFFE, 0xFFDE,
    0xFFDE, 0xFFBD, 0xFF7B, 0xF718, 0xF6B5, 0xEE51, 0xE60F, 0xE5EE,
    0xDDCE, 0xDDCF, 0xDDAF, 0xD5AF, 0xD58F, 0xD5B0, 0xD52D, 0xABEC,
    0xDE54, 0xD5D1, 0xD5D2, 0xD5D2, 0xD5D2, 0xCDD2, 0xCDB2, 0xCDB1,
    0xCDB1, 0xCDB1, 0xC591, 0xC591, 0xC591, 0xC591, 0xC592, 0xB510,
    0xBD71, 0xBD92, 0xBD2E, 0x7245, 0x8A67, 0x9267, 0x8A46, 0x8A46,
    0x8A46, 0x8226, 0x8A25, 0x59C5, 0x6309, 0xA3EB, 0xA3EA, 0x9BCA,
    0x9BCA, 0x9BCA, 0x9BC9, 0x9BCA, 0x9BCA, 0x9C2C, 0x93CA, 0x9B88,
    0x71C1, 0x1840, 0x38E2, 0x48C1, 0x2881, 0x2881, 0x2881, 0x3081,
    0x3081, 0x2860, 0x2040, 0x2040, 0x2041, 0x2820, 0x20C5, 0x6A6A,
    0xD948, 0xD969, 0xD969, 0xD169, 0xE189, 0x90C1, 0x2061, 0x30A1,
    0x4060, 0x1905, 0x7BAA, 0x9AE5, 0x48C2, 0x6164, 0x7184, 0x79A4,
    0x6102, 0x28A1, 0x2124, 0x6BEF, 0xC5F3, 0xCDB2, 0xBD71, 0xBD2F,
    0x7186, 0x7186, 0x6986, 0x6166, 0x6166, 0x6166, 0x6166, 0x6166,
    0x6166, 0x6966, 0x71A6, 0x71A6, 0x69A6, 0x6986, 0x6986, 0x69A6,
    0x69A6, 0x69A6, 0x69A6, 0x61A5, 0x61A5, 0x69A5, 0x61A5, 0x5124,
    0x71C5, 0x71E5, 0x7184, 0xAB08, 0xE5D2, 0xCCAD, 0xCCEE, 0xCCCE,
    0xCCCD, 0xCCEE, 0xCD0F, 0xD4F0, 0xD4CF, 0xCCCD, 0xCCAD, 0xCCAD,
    0xCCAD, 0xCCAD, 0xCC8D, 0xCC8D, 0xCC8C, 0xCC8C, 0xC46C, 0xC46C,
    0xC46C, 0xCC4C, 0xD4CC, 0xC54D, 0xC4B0, 0xCC2F, 0xC42D, 0xC44D,
    0xB40D, 0x59A5, 0x4103, 0x38E3, 0x4103, 0x4103, 0x4103, 0x30C3,
    0x4923, 0x8A46, 0x8A47, 0x8226, 0x8A46, 0x8A46, 0x8A66, 0xABEA,
    0xBD0D, 0xC4CD, 0x93A9, 0x4102, 0x79C3, 0x8A24, 0x9AC5, 0x8286,
    0x7942, 0x3923, 0x5903, 0xB303, 0x8222, 0xD382, 0xFD43, 0xA322,
    0x40A1, 0x79E2, 0x8942, 0x9AC4, 0xC4A8, 0x81C3, 0x5921, 0x7A03,
    0xB426, 0xFEC8, 0xFE86, 0xE5C5, 0x5943, 0x5101, 0x8262, 0x8242,
    0x7A44, 0x7A84, 0x8B05, 0x9B65, 0xB3E6, 0xDE29, 0xFE8B, 0xDD6B,
    0xF77D, 0xFFFF, 0xFFFF, 0xFFFF, 0xFFFF, 0xFFFF, 0xE655, 0xCCEE,
    0xE677, 0xFFFF, 0xFFDE, 0xFFFE, 0xFFFE, 0xFFDF, 0xFFDF, 0xFFDF,
    0xFFDF, 0xFFFF, 0xFFDF, 0xFFDF, 0xFFFE, 0xFFFE, 0xFFFE, 0xFFFE,
    0xFFFE, 0xFFFE, 0xFFFE, 0xFFFE, 0xFFFE, 0xFFFE, 0xFFFE, 0xFFFF,
    0xFFFF, 0xFFFE, 0xFFDE, 0xFFBE, 0xFF9C, 0xFF5A, 0xF717, 0xEEB4,
    0xEE51, 0xE5EF, 0xE5CE, 0xDDAE, 0xDDAF, 0xD58F, 0xDDD0, 0xCCAB,
    0xAC4E, 0xE674, 0xD5D2, 0xD5D2, 0xD5D2, 0xD5D2, 0xCDD2, 0xCDB1,
    0xCDB1, 0xCDB1, 0xCD91, 0xC591, 0xC591, 0xC591, 0xC591, 0xC571,
    0xACF0, 0xBD71, 0xC5B2, 0xB46B, 0x7205, 0x9287, 0x8A67, 0x8A46,
    0x8A46, 0x8226, 0x8A46, 0x6164, 0x52C9, 0x93A9, 0x93AA, 0xA3CA,
    0x9BCA, 0x9BCA, 0x9BCA, 0x9BCA, 0x9BEA, 0x9BCA, 0x8308, 0x9B67,
    0x5120, 0x1861, 0x4102, 0x38A1, 0x30A1, 0x40E1, 0x40C2, 0x40E2,
    0x48E1, 0x40A1, 0x3881, 0x3060, 0x2861, 0x2820, 0x31C9, 0x9A09,
    0xE149, 0xD969, 0xE189, 0xD98A, 0xE187, 0x60A1, 0x30A1, 0x40C2,
    0x3840, 0x2188, 0x8C6C, 0x9326, 0x59C5, 0x8B06, 0xA283, 0x60C2,
    0x1864, 0x2185, 0x5B89, 0xC5AF, 0xCD72, 0xC592, 0xBD92, 0xBD4F,
    0x7166, 0x7185, 0x6986, 0x6166, 0x6165, 0x6165, 0x6165, 0x6165,
    0x5965, 0x6965, 0x71A6, 0x69A6, 0x69A6, 0x69A6, 0x69A6, 0x69A6,
    0x69A6, 0x69A6, 0x69A6, 0x69A6, 0x69A5, 0x71C6, 0x4945, 0x6985,
    0x71C5, 0x79C5, 0x91E5, 0xC409, 0xD570, 0xDD71, 0xCCCD, 0xCCCE,
    0xCCCE, 0xCCCE, 0xD4ED, 0xCD0E, 0xCCCD, 0xCCCD, 0xCCCD, 0xCCAD,
    0xCCAD, 0xCCAD, 0xCCAD, 0xCC8D, 0xCC8D, 0xCC8D, 0xC48D, 0xC46D,
    0xC46D, 0xC44D, 0xC42D, 0xC40D, 0xC42C, 0xC42C, 0xC42D, 0xCC6D,
    0xA38B, 0x4923, 0x4103, 0x4103, 0x4123, 0x4103, 0x30E3, 0x5164,
    0x9267, 0x8A67, 0x8A47, 0x8A47, 0x8A47, 0x8A26, 0xABCA, 0xBCCD,
    0xBCCD, 0xC4ED, 0xA40B, 0x3902, 0x6982, 0x8A24, 0x9244, 0x61A3,
    0x8163, 0x4923, 0x89A3, 0x6122, 0x9303, 0xFE66, 0x8B03, 0x58E1,
    0x7982, 0x5163, 0x92A3, 0x7A42, 0x5182, 0x6141, 0x6981, 0x8204,
    0xC512, 0xEEF5, 0xFE6F, 0xF568, 0xCBC3, 0x9AC4, 0x8202, 0x8A62,
    0x8284, 0x82A4, 0xABA6, 0xBC47, 0xE646, 0xFFA8, 0xF6AD, 0xEE4F,
    0xE696, 0xFFFF, 0xFFFF, 0xFFFF, 0xFFFF, 0xFFFF, 0xFF9D, 0xD550,
    0xDDD4, 0xFFFF, 0xFFDE, 0xFFFE, 0xFFFE, 0xFFFE, 0xFFDF, 0xFFDF,
    0xFFDF, 0xFFDF, 0xFFDF, 0xFFDF, 0xFFDF, 0xFFFE, 0xFFFE, 0xFFFE,
    0xFFFF, 0xFFFF, 0xFFFE, 0xFFFE, 0xFFFE, 0xFFFE, 0xFFFE, 0xFFFE,
    0xFFFE, 0xFFFE, 0xFFFE, 0xFFFE, 0xFFDE, 0xFFDE, 0xFFBD, 0xFF9C,
    0xF75A, 0xF6F6, 0xEE73, 0xE610, 0xE5CE, 0xDDCE, 0xDDAE, 0xDDF0,
    0xBC2A, 0xB4D0, 0xDE53, 0xD5D2, 0xD5D2, 0xD5D2, 0xD5D2, 0xD5D2,
    0xCDB2, 0xCDB1, 0xCDB1, 0xCD91, 0xC591, 0xC591, 0xC591, 0xC591,
    0xC571, 0xACF0, 0xBD71, 0xC5B1, 0x9B67, 0x6A06, 0x9287, 0x8A46,
    0x8A46, 0x8A46, 0x8226, 0x9266, 0x50C1, 0x18C3, 0x7B6A, 0xA3EA,
    0x9BCA, 0x9BCA, 0x9BCA, 0x9BCA, 0xA3C9, 0x8AC6, 0x7A87, 0x8285,
    0x2860, 0x20A2, 0x4902, 0x40C2, 0x40E2, 0x48E2, 0x48E2, 0x4902,
    0x4902, 0x48E2, 0x48E2, 0x4102, 0x48E1, 0x40C3, 0x5A8A, 0xC188,
    0xE189, 0xE1AA, 0xE189, 0xE18A, 0xC924, 0x3880, 0x30A1, 0x40C1,
    0x3040, 0x29C7, 0x938A, 0x8247, 0x430D, 0x9D68, 0x92E0, 0x4901,
    0x48E3, 0x40E3, 0x5288, 0x9BA8, 0x9410, 0xBDD3, 0xBD92, 0xBD50,
    0x6965, 0x6985, 0x6165, 0x6165, 0x6165, 0x6165, 0x6145, 0x6145,
    0x5945, 0x6966, 0x71A6, 0x69A6, 0x6986, 0x6986, 0x69A6, 0x69A6,
    0x6986, 0x69A5, 0x6985, 0x69A6, 0x71A6, 0x5985, 0x5124, 0x79C5,
    0x79C5, 0x89E5, 0xBB27, 0xCCCD, 0xCCEE, 0xDD71, 0xD550, 0xCCCE,
    0xCCCE, 0xCCCE, 0xCCCE, 0xCCCE, 0xCCCD, 0xCCCE, 0xCCCD, 0xCCAD,
    0xCCAD, 0xCC8C, 0xCC8C, 0xCC8C, 0xCC8D, 0xCC8D, 0xC48D, 0xC46D,
    0xC46D, 0xC44D, 0xC44D, 0xC44D, 0xC44D, 0xC42D, 0xC42C, 0xCC6D,
    0x82A8, 0x40E2, 0x4103, 0x4103, 0x4123, 0x38E3, 0x61A4, 0x9287,
    0x8A67, 0x8A47, 0x8A47, 0x8A67, 0x8226, 0xA3AA, 0xBCCD, 0xBCAD,
    0xC4EE, 0xC50E, 0xA42B, 0x3943, 0x7A87, 0x81C2, 0x9244, 0x7A04,
    0x7983, 0x7963, 0x8983, 0x50C1, 0xC526, 0x8304, 0x5101, 0x6162,
    0x7101, 0xCB61, 0xEC63, 0xC321, 0x9200, 0x8B05, 0x8A23, 0x9941,
    0x60C1, 0x59C4, 0xB406, 0xF5C8, 0xFE07, 0xD4A6, 0xAB03, 0x8202,
    0x6982, 0x51C3, 0xAC27, 0xCD08, 0xDDC9, 0xDDEC, 0xCD6C, 0xC52B,
    0xD54E, 0xFFFF, 0xFFFF, 0xFFFF, 0xFFFF, 0xFFFF, 0xFFFF, 0xEE33,
    0xDDB2, 0xF75B, 0xFFFF, 0xFFDE, 0xFFFE, 0xFFFE, 0xFFDF, 0xFFDE,
    0xFFDE, 0xFFDF, 0xFFDF, 0xFFDF, 0xFFDF, 0xFFFE, 0xFFFE, 0xFFFE,
    0xFFFF, 0xFFFF, 0xFFFE, 0xFFFE, 0xFFFE, 0xFFFE, 0xFFFE, 0xFFFE,
    0xFFFE, 0xFFFE, 0xFFFE, 0xFFFE, 0xFFFE, 0xFFFE, 0xFFDE, 0xFFDE,
    0xFFDE, 0xFFBD, 0xFF7B, 0xF739, 0xEEB5, 0xEE51, 0xE5EE, 0xDDAE,
    0xE5EF, 0xB3CA, 0xC572, 0xDE32, 0xD5D2, 0xD5F2, 0xD5D2, 0xD5D1,
    0xD5D2, 0xD5D1, 0xCDD1, 0xCDB1, 0xCDB1, 0xCDB1, 0xC591, 0xC591,
    0xC592, 0xC571, 0xACEF, 0xBD92, 0xC54F, 0x8265, 0x7206, 0x9287,
    0x8A46, 0x8A26, 0x9266, 0x6122, 0x4A08, 0x940B, 0xA3EA, 0x9BCA,
    0x9BCA, 0x9BCA, 0x9BCA, 0x9BC9, 0x8AC6, 0x7266, 0x7AA7, 0x71E3,
    0x1820, 0x38E2, 0x40E2, 0x40E2, 0x40E2, 0x48E2, 0x48E1, 0x40C1,
    0x3081, 0x3081, 0x3081, 0x30A1, 0x3060, 0x2947, 0x7A4A, 0xE169,
    0xE1CA, 0xE1CA, 0xD9CA, 0xE9CA, 0x90C1, 0x1840, 0x2861, 0x3081,
    0x2841, 0x4269, 0x9BA8, 0x79E4, 0x51A6, 0x4942, 0x2942, 0x5942,
    0x48E2, 0x30A2, 0x5289, 0x9389, 0x8B6C, 0xA554, 0xC5B3, 0xBD50,
    0x6965, 0x6965, 0x6165, 0x6165, 0x6165, 0x6145, 0x5945, 0x5945,
    0x5946, 0x6166, 0x6986, 0x6986, 0x6986, 0x6986, 0x6986, 0x6986,
    0x6986, 0x6986, 0x6986, 0x6985, 0x69C6, 0x4925, 0x7185, 0x79E6,
    0x79C5, 0xA265, 0xCCAC, 0xCCEE, 0xCCEE, 0xCCEE, 0xDDB2, 0xD52F,
    0xCD0E, 0xCD0F, 0xCCEE, 0xD52E, 0xCCEE, 0xCCCD, 0xCCCD, 0xCCAD,
    0xCC8C, 0xCC6C, 0xCC4C, 0xCC4C, 0xC44C, 0xC44C, 0xC44D, 0xC46D,
    0xC46D, 0xC46E, 0xC44D, 0xC44D, 0xC44D, 0xC44D, 0xBC2C, 0xCC6D,
    0x7A87, 0x40E2, 0x4103, 0x4103, 0x38E3, 0x69E5, 0x92A8, 0x8A67,
    0x8A67, 0x8A67, 0x8A67, 0x8226, 0xA369, 0xBCAD, 0xBC8D, 0xBCED,
    0xC50E, 0xC50E, 0xAC6C, 0x3923, 0x72C8, 0x938A, 0x81E3, 0x69A3,
    0x5943, 0x91A3, 0x8143, 0x7182, 0xAB43, 0x6961, 0xA303, 0xAAA1,
    0xE468, 0xFE32, 0xFEF6, 0xFED3, 0xFDEC, 0xE509, 0xCAA3, 0xA982,
    0x6962, 0x7921, 0x6900, 0x8AA3, 0xD525, 0xF588, 0xB324, 0x9A42,
    0x3942, 0x28C2, 0x59E3, 0xCD48, 0xE62B, 0xE5ED, 0xC4CA, 0xBC89,
    0xD54D, 0xF75C, 0xFFFF, 0xFFFF, 0xFFFF, 0xFFFF, 0xFFFF, 0xF71A,
    0xEE35, 0xE656, 0xFFFF, 0xFFDE, 0xFFFE, 0xFFFE, 0xFFDF, 0xFFDF,
    0xFFFF, 0xFFFF, 0xFFFE, 0xFFDF, 0xFFDF, 0xFFFE, 0xFFFE, 0xFFFE,
    0xFFFE, 0xFFFE, 0xFFFE, 0xFFFE, 0xFFFE, 0xFFFE, 0xFFFE, 0xFFFE,
    0xFFFE, 0xFFFE, 0xFFFE, 0xFFFE, 0xFFFE, 0xFFFE, 0xFFFE, 0xFFFE,
    0xFFFE, 0xFFDE, 0xFFDE, 0xFFBD, 0xFF9C, 0xF75A, 0xF6D6, 0xEE52,
    0xE60F, 0xE5AD, 0xB3CB, 0xD613, 0xE632, 0xDE13, 0xDE33, 0xDE12,
    0xDDF1, 0xD5F1, 0xD5D1, 0xD5D1, 0xCDD1, 0xCDB1, 0xCDB1, 0xCDB1,
    0xC591, 0xC5B2, 0xCD71, 0xACCF, 0xBD92, 0xBCCC, 0x71E4, 0x7A47,
    0x9267, 0x9287, 0x6102, 0x428A, 0xB4CD, 0xA3EA, 0x9BEA, 0xA3EA,
    0x9BCA, 0x9BCA, 0x9BE9, 0x8AC6, 0x7246, 0x7A86, 0x8285, 0x38A0,
    0x2082, 0x4102, 0x4102, 0x4902, 0x40E1, 0x38A1, 0x3081, 0x2881,
    0x2881, 0x3081, 0x2881, 0x2860, 0x2821, 0x3A4B, 0xB9EA, 0xE9AA,
    0xE9EB, 0xE1A9, 0xE1CB, 0xE9A7, 0x5060, 0x2061, 0x3081, 0x3080,
    0x1842, 0x52EA, 0xA346, 0x48E1, 0x5164, 0x60C1, 0x1082, 0x40E2,
    0x38C2, 0x30C3, 0x62EA, 0x9389, 0x8B49, 0x9451, 0xBDF4, 0xBD50,
    0x6165, 0x6165, 0x6165, 0x6165, 0x6145, 0x5945, 0x5945, 0x5945,
    0x5946, 0x6146, 0x71A6, 0x69A7, 0x6986, 0x6986, 0x6986, 0x6986,
    0x6986, 0x6986, 0x6186, 0x69A6, 0x5965, 0x5924, 0x79E6, 0x79E6,
    0x89C4, 0xC44B, 0xCD2F, 0xCCEF, 0xCCEF, 0xCCEE, 0xD52F, 0xDDB2,
    0xCD0E, 0xE58F, 0xF673, 0xD572, 0xCCEE, 0xCCCE, 0xCCAD, 0xCC8C,
    0xCC4C, 0xC40B, 0xC3EB, 0xC3CB, 0xC3CB, 0xC3CB, 0xC3EB, 0xC40C,
    0xC44D, 0xC46D, 0xC46D, 0xC46D, 0xC44D, 0xC44D, 0xC44C, 0xBC2D,
    0x61C5, 0x4103, 0x38E3, 0x4103, 0x7A26, 0x9AA8, 0x8A67, 0x8A67,
    0x8A67, 0x8A67, 0x8247, 0x9B29, 0xBCCD, 0xB46C, 0xB48C, 0xAC4B,
    0xC52E, 0xC50E, 0xBCCD, 0x4964, 0x69E4, 0x8B49, 0x93CB, 0x4143,
    0x4103, 0x8983, 0x8963, 0x9202, 0x9242, 0x9A22, 0xCAE1, 0xFDA7,
    0xFFFE, 0xFFFF, 0xFFFF, 0xFFFF, 0xFFFF, 0xFDD1, 0xEB63, 0xAA23,
    0x7141, 0x8142, 0x6922, 0x5902, 0x81C1, 0xCBE5, 0xC364, 0x7162,
    0x4922, 0x89C2, 0x81C2, 0x9A63, 0xE58A, 0xDDCC, 0xBC69, 0xE610,
    0xF6D1, 0xE634, 0xFFFF, 0xFFFF, 0xFFFF, 0xFFFF, 0xFFFF, 0xEED8,
    0xD4EE, 0xEEB8, 0xFFFF, 0xFFDE, 0xFFFE, 0xFFFE, 0xFFFF, 0xFFDF,
    0xFFFF, 0xFFFF, 0xFFFE, 0xFFDF, 0xFFDF, 0xFFDE, 0xFFFE, 0xFFFE,
    0xFFFE, 0xFFFE, 0xFFFE, 0xFFFE, 0xFFFE, 0xFFFE, 0xFFFE, 0xFFFE,
    0xFFFE, 0xFFFE, 0xFFFE, 0xFFFE, 0xFFFE, 0xFFFE, 0xFFFE, 0xFFFE,
    0xFFFE, 0xFFFE, 0xFFDE, 0xFFDE, 0xFFDE, 0xFFBE, 0xFF9D, 0xFF5B,
    0xF6F7, 0xEE92, 0xE56C, 0xB3EB, 0xE6B7, 0xEF19, 0xEF1A, 0xEEF8,
    0xEEB6, 0xE674, 0xE633, 0xDE11, 0xD5D1, 0xD5D0, 0xD5D1, 0xCDB1,
    0xCDB1, 0xC591, 0xCDD2, 0xC550, 0xACF0, 0xC5B2, 0xBCAC, 0x69A4,
    0x8A88, 0x7962, 0x3A2A, 0xB52F, 0xA40B, 0xA40B, 0x9BEA, 0xA3EA,
    0x9BCA, 0xA3EA, 0x9307, 0x7A66, 0x82A7, 0x82A6, 0x5962, 0x1841,
    0x4102, 0x4902, 0x40E1, 0x38A1, 0x3081, 0x3061, 0x2861, 0x2081,
    0x20A1, 0x20A0, 0x20A1, 0x3860, 0x30E6, 0x72AC, 0xE9AA, 0xE9EA,
    0xE9AB, 0xE22C, 0xEA6C, 0xC183, 0x2840, 0x2861, 0x2861, 0x3060,
    0x10A3, 0x6B4A, 0x9AC5, 0x40E2, 0x59A5, 0x8983, 0x3861, 0x20C3,
    0x4922, 0x3965, 0x83AA, 0x9B8A, 0x93AA, 0x93AB, 0xA554, 0xC571,
    0x6165, 0x6165, 0x6145, 0x6145, 0x5945, 0x5945, 0x5945, 0x5945,
    0x5945, 0x6146, 0x6986, 0x6986, 0x6986, 0x6966, 0x71C7, 0x6986,
    0x6986, 0x6986, 0x6986, 0x69A6, 0x4925, 0x71A5, 0x8206, 0x89E5,
    0xB389, 0xD54F, 0xCCEF, 0xCD0F, 0xCD0F, 0xCD0F, 0xCCEE, 0xD570,
    0xDD91, 0xD50F, 0xD570, 0xCD10, 0xCCEE, 0xCD0F, 0xCCAD, 0xCC4C,
    0xC3EB, 0xC38A, 0xC369, 0xBB48, 0xBB28, 0xBB48, 0xBB49, 0xC389,
    0xC3CA, 0xC40B, 0xC44C, 0xC46D, 0xC44D, 0xC44C, 0xC46D, 0xB3EC,
    0x5964, 0x4103, 0x4923, 0x8A87, 0x9AC8, 0x8A88, 0x8A88, 0x8A87,
    0x8A67, 0x8A67, 0x8A67, 0xB44C, 0xB48D, 0xBC8D, 0xA42C, 0xABE9,
    0xCDD0, 0xC50F, 0xC50E, 0x49A5, 0x5163, 0x9AE6, 0x9348, 0x51E5,
    0x38E2, 0x7163, 0x99C3, 0xB283, 0xB243, 0x9182, 0xC241, 0xFE98,
    0xFFFF, 0xFFDF, 0xFFFF, 0xFFDF, 0xFFFF, 0xFEFA, 0xDB22, 0x9223,
    0x5901, 0x79E1, 0x7A62, 0x4902, 0x58A1, 0xABCE, 0x7204, 0x4121,
    0x4942, 0x6982, 0x71E3, 0x9A22, 0xC406, 0xCD2B, 0xEE71, 0xFF94,
    0xF6F1, 0xDDB0, 0xFFFF, 0xFFFF, 0xFFFF, 0xFFFF, 0xFFFF, 0xEEF8,
    0xCCCD, 0xDDF4, 0xFFFF, 0xFFDE, 0xFFFE, 0xFFFE, 0xFFFF, 0xFFFF,
    0xFFDF, 0xFFFF, 0xFFFF, 0xFFFF, 0xFFFE, 0xFFFE, 0xFFFE, 0xFFFE,
    0xFFFE, 0xFFFE, 0xFFFE, 0xFFFF, 0xFFFF, 0xFFFE, 0xFFFE, 0xFFFE,
    0xFFFE, 0xFFFE, 0xFFFE, 0xFFFE, 0xFFFE, 0xFFFE, 0xFFFE, 0xFFFE,
    0xFFDE, 0xFFFE, 0xFFFE, 0xFFFE, 0xFFFE, 0xFFDE, 0xFFDE, 0xFFDE,
    0xFFBE, 0xFF7C, 0xFF59, 0xE56E, 0xC48F, 0xFFDF, 0xFFDE, 0xFFDE,
    0xFFBE, 0xF79C, 0xF75B, 0xEEF8, 0xEEB6, 0xE653, 0xDE11, 0xD5D1,
    0xD5D0, 0xCDB1, 0xC590, 0xCDF2, 0xC50F, 0xACF0, 0xC5D2, 0xB46B,
    0x6962, 0x3125, 0x9CAE, 0xAC0A, 0x9C0B, 0xA3EA, 0xA3EA, 0xA3EA,
    0xA3EA, 0x9B68, 0x8286, 0x6A05, 0x4943, 0x30E1, 0x1041, 0x38E2,
    0x48E1, 0x38A1, 0x2881, 0x2881, 0x2860, 0x2040, 0x2040, 0x2040,
    0x2040, 0x2061, 0x2881, 0x2041, 0x322A, 0xB20A, 0xF1EB, 0xEA0A,
    0xE9EB, 0xEA2D, 0xF229, 0x78C0, 0x2061, 0x2861, 0x2881, 0x2820,
    0x1926, 0x83A9, 0x8223, 0x3082, 0x5144, 0x79A5, 0x7962, 0x2861,
    0x30E2, 0x4186, 0x838A, 0x9369, 0x938A, 0x9389, 0x9430, 0xB572,
    0x6165, 0x6165, 0x6145, 0x5945, 0x5945, 0x5945, 0x5945, 0x5945,
    0x5945, 0x6165, 0x6986, 0x6966, 0x6966, 0x6966, 0x69A6, 0x6966,
    0x6986, 0x6166, 0x6986, 0x5146, 0x6125, 0x81E6, 0x89E6, 0xAAA7,
    0xCCCD, 0xCCEF, 0xCCEF, 0xCCEF, 0xCCEF, 0xCD0F, 0xCD10, 0xCCEF,
    0xDDB2, 0xD530, 0xCCEF, 0xCD0F, 0xCCEF, 0xCCEF, 0xCCAE, 0xCC6C,
    0xC3AA, 0xBB28, 0xAAC7, 0xA287, 0xA286, 0xA286, 0xA2A6, 0xAAC7,
    0xB2E7, 0xBB48, 0xC3CA, 0xC46C, 0xC48D, 0xC44D, 0xC46D, 0x9B4A,
    0x5143, 0x30C2, 0x71C4, 0xA2E9, 0x8A88, 0x9288, 0x8A88, 0x8A88,
    0x8A67, 0x8247, 0xA369, 0xBCAD, 0xB46C, 0xBCAD, 0x9C0B, 0x9348,
    0xCD2F, 0xC50E, 0xC50E, 0x51E5, 0x7205, 0xA327, 0x9AE7, 0x61C4,
    0x30E3, 0x5943, 0xA162, 0xB161, 0xA1A2, 0x8901, 0xC283, 0xFFDD,
    0xFFFF, 0xFFFF, 0xFFFF, 0xFFDF, 0xFFFF, 0xFDF1, 0xE382, 0xA243,
    0x6121, 0x6941, 0x91E2, 0x7880, 0x940E, 0xA48F, 0x71E5, 0x48E1,
    0x3922, 0x4942, 0x4942, 0x6A03, 0xA3C7, 0xCD8E, 0xFF94, 0xFF52,
    0xF6F0, 0xDDD1, 0xFFFF, 0xFFFF, 0xFFFF, 0xFFFF, 0xFFFF, 0xF73A,
    0xDD92, 0xE635, 0xFFBE, 0xFFFF, 0xFFFE, 0xFFFE, 0xFFDF, 0xFFDF,
    0xFFDF, 0xFFFF, 0xFFFF, 0xFFFF, 0xFFFE, 0xFFFE, 0xFFFE, 0xFFFE,
    0xFFFE, 0xFFFE, 0xFFFE, 0xFFFE, 0xFFFF, 0xFFFE, 0xFFFE, 0xFFFE,
    0xFFFE, 0xFFFE, 0xFFFE, 0xFFFE, 0xFFFE, 0xFFFE, 0xFFFE, 0xFFFE,
    0xFFFE, 0xFFFE, 0xFFFE, 0xFFFE, 0xFFFE, 0xFFFE, 0xFFFE, 0xFFFE,
    0xFFDE, 0xFFDE, 0xFFBE, 0xFFFE, 0xE5B1, 0xD553, 0xFFFF, 0xFFFF,
    0xFFFF, 0xFFFF, 0xFFFF, 0xFFDE, 0xFFBD, 0xF77C, 0xEF19, 0xEEB6,
    0xE654, 0xDDF1, 0xD5D0, 0xCD90, 0xD5F2, 0xB4CE, 0xAD30, 0xCDD2,
    0xABEA, 0x6AE9, 0xB46B, 0xA40B, 0xA40B, 0xA3EA, 0xA3EA, 0xA40B,
    0xABC8, 0x69C4, 0x3923, 0x3923, 0x51E5, 0x69C3, 0x2061, 0x30A1,
    0x2881, 0x2881, 0x3081, 0x2861, 0x2040, 0x2061, 0x2061, 0x2060,
    0x2041, 0x2061, 0x2840, 0x20E5, 0x6A8B, 0xE9CB, 0xE9EB, 0xEA2B,
    0xE20A, 0xE1EB, 0xD164, 0x3040, 0x2861, 0x3081, 0x3081, 0x2021,
    0x4269, 0x9BA8, 0x71A2, 0x38C2, 0x38E2, 0x4944, 0x79C7, 0x8204,
    0x28E1, 0x6309, 0xABCA, 0x936A, 0x938A, 0x93AA, 0x938B, 0x9C90,
    0x5944, 0x5944, 0x5944, 0x5944, 0x5945, 0x5945, 0x5945, 0x5945,
    0x5945, 0x6165, 0x7186, 0x6986, 0x6966, 0x6966, 0x6966, 0x6966,
    0x6966, 0x6966, 0x6986, 0x48E5, 0x81A6, 0x9206, 0xA267, 0xC3AA,
    0xCC8D, 0xCCEE, 0xCCEF, 0xCCEF, 0xCCEF, 0xCCEF, 0xCD0F, 0xCCEF,
    0xD530, 0xDDB2, 0xCD0F, 0xCCEF, 0xCCEF, 0xCCCF, 0xCCCE, 0xCCAE,
    0xCC2C, 0xB307, 0xA266, 0x9225, 0x89E5, 0x81E5, 0x81E5, 0x8205,
    0x8A05, 0x8A25, 0x9245, 0xA2C7, 0xB3CB, 0xC46D, 0xD4CE, 0x82C8,
    0x4103, 0x4943, 0x61A4, 0x92A8, 0x92A8, 0x9288, 0x8A88, 0x8A88,
    0x8A88, 0x8A67, 0xB46C, 0xBC8D, 0xB46C, 0xBCAD, 0x9BEB, 0x8AE7,
    0xC50E, 0xC50E, 0xC52E, 0x6A87, 0x69C4, 0xA327, 0x9B07, 0x8286,
    0x3103, 0x4903, 0xB284, 0xCA63, 0xB141, 0xA962, 0xD382, 0xEDCB,
    0xFF96, 0xFFFD, 0xFFFF, 0xFFFF, 0xFEF7, 0xCB23, 0xB242, 0x7942,
    0x5901, 0xA161, 0x90C0, 0xABCC, 0xFFED, 0xA444, 0x49C7, 0x4121,
    0x30E2, 0x28E2, 0x3922, 0x7264, 0xB448, 0xCD4B, 0xFF11, 0xFF31,
    0xF68D, 0xE674, 0xFFFF, 0xFFFF, 0xFFFF, 0xFFFF, 0xFFFF, 0xFF9D,
    0xDD71, 0xDDB2, 0xFFBD, 0xFFFF, 0xFFFE, 0xFFFE, 0xFFFE, 0xFFFE,
    0xFFFE, 0xFFFE, 0xFFFE, 0xFFFE, 0xFFFE, 0xFFFE, 0xFFFE, 0xFFFE,
    0xFFFE, 0xFFFE, 0xFFFE, 0xFFFE, 0xFFFE, 0xFFFE, 0xFFFE, 0xFFFE,
    0xFFFE, 0xFFFE, 0xFFFE, 0xFFFE, 0xFFFE, 0xFFFE, 0xFFFE, 0xFFFE,
    0xFFFE, 0xFFFE, 0xFFFE, 0xFFFE, 0xFFFE, 0xFFFE, 0xFFFE, 0xFFFE,
    0xFFDE, 0xFFDE, 0xFFDE, 0xFFDE, 0xFFFF, 0xE5B0, 0xE679, 0xFFFF,
    0xFFFF, 0xFFFF, 0xFFFF, 0xFFFF, 0xFFFF, 0xFFFF, 0xFFDE, 0xFF9D,
    0xF75B, 0xEEF8, 0xE695, 0xDE12, 0xD5D0, 0xD5B0, 0xB4AE, 0xB550,
    0xCDD1, 0x9BCA, 0x838A, 0xB44B, 0xA40B, 0xA3EA, 0xA40B, 0xAC09,
    0x5983, 0x49A5, 0x7266, 0x82A7, 0x8AE7, 0x6162, 0x1861, 0x30C2,
    0x30C1, 0x30A1, 0x3081, 0x2860, 0x2061, 0x2061, 0x2040, 0x2040,
    0x2040, 0x2060, 0x2021, 0x324B, 0xBA2A, 0xF1ED, 0xEA6D, 0xF22C,
    0xEA2C, 0xF1EA, 0x88A1, 0x1840, 0x2040, 0x2040, 0x1820, 0x0042,
    0x52EA, 0xA387, 0x5901, 0x30C2, 0x40E2, 0x38E2, 0x40E2, 0x6A6C,
    0xA44A, 0x4964, 0x7B6B, 0xA3AA, 0x93AA, 0x9BCA, 0x93AA, 0x9369,
    0x6144, 0x5944, 0x5944, 0x6144, 0x5944, 0x5945, 0x5945, 0x5945,
    0x5945, 0x6145, 0x7185, 0x6985, 0x6985, 0x6965, 0x6986, 0x6986,
    0x6166, 0x6986, 0x5125, 0x6925, 0x9206, 0xA247, 0xBB08, 0xC3CA,
    0xCC6C, 0xCCCE, 0xCCEF, 0xCCEF, 0xCCEF, 0xCCEF, 0xCCEF, 0xCD0F,
    0xCCEF, 0xD550, 0xDD91, 0xCCCE, 0xCCEE, 0xCCEE, 0xCCEE, 0xCCCE,
    0xCCEE, 0xC44C, 0xA266, 0x89C4, 0x81E5, 0x79C4, 0x71C4, 0x71C4,
    0x69C4, 0x69A4, 0x69A4, 0x6984, 0x6984, 0x7A25, 0x9B49, 0x6A06,
    0x30C2, 0x69C4, 0x69E5, 0x8A66, 0x92A8, 0x9288, 0x8A88, 0x8A88,
    0x8A67, 0xA36A, 0xBCAD, 0xB46D, 0xB46C, 0xBC8D, 0xA40B, 0x8AA7,
    0xBCAC, 0xBCEE, 0xC50E, 0x7B09, 0x4943, 0xA307, 0x9AE7, 0x92E7,
    0x4143, 0x38C2, 0xB345, 0xDA63, 0xC141, 0xCA01, 0xE362, 0xDB62,
    0xD423, 0xD545, 0xE5CB, 0xED6C, 0xFF09, 0xD585, 0x7245, 0x3840,
    0x48C1, 0x6100, 0x61E7, 0x7BED, 0xCDA0, 0xF708, 0x9348, 0x7A82,
    0x9263, 0x8242, 0x4942, 0x8AE4, 0xBCA9, 0xD56A, 0xF6CF, 0xFF2F,
    0xEE2B, 0xF75B, 0xFFFF, 0xFFFF, 0xFFFF, 0xFFFF, 0xFFFF, 0xFFFF,
    0xDD70, 0xD530, 0xFF9D, 0xFFFF, 0xFFFE, 0xFFFE, 0xFFFE, 0xFFFE,
    0xFFFE, 0xFFFE, 0xFFFE, 0xFFFE, 0xFFFE, 0xFFFE, 0xFFFE, 0xFFFE,
    0xFFFE, 0xFFFE, 0xFFFE, 0xFFFE, 0xFFFE, 0xFFFE, 0xFFFE, 0xFFFE,
    0xFFFE, 0xFFFE, 0xFFFE, 0xFFFE, 0xFFFE, 0xFFFE, 0xFFFE, 0xFFFE,
    0xFFFE, 0xFFFE, 0xFFFE, 0xFFFE, 0xFFFE, 0xFFFE, 0xFFFE, 0xFFFE,
    0xFFDE, 0xFFDE, 0xFFDE, 0xFFDE, 0xFFDE, 0xFFFE, 0xEE34, 0xEF1C,
    0xFFFF, 0xFFFF, 0xFFFF, 0xFFFF, 0xFFFF, 0xFFFF, 0xFFFF, 0xFFFF,
    0xFFDF, 0xFFBE, 0xF77C, 0xF719, 0xEEB5, 0xDE32, 0xDDD0, 0xACCE,
    0xBD90, 0xCD8F, 0x8B49, 0x93EB, 0xAC2A, 0xA40B, 0xB42A, 0x5182,
    0x49E6, 0x9307, 0x82A6, 0x7A66, 0x82C7, 0x6182, 0x1861, 0x38E2,
    0x38E2, 0x38A1, 0x2881, 0x2861, 0x2061, 0x2861, 0x2061, 0x2840,
    0x2861, 0x2020, 0x1906, 0x72AC, 0xF1EB, 0xF24E, 0xF22C, 0xEA0C,
    0xEA2C, 0xE1A6, 0x3040, 0x1840, 0x2041, 0x2060, 0x0800, 0x0800,
    0x0042, 0x49C4, 0x48E2, 0x38E2, 0x3902, 0x4102, 0x38A1, 0x39C9,
    0xA594, 0xBC6A, 0x4944, 0x6B4A, 0xA389, 0x8B69, 0x938A, 0x9369,
    0x5924, 0x5924, 0x5944, 0x5944, 0x5944, 0x5944, 0x5944, 0x5945,
    0x5944, 0x6145, 0x6985, 0x6965, 0x6965, 0x6965, 0x6985, 0x6965,
    0x6965, 0x6165, 0x50E4, 0x81C5, 0x9226, 0xA287, 0xBB27, 0xC3A9,
    0xCC4B, 0xCCAD, 0xCCCE, 0xCCEE, 0xCCEE, 0xCD0E, 0xCD0E, 0xCCEE,
    0xCD0E, 0xCCEE, 0xDD91, 0xD52F, 0xCCED, 0xCD0E, 0xCD0E, 0xCCEE,
    0xCCCE, 0xCD0E, 0xC48D, 0x9AC8, 0x81A3, 0x79C4, 0x71E4, 0x71C4,
    0x69C4, 0x69A4, 0x61A4, 0x61A4, 0x61A4, 0x5964, 0x5143, 0x5964,
    0x30C2, 0x8A66, 0x6A06, 0x7A05, 0x9AA8, 0x8A87, 0x8A87, 0x8A87,
    0x8A67, 0xB46C, 0xBC8D, 0xB48D, 0xBC6C, 0xBC8C, 0xAC4C, 0x7A87,
    0xB40B, 0xBCEE, 0xC4CD, 0x8B69, 0x4103, 0x9B07, 0x92E7, 0xA327,
    0x51A4, 0x38C2, 0xAAC5, 0xF507, 0xECC7, 0xEC46, 0xEB84, 0xD323,
    0x7102, 0x68C1, 0x7100, 0xB200, 0xED68, 0xFF09, 0xF72D, 0xA4AB,
    0x5164, 0x59A1, 0xD526, 0xA403, 0x61A1, 0x8B24, 0x9AE3, 0xB342,
    0xEC22, 0xEC22, 0xDC64, 0xBC46, 0xBCA8, 0xC509, 0xEE8E, 0xFEED,
    0xEE4F, 0xFFFF, 0xFFFF, 0xFFFF, 0xFFFF, 0xFFFF, 0xFFFF, 0xFFFF,
    0xEE76, 0xDD50, 0xF73B, 0xFFFF, 0xFFDE, 0xFFFE, 0xFFFE, 0xFFFE,
    0xFFFE, 0xFFFE, 0xFFFE, 0xFFFE, 0xFFFE, 0xFFFE, 0xFFFE, 0xFFFE,
    0xFFFE, 0xFFFE, 0xFFFE, 0xFFFE, 0xFFFE, 0xFFFE, 0xFFFE, 0xFFFE,
    0xFFFE, 0xFFFE, 0xFFFE, 0xFFFE, 0xFFFE, 0xFFFE, 0xFFFE, 0xFFFE,
    0xFFFE, 0xFFFE, 0xFFFE, 0xFFFE, 0xFFFE, 0xFFFE, 0xFFFE, 0xFFDE,
    0xFFDE, 0xFFDE, 0xFFDE, 0xFFDE, 0xFFDE, 0xFFDE, 0xFFFE, 0xEE76,
    0xEF3C, 0xFFFF, 0xFFFF, 0xFFFF, 0xFFFF, 0xFFFF, 0xFFFF, 0xFFFF,
    0xFFFF, 0xFFFF, 0xFFFF, 0xFFDE, 0xF79C, 0xEF19, 0xE6B6, 0xDDD1,
    0xB4EE, 0xC5B0, 0xC54E, 0x8349, 0xA48D, 0xBC6A, 0x5182, 0x49C6,
    0x92E7, 0x8266, 0x8286, 0x7A87, 0x8AA6, 0x40C1, 0x1040, 0x2081,
    0x2061, 0x2060, 0x2060, 0x2040, 0x2040, 0x1840, 0x1840, 0x1840,
    0x1820, 0x1021, 0x326C, 0xCA8C, 0xFA6C, 0xF26D, 0xF24C, 0xEA0C,
    0xFA0A, 0x90C1, 0x1841, 0x3081, 0x2861, 0x2860, 0x0800, 0x0820,
    0x0800, 0x0000, 0x1082, 0x38E2, 0x40E2, 0x38E2, 0x38C3, 0x5A88,
    0x9329, 0x9CB1, 0xBCAB, 0x5183, 0x5AE9, 0xA3A9, 0x9369, 0x9368,
    0x6144, 0x6164, 0x5944, 0x5944, 0x5924, 0x5924, 0x5944, 0x5944,
    0x5944, 0x6164, 0x6965, 0x6984, 0x6965, 0x6965, 0x6965, 0x6165,
    0x6985, 0x4904, 0x6944, 0x81E5, 0x9205, 0xA286, 0xB2E7, 0xC388,
    0xCC0A, 0xCC6B, 0xCCAC, 0xCCED, 0xCCEE, 0xCCEE, 0xCD0E, 0xCD0E,
    0xCD0E, 0xCCEE, 0xD50E, 0xDDB1, 0xCCEE, 0xCCEE, 0xCCEE, 0xCCEE,
    0xCCEE, 0xCCCD, 0xD4ED, 0xCCEE, 0xABCB, 0x8205, 0x71A3, 0x71C4,
    0x71C4, 0x69A4, 0x61A4, 0x61A4, 0x5984, 0x5984, 0x5984, 0x4944,
    0x3902, 0xA2C8, 0x7A47, 0x69A4, 0x9AA8, 0x8A87, 0x8A87, 0x8A47,
    0xA349, 0xBCAD, 0xB46C, 0xB46C, 0xBC6C, 0xBC6C, 0xB46C, 0x7266,
    0xA328, 0xBCCD, 0xBCAD, 0xA40B, 0x3903, 0x8AA6, 0xA307, 0xA307,
    0x6205, 0x38E2, 0x89E3, 0xFDE9, 0xFDC9, 0xEAE2, 0xF2E1, 0xA1E2,
    0x6082, 0x8101, 0x9162, 0xA1A2, 0xCC24, 0xF5C4, 0xFECB, 0xFFD2,
    0xD488, 0x48C0, 0xAC02, 0xFEC4, 0xEE03, 0x7AA2, 0x69C1, 0xDC03,
    0xDBE2, 0xE423, 0xE444, 0xBC47, 0xBCC8, 0xCD49, 0xEEAE, 0xEE6B,
    0xF73A, 0xFFFF, 0xFFFF, 0xFFFF, 0xFFFF, 0xFFFF, 0xFFFF, 0xFFFF,
    0xD52F, 0xD550, 0xFFBD, 0xFFFF, 0xFFDF, 0xFFFE, 0xFFDE, 0xFFFE,
    0xFFFE, 0xFFFE, 0xFFFE, 0xFFFE, 0xFFFE, 0xFFFE, 0xFFFE, 0xFFFE,
    0xFFFE, 0xFFFE, 0xFFFE, 0xFFFE, 0xFFFE, 0xFFFE, 0xFFFE, 0xFFFE,
    0xFFFE, 0xFFFE, 0xFFFE, 0xFFFE, 0xFFFE, 0xFFFE, 0xFFFE, 0xFFFE,
    0xFFFE, 0xFFFE, 0xFFFE, 0xFFFE, 0xFFFE, 0xFFFE, 0xFFDE, 0xFFDE,
    0xFFDE, 0xFFDE, 0xFFDE, 0xFFDE, 0xFFDE, 0xFFDE, 0xFFDE, 0xFFFF,
    0xEE96, 0xF75D, 0xFFFF, 0xFFFF, 0xFFFF, 0xFFFF, 0xFFFF, 0xFFFF,
    0xFFFF, 0xFFFF, 0xFFFF, 0xFFFF, 0xFFFF, 0xFFDE, 0xF77C, 0xEEF7,
    0xD5B0, 0xB50F, 0xCDD0, 0xBCEE, 0x8BCB, 0x61E4, 0x49C5, 0x9307,
    0x82A6, 0x82A6, 0x8286, 0x8AC7, 0x6182, 0x1841, 0x2881, 0x2060,
    0x1840, 0x1840, 0x1840, 0x1840, 0x1840, 0x1840, 0x1840, 0x2061,
    0x2040, 0x2147, 0x8AEC, 0xFA6C, 0xF2CD, 0xF2AC, 0xF24E, 0xF2F0,
    0xEA87, 0x50A0, 0x30A2, 0x30A2, 0x38C1, 0x2860, 0x0820, 0x1020,
    0x0800, 0x0820, 0x0800, 0x0862, 0x3123, 0x4921, 0x3905, 0x7B49,
    0x9B68, 0x8B07, 0x93EE, 0xB48C, 0x59A4, 0x5288, 0x9BCA, 0x9348,
    0x6164, 0x5964, 0x5944, 0x5924, 0x5924, 0x5924, 0x5924, 0x5944,
    0x5124, 0x6144, 0x6964, 0x6964, 0x6964, 0x6964, 0x6964, 0x6984,
    0x5964, 0x50E3, 0x79A4, 0x81C5, 0x8A05, 0x9A45, 0xAAC6, 0xBB48,
    0xC3A8, 0xCC0A, 0xCC6B, 0xCCCC, 0xCCED, 0xCCED, 0xCCED, 0xCCEE,
    0xCCED, 0xCCED, 0xCCED, 0xD54F, 0xDD90, 0xCCCD, 0xCCED, 0xCCCE,
    0xCCEE, 0xCCCD, 0xCCCD, 0xCCAD, 0xD4EE, 0xC4AD, 0x9B29, 0x79C4,
    0x7183, 0x69A4, 0x69A4, 0x61A4, 0x5984, 0x5984, 0x5984, 0x3903,
    0x5963, 0xA2C8, 0x8A67, 0x5984, 0x92A7, 0x8A87, 0x8A67, 0x9267,
    0xB44B, 0xBC8D, 0xB46C, 0xB48C, 0xBC8C, 0xB46C, 0xBCAC, 0x72A7,
    0x8A26, 0xB44B, 0xB48C, 0xB48C, 0x4164, 0x59A4, 0x8AA6, 0xA327,
    0x7A46, 0x30E2, 0x7163, 0xC385, 0xED88, 0xF446, 0xE2C2, 0x70E2,
    0x70C2, 0x7901, 0xA101, 0xA9C1, 0xB322, 0xA282, 0xBBE5, 0x92A3,
    0xDD42, 0xACA2, 0x48E1, 0xCCA4, 0xF544, 0xEDA4, 0xB382, 0xE4C2,
    0xED24, 0xE4A3, 0xB324, 0xCD48, 0xE62C, 0xF6AE, 0xE5EA, 0xE652,
    0xFFFF, 0xFFFF, 0xFFFF, 0xFFFF, 0xFFFF, 0xFFFF, 0xFFFF, 0xFFFF,
    0xCC8B, 0xE656, 0xFFFF, 0xFFDE, 0xFFFE, 0xFFFE, 0xFFFE, 0xFFFE,
    0xFFFE, 0xFFFE, 0xFFFE, 0xFFFE, 0xFFFE, 0xFFFE, 0xFFFE, 0xFFFE,
    0xFFFE, 0xFFFE, 0xFFFE, 0xFFFE, 0xFFFE, 0xFFFE, 0xFFFE, 0xFFFE,
    0xFFFE, 0xFFFE, 0xFFFE, 0xFFFE, 0xFFFE, 0xFFFE, 0xFFFE, 0xFFFE,
    0xFFFE, 0xFFFE, 0xFFFE, 0xFFFE, 0xFFFE, 0xFFDE, 0xFFDE, 0xFFDE,
    0xFFDE, 0xFFDE, 0xFFDE, 0xFFDE, 0xFFDE, 0xFFDE, 0xFFDE, 0xFFDE,
    0xFFDD, 0xEE35, 0xF79F, 0xFFFF, 0xFFFF, 0xFFFF, 0xFFFF, 0xFFFF,
    0xFFFF, 0xFFFF, 0xFFFF, 0xFFFF, 0xFFFF, 0xFFFF, 0xFFFF, 0xFFBD,
    0xF738, 0xD590, 0xBD2F, 0xCDF0, 0xB46A, 0x59C5, 0x9308, 0x8AA7,
    0x82A7, 0x82A6, 0x82C7, 0x8244, 0x2860, 0x2881, 0x2881, 0x2881,
    0x28A1, 0x28A1, 0x2881, 0x2861, 0x2861, 0x2861, 0x2861, 0x2882,
    0x2905, 0x5B0B, 0xDA6A, 0xFA8C, 0xF30E, 0xF2EE, 0xEA4C, 0xFA8E,
    0x99A2, 0x28A1, 0x3881, 0x2861, 0x3061, 0x1020, 0x0820, 0x0820,
    0x0820, 0x0820, 0x0840, 0x2061, 0x1861, 0x28E2, 0x5A68, 0x9389,
    0x9349, 0x9369, 0x9307, 0x8B6B, 0xAC8D, 0x7204, 0x4227, 0x9389,
    0x5924, 0x5904, 0x5923, 0x5924, 0x5924, 0x5924, 0x5924, 0x5924,
    0x5924, 0x6144, 0x6964, 0x6164, 0x6164, 0x6164, 0x6164, 0x6984,
    0x40E3, 0x6943, 0x71A4, 0x79A4, 0x89E5, 0x9225, 0xA286, 0xB2E7,
    0xBB47, 0xC3A8, 0xCC0A, 0xCC8B, 0xCCCC, 0xCCCD, 0xCCED, 0xCCED,
    0xCCCD, 0xD50E, 0xD4EE, 0xCCAC, 0xDD90, 0xD52E, 0xCCCD, 0xCCCD,
    0xCCCD, 0xCCCD, 0xCCCD, 0xCCCD, 0xCCAD, 0xCCAD, 0xD4EE, 0xBC4D,
    0x92C8, 0x71A4, 0x6983, 0x61A4, 0x61A4, 0x5984, 0x5984, 0x30C2,
    0x7A05, 0x9AC8, 0x92A8, 0x5984, 0x8A66, 0x9287, 0x8A47, 0xA328,
    0xBCAD, 0xB48C, 0xBC8C, 0xB46C, 0xBC6C, 0xB46C, 0xBC8C, 0x8349,
    0x71C5, 0xA369, 0xB48C, 0xBCAC, 0x6246, 0x4902, 0x5163, 0x61C4,
    0x5184, 0x28E2, 0x6163, 0x7902, 0x5921, 0xE425, 0xD345, 0x68A1,
    0x60C2, 0x78C1, 0xA161, 0xCB62, 0xDBA2, 0x89E1, 0x4880, 0x8B41,
    0x7B02, 0xBBC2, 0x9A41, 0xB342, 0xB363, 0xA2A2, 0xBB42, 0xECE2,
    0xE583, 0xD3C3, 0xBB65, 0xE66A, 0xE5CD, 0xEE4C, 0xE60F, 0xFFDF,
    0xFFFF, 0xFFFF, 0xFFFF, 0xFFFF, 0xFFFF, 0xFFFF, 0xFFFF, 0xFF9D,
    0xDD91, 0xE677, 0xFFFF, 0xFFDE, 0xFFFE, 0xFFFE, 0xFFDE, 0xFFFE,
    0xFFDE, 0xFFFE, 0xFFFE, 0xFFFE, 0xFFFE, 0xFFFE, 0xFFDE, 0xFFFE,
    0xFFFE, 0xFFFE, 0xFFFE, 0xFFFE, 0xFFFE, 0xFFFE, 0xFFFE, 0xFFFE,
    0xFFFE, 0xFFFE, 0xFFFE, 0xFFFE, 0xFFFE, 0xFFFE, 0xFFFE, 0xFFFE,
    0xFFFE, 0xFFFE, 0xFFFE, 0xFFFE, 0xFFDE, 0xFFDE, 0xFFDE, 0xFFDE,
    0xFFDE, 0xFFDE, 0xFFDE, 0xFFDE, 0xFFDE, 0xFFDE, 0xFFDE, 0xFFDE,
    0xFFFF, 0xFF7A, 0xE615, 0xFFFF, 0xFFFF, 0xFFFF, 0xFFFF, 0xFFFF,
    0xFFFF, 0xFFFF, 0xFFFF, 0xFFFF, 0xFFFF, 0xFFFF, 0xFFFF, 0xFFFF,
    0xFFDE, 0xF759, 0xCD6F, 0xBD4F, 0xD5F1, 0xB46B, 0x7A86, 0x92E7,
    0x8AA7, 0x82A7, 0x92E7, 0x5921, 0x1841, 0x2881, 0x2881, 0x2881,
    0x2861, 0x2861, 0x2061, 0x2061, 0x2061, 0x2060, 0x2061, 0x2020,
    0x29A9, 0xA2CB, 0xFAAD, 0xF32E, 0xF2ED, 0xF2CD, 0xF26C, 0xE9E6,
    0x3840, 0x2061, 0x2881, 0x3081, 0x2040, 0x0820, 0x0820, 0x0820,
    0x0820, 0x0800, 0x0821, 0x30A2, 0x3860, 0x1042, 0x4AE9, 0xA3C9,
    0x9369, 0x9369, 0x9369, 0x9328, 0x8B4A, 0xA3E9, 0x71E3, 0x39A4,
    0x5924, 0x5923, 0x5923, 0x5923, 0x5923, 0x5923, 0x5924, 0x5123,
    0x5924, 0x6964, 0x71A4, 0x6985, 0x6144, 0x6144, 0x6964, 0x5144,
    0x50E3, 0x6984, 0x6984, 0x71A4, 0x81C4, 0x89E4, 0x9225, 0xA265,
    0xB2C6, 0xBB46, 0xC3A8, 0xCC2A, 0xCCAB, 0xCCCD, 0xCCED, 0xCCED,
    0xCCCD, 0xD52E, 0xE634, 0xD54F, 0xCCED, 0xDD91, 0xCCED, 0xCCCD,
    0xCCCD, 0xCCCD, 0xCCCD, 0xCCCD, 0xCCAD, 0xCCAD, 0xCC8D, 0xCCAD,
    0xCCCE, 0xBC2C, 0x8AC8, 0x69A4, 0x5963, 0x6184, 0x5143, 0x38E2,
    0x9AA7, 0x9287, 0x9AA8, 0x59A5, 0x8226, 0x9287, 0x8A67, 0xB44B,
    0xBCAC, 0xBC8C, 0xBC8C, 0xB46C, 0xB46C, 0xB46C, 0xBC8C, 0x9BCA,
    0x6184, 0x9266, 0xB42B, 0xBC8C, 0x8B49, 0x30C2, 0x69A3, 0x6183,
    0x5143, 0x3923, 0x3903, 0x8963, 0x4861, 0x80E1, 0xE222, 0xC1A2,
    0x9942, 0x8101, 0x89C2, 0xDC62, 0xCB62, 0x9242, 0x6983, 0x4163,
    0x4081, 0xAA22, 0xEB42, 0xE2E1, 0xDAC1, 0x9A01, 0x81A2, 0xB2C3,
    0xDBE4, 0xD2A4, 0xEE47, 0xFFE9, 0xE686, 0xCCEB, 0xF79D, 0xFFFF,
    0xFFFF, 0xFFFF, 0xFFFF, 0xFFFF, 0xFFFF, 0xFFFF, 0xFFFF, 0xFFDF,
    0xF73B, 0xFF9D, 0xFFFF, 0xFFFE, 0xFFFE, 0xFFFE, 0xFFFE, 0xFFFE,
    0xFFFE, 0xFFFE, 0xFFFE, 0xFFFE, 0xFFFE, 0xFFFE, 0xFFDE, 0xFFDE,
    0xFFDE, 0xFFFE, 0xFFFE, 0xFFFE, 0xFFFE, 0xFFFE, 0xFFFE, 0xFFFE,
    0xFFFE, 0xFFFE, 0xFFFE, 0xFFFE, 0xFFFE, 0xFFFE, 0xFFFE, 0xFFFE,
    0xFFFE, 0xFFFE, 0xFFDE, 0xFFDE, 0xFFDE, 0xFFDE, 0xFFDE, 0xFFDE,
    0xFFFE, 0xFFFE, 0xFFDE, 0xFFDE, 0xFFDE, 0xFFDE, 0xFFDE, 0xFFDE,
    0xFFDE, 0xFFFF, 0xF6F7, 0xE658, 0xFFFF, 0xFFFF, 0xFFFF, 0xFFFF,
    0xFFFF, 0xFFFF, 0xFFFF, 0xFFFF, 0xFFFF, 0xFFFF, 0xFFFF, 0xFFFF,
    0xFFFF, 0xFFFF, 0xFF37, 0xC52E, 0xC56F, 0xD5D0, 0x9BA8, 0x7A86,
    0x92E7, 0x82C7, 0x8AA5, 0x3080, 0x2881, 0x2881, 0x2881, 0x2881,
    0x2881, 0x2881, 0x2861, 0x2861, 0x2061, 0x2061, 0x2840, 0x20C5,
    0x62EC, 0xEA6B, 0xF2ED, 0xF2EC, 0xF2AC, 0xF24B, 0xFA8B, 0x90E1,
    0x1841, 0x3081, 0x2881, 0x3061, 0x1020, 0x0820, 0x0820, 0x1020,
    0x1020, 0x1020, 0x0821, 0x2882, 0x38A2, 0x40A1, 0x2041, 0x3A48,
    0x93AA, 0x9B69, 0x9368, 0x9369, 0x9348, 0x8B29, 0x9B89, 0x8A65,
    0x5924, 0x5923, 0x5923, 0x5903, 0x5903, 0x5923, 0x5923, 0x5124,
    0x5924, 0x6964, 0x6964, 0x6964, 0x6164, 0x6144, 0x6164, 0x40E3,
    0x6143, 0x6984, 0x6984, 0x7184, 0x71A4, 0x81C4, 0x89E4, 0x9225,
    0xA265, 0xAAA6, 0xBB26, 0xC3E8, 0xCC8B, 0xCCEC, 0xCCED, 0xCCED,
    0xCCED, 0xD50E, 0xE5F2, 0xEE33, 0xDD70, 0xDD4F, 0xD54F, 0xCCCD,
    0xCCCD, 0xCCCD, 0xCCCD, 0xCCCD, 0xCCAD, 0xCCAD, 0xCC8D, 0xCC8D,
    0xC46C, 0xCC8D, 0xCCAD, 0xBC0C, 0x8287, 0x6183, 0x4103, 0x5963,
    0xA2C8, 0x9287, 0x9AA7, 0x69E5, 0x71C5, 0x9267, 0x9B28, 0xBCAD,
    0xBC6C, 0xBC8C, 0xBC6C, 0xB46C, 0xB46C, 0xB46C, 0xB46C, 0xB44C,
    0x61C5, 0x81E5, 0x9B49, 0xBC8C, 0xAC2B, 0x3923, 0x4123, 0x71A3,
    0x71A3, 0x69A3, 0x4143, 0x7143, 0x6902, 0x5060, 0xC980, 0xC940,
    0xB9A0, 0x9920, 0x7901, 0x58E1, 0x7142, 0xAA85, 0x79C4, 0x5143,
    0x6122, 0x6982, 0xBA62, 0xE2C1, 0x81A1, 0x50C1, 0x7141, 0x9A83,
    0xE3C5, 0xF5E6, 0xE668, 0xD526, 0xE5ED, 0xF77D, 0xFFFF, 0xFFFF,
    0xFFFF, 0xFFFF, 0xFFFF, 0xFFFF, 0xFFFF, 0xFFFF, 0xFFFF, 0xFFFF,
    0xFFFF, 0xFFDE, 0xFFFE, 0xFFFE, 0xFFFE, 0xFFFE, 0xFFFE, 0xFFFE,
    0xFFFE, 0xFFFE, 0xFFFE, 0xFFFE, 0xFFFE, 0xFFFE, 0xFFDE, 0xFFDE,
    0xFFDE, 0xFFDE, 0xFFDE, 0xFFDE, 0xFFFE, 0xFFFE, 0xFFFE, 0xFFFE,
    0xFFFE, 0xFFFE, 0xFFFE, 0xFFFE, 0xFFFE, 0xFFDE, 0xFFDE, 0xFFDE,
    0xFFDE, 0xFFDE, 0xFFDE, 0xFFDE, 0xFFDE, 0xFFDE, 0xFFDE, 0xFFDE,
    0xFFDE, 0xFFDE, 0xFFDE, 0xFFDE, 0xFFDE, 0xFFDE, 0xFFDE, 0xFFDE,
    0xFFDE, 0xFFDE, 0xFFFF, 0xEE54, 0xEEDB, 0xFFFF, 0xFFFF, 0xFFFF,
    0xFFFF, 0xFFFF, 0xFFFF, 0xFFFF, 0xFFFF, 0xFFFF, 0xFFFF, 0xFFFF,
    0xFFFF, 0xFFFF, 0xFFFF, 0xF6B2, 0xBCED, 0xC5B0, 0xD5AF, 0x82C6,
    0x7A87, 0x9308, 0x8224, 0x2041, 0x30A2, 0x2881, 0x2881, 0x2881,
    0x2881, 0x2881, 0x2861, 0x2861, 0x2061, 0x2860, 0x2041, 0x3A4A,
    0xC2ED, 0xFACC, 0xF2EC, 0xF2EC, 0xF28C, 0xFA8C, 0xE1A5, 0x3060,
    0x2881, 0x3081, 0x3061, 0x1840, 0x1040, 0x0820, 0x0820, 0x1020,
    0x1020, 0x1061, 0x2860, 0x2081, 0x40A1, 0x38A2, 0x40A1, 0x2041,
    0x29C6, 0x8BA9, 0x9B68, 0x8B49, 0x9348, 0x9348, 0x9349, 0x9348,
    0x5923, 0x5903, 0x5903, 0x5923, 0x5923, 0x5923, 0x5923, 0x5123,
    0x6143, 0x6964, 0x6164, 0x6944, 0x6964, 0x71A4, 0x5124, 0x5103,
    0x6984, 0x6164, 0x6964, 0x6984, 0x7184, 0x71A4, 0x79A4, 0x81C4,
    0x8A04, 0x9225, 0xA265, 0xBB06, 0xCC6A, 0xCCCC, 0xCCED, 0xCCED,
    0xCCED, 0xCCCD, 0xD52F, 0xDD91, 0xDD70, 0xE5B1, 0xE5D2, 0xCCED,
    0xCCCD, 0xCCCD, 0xCCCD, 0xCCAD, 0xCCAD, 0xCCAD, 0xCCAD, 0xCC8D,
    0xCC8D, 0xCC6C, 0xC44C, 0xD4AD, 0xA36A, 0x5943, 0x38E2, 0x8205,
    0xA2C8, 0x9287, 0x9AA7, 0x7A26, 0x61A4, 0x9287, 0xB42B, 0xBC8C,
    0xBC6C, 0xBC6C, 0xBC6C, 0xB46C, 0xB46C, 0xB46C, 0xB44C, 0xBCAC,
    0x7267, 0x69A4, 0x8A67, 0xAC0B, 0xBC8C, 0x6246, 0x28C2, 0x5143,
    0x6183, 0x6183, 0x5963, 0x5943, 0x8122, 0x830B, 0xDD13, 0xEDF3,
    0xD4EF, 0xA30B, 0x7A26, 0x50C1, 0x48C1, 0x81C2, 0x68E2, 0x7142,
    0x59A2, 0x4181, 0x59C1, 0x6161, 0x8201, 0x8961, 0x91A1, 0xAA83,
    0xEE04, 0xE645, 0xBBA7, 0xDD93, 0xFFBF, 0xFFFF, 0xFFFF, 0xFFFF,
    0xFFFF, 0xFFFF, 0xFFFF, 0xFFFF, 0xFFFF, 0xFFFF, 0xFFFF, 0xFFDF,
    0xFFDE, 0xFFFE, 0xFFFE, 0xFFFE, 0xFFFE, 0xFFFE, 0xFFFE, 0xFFFE,
    0xFFFE, 0xFFFE, 0xFFFE, 0xFFFE, 0xFFFE, 0xFFDE, 0xFFDE, 0xFFDE,
    0xFFDE, 0xFFDE, 0xFFDE, 0xFFDE, 0xFFDE, 0xFFDE, 0xFFDE, 0xFFDE,
    0xFFDE, 0xFFDF, 0xFFFE, 0xFFFE, 0xFFDE, 0xFFFF, 0xFFDE, 0xFFDE,
    0xFFDE, 0xFFDE, 0xFFDE, 0xFFDE, 0xFFDE, 0xFFDE, 0xFFDE, 0xFFDE,
    0xFFDE, 0xFFDE, 0xFFDE, 0xFFDF, 0xFFDF, 0xFFDF, 0xFFDF, 0xFFDF,
    0xFFDF, 0xFFDE, 0xFFDF, 0xFFFD, 0xE5D3, 0xF75E, 0xFFFF, 0xFFFF,
    0xFFFF, 0xFFFF, 0xFFFF, 0xFFFF, 0xFFFF, 0xFFFF, 0xFFFF, 0xFFFF,
    0xFFFF, 0xFFFF, 0xFFFF, 0xFFFD, 0xEE0E, 0xB4CD, 0xCDD1, 0xCD4C,
    0x7204, 0x8B08, 0x79E2, 0x2041, 0x30A2, 0x3081, 0x2881, 0x2881,
    0x2881, 0x2881, 0x2861, 0x2061, 0x2861, 0x2820, 0x2148, 0x8B0B,
    0xFAAB, 0xF2EE, 0xF32E, 0xF2ED, 0xF24B, 0xFA49, 0x78C0, 0x2041,
    0x3081, 0x3080, 0x1820, 0x1020, 0x1020, 0x0820, 0x1020, 0x1020,
    0x0820, 0x1882, 0x40A1, 0x2041, 0x30A2, 0x40A1, 0x38A2, 0x40A1,
    0x3020, 0x1905, 0x7369, 0x9B69, 0x9348, 0x9348, 0x9348, 0x9307,
    0x5923, 0x5923, 0x5903, 0x5923, 0x5923, 0x5103, 0x5103, 0x5103,
    0x6143, 0x6164, 0x6163, 0x6163, 0x6943, 0x6164, 0x40C3, 0x6143,
    0x6164, 0x6164, 0x6984, 0x6984, 0x6984, 0x6984, 0x71A4, 0x79C4,
    0x79C4, 0x81C4, 0x8A04, 0x9A24, 0xB2C5, 0xD4EC, 0xCCEE, 0xCCCD,
    0xCCED, 0xCCED, 0xCCAD, 0xCCCD, 0xDD70, 0xD52E, 0xE5D2, 0xE5F3,
    0xCCAC, 0xCCCD, 0xCCCD, 0xCCAD, 0xCCAD, 0xCCAD, 0xCCAD, 0xCC8D,
    0xC48C, 0xCC6C, 0xC44C, 0xC46C, 0x7A26, 0x5143, 0x40E2, 0x9AA7,
    0x9AA7, 0x9287, 0x9287, 0x8A67, 0x5143, 0xA308, 0xBCAD, 0xBC6C,
    0xBC8C, 0xBC8C, 0xBC6C, 0xB46C, 0xB46C, 0xB46C, 0xB44C, 0xBC8C,
    0x9B69, 0x5964, 0x8206, 0x9B08, 0xBC8C, 0x9BCA, 0x30E2, 0x4123,
    0x4943, 0x5163, 0x5163, 0x4943, 0x68E2, 0xBB8C, 0xF613, 0xDCF0,
    0xAB0A, 0x81A4, 0x6122, 0x48C1, 0x40E1, 0x6983, 0x79E3, 0x7A43,
    0x7A22, 0x8A03, 0x51A2, 0x5941, 0x9A62, 0x91E2, 0x8901, 0xB381,
    0xCD04, 0xD50F, 0xF75B, 0xFFFF, 0xFFFF, 0xFFFF, 0xFFFF, 0xFFFF,
    0xFFFF, 0xFFFF, 0xFFFF, 0xFFFF, 0xFFFF, 0xFFFF, 0xFFFF, 0xFFDE,
    0xFFDE, 0xFFFE, 0xFFFE, 0xFFFE, 0xFFFE, 0xFFFE, 0xFFFE, 0xFFFE,
    0xFFDE, 0xFFFE, 0xFFFE, 0xFFFE, 0xFFDE, 0xFFDE, 0xFFDE, 0xFFDE,
    0xFFDE, 0xFFDE, 0xFFDE, 0xFFDE, 0xFFDE, 0xFFDE, 0xFFDE, 0xFFDE,
    0xFFDE, 0xFFDE, 0xFFDE, 0xFFDE, 0xFFBD, 0xE657, 0xFFFF, 0xFFFE,
    0xFFDE, 0xFFDE, 0xFFDE, 0xFFDE, 0xFFDE, 0xFFDE, 0xFFDE, 0xFFDE,
    0xFFDE, 0xFFDE, 0xFFDE, 0xFFDF, 0xFFDF, 0xFFDF, 0xFFDF, 0xFFDF,
    0xFFDF, 0xFFFF, 0xFFFF, 0xFFFF, 0xFFBB, 0xE6B5, 0xFFFF, 0xFFFF,
    0xFFFF, 0xFFFF, 0xFFFF, 0xFFFF, 0xFFFF, 0xFFFF, 0xFFFF, 0xFFFF,
    0xFFFF, 0xFFFF, 0xFFFF, 0xFFFF, 0xFFFC, 0xE60F, 0xBCED, 0xD611,
    0xC4AA, 0x7224, 0x5962, 0x2061, 0x30A2, 0x3081, 0x2881, 0x2881,
    0x2881, 0x2881, 0x2881, 0x2881, 0x2860, 0x2084, 0x5AEC, 0xEAEC,
    0xFB0D, 0xF2ED, 0xF2CC, 0xF28B, 0xFAAC, 0xD1A4, 0x2040, 0x38C1,
    0x3860, 0x1820, 0x1020, 0x1820, 0x1020, 0x0820, 0x1020, 0x1020,
    0x0841, 0x38C2, 0x48C2, 0x3060, 0x2082, 0x40A1, 0x38A1, 0x48E2,
    0x50E1, 0x4060, 0x20C3, 0x5AE9, 0x9B89, 0x9328, 0x9348, 0x9307,
    0x5923, 0x5923, 0x5103, 0x5123, 0x5103, 0x5103, 0x5103, 0x5923,
    0x6143, 0x6143, 0x6143, 0x6143, 0x6963, 0x4103, 0x50E2, 0x6164,
    0x6164, 0x6164, 0x6184, 0x6164, 0x6984, 0x6984, 0x6984, 0x69A4,
    0x71A4, 0x71A4, 0x79A3, 0x8204, 0x81A4, 0xAAA5, 0xD4CC, 0xCCEE,
    0xCCCD, 0xCCCD, 0xD50E, 0xD54F, 0xCCCD, 0xDD91, 0xCCCD, 0xDDB2,
    0xE5F3, 0xCCCD, 0xCCAD, 0xCCAD, 0xCCAD, 0xCCAD, 0xCC8D, 0xCC8D,
    0xCC6C, 0xC44C, 0xCC6C, 0xB3CB, 0x6183, 0x4123, 0x5963, 0xA2E8,
    0x9287, 0x9287, 0x9267, 0x9287, 0x5164, 0xABEA, 0xBCAD, 0xBC6C,
    0xBC6C, 0xBC8C, 0xB46C, 0xB46C, 0xB46C, 0xB46C, 0xB44C, 0xB46C,
    0xB40B, 0x61A5, 0x71E5, 0x8226, 0xABCA, 0xC4AD, 0x5A26, 0x30C2,
    0x4123, 0x4123, 0x5143, 0x4943, 0x4943, 0x8961, 0x9AC4, 0x9A22,
    0x6020, 0x5860, 0x4840, 0x3880, 0x4101, 0x6163, 0x8A04, 0x9B04,
    0x9263, 0xBBA3, 0x6161, 0x4080, 0x3820, 0x4901, 0x7A85, 0xC4AC,
    0xDDD1, 0xFFFE, 0xFFFF, 0xFFFF, 0xFFFF, 0xFFFF, 0xFFFF, 0xFFFF,
    0xFFFF, 0xFFFF, 0xFFFF, 0xFFFF, 0xFFFF, 0xFFFF, 0xFFFF, 0xFFDE,
    0xFFFF, 0xFFDE, 0xFFFE, 0xFFFE, 0xFFFE, 0xFFFE, 0xFFDE, 0xFFDE,
    0xFFFE, 0xFFFE, 0xFFFE, 0xFFDE, 0xFFDE, 0xFFDE, 0xFFDE, 0xFFDE,
    0xFFDE, 0xFFDE, 0xFFDE, 0xFFDE, 0xFFDE, 0xFFDE, 0xFFDE, 0xFFDE,
    0xFFDE, 0xFFDE, 0xFFDE, 0xFFDE, 0xFFFE, 0xCC2B, 0xA30A, 0xF79E,
    0xFFFE, 0xFFDE, 0xFFDE, 0xFFDE, 0xFFDE, 0xFFDE, 0xFFDE, 0xFFDE,
    0xFFDE, 0xFFDE, 0xFFDE, 0xFFDE, 0xFFDE, 0xFFDE, 0xFFDF, 0xFFDF,
    0xFFDF, 0xFFFF, 0xFFFF, 0xFFFF, 0xFFFF, 0xFFF7, 0xEFF8, 0xFFFF,
    0xFFFF, 0xFFFF, 0xFFFF, 0xFFFF, 0xFFFF, 0xFFFF, 0xFFFF, 0xFFFF,
    0xFFFF, 0xFFFF, 0xFFFF, 0xFFFF, 0xFFFF, 0xFFFE, 0xE610, 0xBCED,
    0xDE31, 0xC4AB, 0x48E0, 0x2882, 0x38A1, 0x30A2, 0x3081, 0x2881,
    0x2881, 0x2881, 0x2881, 0x2881, 0x2041, 0x322A, 0xBACC, 0xFAAC,
    0xF30D, 0xF30C, 0xF2AB, 0xF24C, 0xFA48, 0x5880, 0x28A2, 0x40A0,
    0x1820, 0x1020, 0x1820, 0x1820, 0x1020, 0x0820, 0x1840, 0x1020,
    0x20A2, 0x48C2, 0x40C2, 0x48A1, 0x2041, 0x38A2, 0x4081, 0x40A2,
    0x50E2, 0x50E2, 0x5080, 0x2841, 0x4247, 0x9389, 0x9B48, 0x9307,
    0x5923, 0x5903, 0x5123, 0x5123, 0x5103, 0x5103, 0x5103, 0x6143,
    0x6143, 0x6143, 0x6143, 0x6143, 0x5943, 0x38C2, 0x6143, 0x6164,
    0x6163, 0x6164, 0x6164, 0x6164, 0x6184, 0x6984, 0x6984, 0x6984,
    0x6984, 0x71E5, 0xABED, 0x8A67, 0x7183, 0x81A3, 0xA264, 0xCC6A,
    0xCCCD, 0xCCAC, 0xDD90, 0xEE55, 0xDD91, 0xDD70, 0xCCEE, 0xCCAC,
    0xE5D2, 0xE5F3, 0xD4EE, 0xCC8C, 0xCCAD, 0xCCAD, 0xCC8D, 0xC48C,
    0xC46C, 0xC44C, 0xCC8D, 0x8A87, 0x6163, 0x38E2, 0x8205, 0xA2C8,
    0x9287, 0x9287, 0x8A67, 0x9287, 0x61A4, 0xA3EA, 0xBC8D, 0xBC6C,
    0xB46C, 0xB46C, 0xB46C, 0xB46C, 0xB46C, 0xB44C, 0xB44B, 0xB44B,
    0xBC6C, 0x8287, 0x5964, 0x8A26, 0x8A67, 0xBC6C, 0xAC2B, 0x3103,
    0x40E2, 0x4902, 0x3902, 0x3923, 0x4163, 0x5102, 0x89A4, 0xACCF,
    0x9C6E, 0x7B29, 0x7267, 0x7A66, 0x61C3, 0x7A45, 0x79E5, 0x9A45,
    0x7A45, 0x9285, 0x8A85, 0x8B08, 0x8B8A, 0xACCE, 0xE631, 0xF693,
    0xF737, 0xFFFF, 0xFFFF, 0xFFFF, 0xFFFF, 0xFFFF, 0xFFFF, 0xFFFF,
    0xFFFF, 0xFFFF, 0xFFFF, 0xFFFF, 0xFFFF, 0xFFFF, 0xFFDE, 0xFFDE,
    0xFFFE, 0xFFFE, 0xFFFE, 0xFFFE, 0xFFFE, 0xFFDE, 0xFFFE, 0xFFFE,
    0xFFFE, 0xFFDE, 0xFFDE, 0xFFDE, 0xFFDE, 0xFFDE, 0xFFDE, 0xFFDE,
    0xFFDE, 0xFFDE, 0xFFDE, 0xFFDE, 0xFFDE, 0xFFDE, 0xFFDE, 0xFFDE,
    0xFFDE, 0xFFDE, 0xFFDE, 0xFFDE, 0xFFDE, 0xFFFE, 0xC3C9, 0x9AC9,
    0xFFDF, 0xFFDE, 0xFFDE, 0xFFDE, 0xFFDE, 0xFFDE, 0xFFDE, 0xFFDE,
    0xFFDE, 0xFFDE, 0xFFDE, 0xFFDE, 0xFFDE, 0xFFDE, 0xFFDE, 0xFFDE,
    0xFFDE, 0xFFDE, 0xFFDE, 0xFFFF, 0xFFFE, 0xFFFF, 0xF793, 0xF77C,
    0xFFFF, 0xFFFF, 0xFFFF, 0xFFFF, 0xFFFF, 0xFFFF, 0xFFFF, 0xFFFF,
    0xFFFF, 0xFFFF, 0xFFFF, 0xFFFF, 0xFFFF, 0xFFFF, 0xFFFE, 0xE610,
    0xBD0D, 0xDE32, 0xBC69, 0x50C1, 0x38A2, 0x30A1, 0x30A1, 0x3081,
    0x2881, 0x2881, 0x2881, 0x2860, 0x2967, 0x8AEC, 0xFACC, 0xF2ED,
    0xF34F, 0xF36E, 0xF32C, 0xFAAB, 0xA922, 0x2881, 0x48A1, 0x1820,
    0x1020, 0x1820, 0x1861, 0x20A0, 0x1840, 0x1820, 0x1020, 0x1061,
    0x40E2, 0x48E2, 0x48C2, 0x50E2, 0x3860, 0x2882, 0x48A1, 0x4081,
    0x48C2, 0x50C1, 0x50C2, 0x50C1, 0x3041, 0x29C6, 0x8389, 0x9B27,
    0x5923, 0x5103, 0x5103, 0x5103, 0x5103, 0x5103, 0x6123, 0x6143,
    0x6144, 0x6143, 0x6143, 0x6143, 0x38C3, 0x50E2, 0x6143, 0x5943,
    0x6143, 0x6164, 0x6164, 0x6164, 0x69C4, 0x6184, 0x6184, 0x6184,
    0x6984, 0x6984, 0x8288, 0xB46E, 0x9B6A, 0x79C4, 0x81A3, 0xA264,
    0xC3A8, 0xC42A, 0xD50F, 0xE5D2, 0xD52F, 0xD550, 0xCCAD, 0xCCCD,
    0xD4EE, 0xDD71, 0xE5B2, 0xD550, 0xC46C, 0xCCAD, 0xCC8D, 0xC46D,
    0xC46C, 0xCC6C, 0xB3EB, 0x6983, 0x5963, 0x40E2, 0x9AA7, 0x92A7,
    0x9287, 0x9287, 0x8A67, 0x9287, 0x6A06, 0x8B48, 0xC4ED, 0xBCAC,
    0xBC8C, 0xBC6C, 0xB46C, 0xB44C, 0xB44C, 0xB44B, 0xB44C, 0xB44C,
    0xB46C, 0xA369, 0x5964, 0x71E5, 0x8206, 0x92E7, 0xC4AC, 0x9369,
    0x28C2, 0x58E2, 0x6922, 0x5922, 0x4102, 0x3123, 0x58E1, 0x9225,
    0xBD91, 0xBD91, 0xBD91, 0xBD71, 0xB530, 0xCDB2, 0xE655, 0xDE14,
    0xDDF4, 0xD5D2, 0xCDD2, 0xCDF2, 0xCDF2, 0xDDF1, 0xE631, 0xEE30,
    0xF778, 0xFFFF, 0xFFFF, 0xFFFF, 0xFFFF, 0xFFFF, 0xFFFF, 0xFFFF,
    0xFFFF, 0xFFFF, 0xFFFF, 0xFFFF, 0xFFFF, 0xFFFF, 0xFFDE, 0xFFDE,
    0xFFDE, 0xFFDE, 0xFFDE, 0xFFFE, 0xFFFE, 0xFFFE, 0xFFDE, 0xFFDE,
    0xFFDE, 0xFFDE, 0xFFDE, 0xFFDE, 0xFFDE, 0xFFDE, 0xFFDE, 0xFFDE,
    0xFFDE, 0xFFDE, 0xFFDE, 0xFFDE, 0xFFDE, 0xFFDE, 0xFFDE, 0xFFDE,
    0xFFDE, 0xFFDE, 0xFFDE, 0xFFDE, 0xFFDE, 0xFFDE, 0xFFFF, 0xCC6D,
    0xBC51, 0xFFFF, 0xFFBE, 0xFFDE, 0xFFDE, 0xFFDE, 0xFFDE, 0xFFDE,
    0xFFDE, 0xFFDE, 0xFFDE, 0xFFDE, 0xFFDE, 0xFFDE, 0xFFDE, 0xFFDE,
    0xFFDE, 0xFFDE, 0xFFDE, 0xFFDE, 0xFFDE, 0xFFDF, 0xFFBD, 0xE5B3,
    0xF79F, 0xFFFF, 0xFFFF, 0xFFFF, 0xFFFF, 0xFFFF, 0xFFFF, 0xFFFF,
    0xFFFF, 0xFFFF, 0xFFFF, 0xFFFF, 0xFFFF, 0xFFFF, 0xFFFF, 0xFFFE,
    0xDDD0, 0xBD2E, 0xDE31, 0xB3E8, 0x4880, 0x38A2, 0x30A1, 0x3082,
    0x3081, 0x2881, 0x2860, 0x20A4, 0x5B0E, 0xEB0D, 0xFAEC, 0xF2CD,
    0xF32F, 0xF36E, 0xFB6D, 0xEA06, 0x48A1, 0x40C1, 0x2840, 0x1020,
    0x1820, 0x1820, 0x1840, 0x2040, 0x1020, 0x1840, 0x3061, 0x38C3,
    0x5123, 0x5103, 0x5103, 0x5103, 0x50C1, 0x2861, 0x48A2, 0x4881,
    0x40A2, 0x50E2, 0x50C1, 0x50C2, 0x58E1, 0x4040, 0x2924, 0x7B07,
    0x5923, 0x5103, 0x5103, 0x5103, 0x5103, 0x5903, 0x6943, 0x6144,
    0x6143, 0x6143, 0x6143, 0x5123, 0x38A2, 0x6143, 0x5943, 0x5943,
    0x5943, 0x5944, 0x6164, 0x6164, 0x6164, 0x6184, 0x6184, 0x6184,
    0x6184, 0x6184, 0x6143, 0x69A4, 0xA3AB, 0xB44E, 0x9266, 0x89A3,
    0xA265, 0xBB27, 0xC3A8, 0xE5B2, 0xDD4F, 0xD4CD, 0xD54F, 0xCCAD,
    0xCCAD, 0xD530, 0xD50E, 0xDD91, 0xDD71, 0xC46C, 0xC48D, 0xC48D,
    0xC44C, 0xCC8D, 0x8287, 0x6163, 0x4103, 0x6163, 0xA2C7, 0x9287,
    0x9287, 0x9287, 0x8A67, 0x9267, 0x7206, 0x61A4, 0xA308, 0xA369,
    0xABEA, 0xB44C, 0xBC8C, 0xB48C, 0xB44C, 0xB42B, 0xB44B, 0xB44C,
    0xB46C, 0xABEB, 0x8206, 0x5164, 0x8226, 0x79E6, 0x9B28, 0xC4CD,
    0x8328, 0x30C2, 0x58E2, 0x5902, 0x60E2, 0x5902, 0x3903, 0x60C1,
    0x9AE8, 0xBD91, 0xB50F, 0xBD50, 0xBD50, 0xC591, 0xEE95, 0xF696,
    0xEE75, 0xE633, 0xD5D2, 0xC591, 0xC590, 0xD5D0, 0xEE31, 0xEE51,
    0xFF7C, 0xFFFF, 0xFFFF, 0xFFFF, 0xFFFF, 0xFFFF, 0xFFFF, 0xFFFF,
    0xFFFF, 0xFFFF, 0xFFFF, 0xFFFF, 0xFFFF, 0xFFDE, 0xFFDE, 0xFFDE,
    0xFFFE, 0xFFFE, 0xFFDE, 0xFFDE, 0xFFDE, 0xFFDE, 0xFFDE, 0xFFDE,
    0xFFDE, 0xFFDE, 0xFFDE, 0xFFDE, 0xFFDE, 0xFFDE, 0xFFDE, 0xFFDE,
    0xFFDE, 0xFFDE, 0xFFDE, 0xFFDE, 0xFFDE, 0xFFDE, 0xFFDE, 0xFFDE,
    0xFFDE, 0xFFDE, 0xFFDE, 0xFFDE, 0xFFDE, 0xFFDE, 0xFFBE, 0xFFFF,
    0xD4AE, 0xCD55, 0xFFFF, 0xFFBE, 0xFFDE, 0xFFDE, 0xFFDE, 0xFFDE,
    0xFFDE, 0xFFDE, 0xFFDE, 0xFFDE, 0xFFDE, 0xFFDE, 0xFFDE, 0xFFDE,
    0xFFDE, 0xFFDE, 0xFFDE, 0xFFDE, 0xFFDE, 0xFFDE, 0xFFFF, 0xFF39,
    0xDDF6, 0xFFFF, 0xFFFF, 0xFFFF, 0xFFFF, 0xFFFF, 0xFFFF, 0xFFFF,
    0xFFFF, 0xFFFF, 0xFFFF, 0xFFFF, 0xFFFF, 0xFFFF, 0xFFFF, 0xFFFF,
    0xFFFE, 0xD590, 0xC56F, 0xDE31, 0xA366, 0x4060, 0x38A2, 0x30A1,
    0x3082, 0x3081, 0x2862, 0x3A4B, 0xCB0D, 0xFB0D, 0xF34D, 0xF30D,
    0xF2CB, 0xF26B, 0xFA49, 0x8102, 0x38C1, 0x3060, 0x1020, 0x1840,
    0x1820, 0x1820, 0x2020, 0x2041, 0x2041, 0x1841, 0x2861, 0x50A1,
    0x5082, 0x50C2, 0x50C1, 0x5081, 0x5080, 0x3000, 0x3082, 0x50A2,
    0x48A2, 0x50E2, 0x50E2, 0x50C2, 0x50C2, 0x50C2, 0x4860, 0x2881,
    0x5123, 0x5103, 0x5103, 0x5103, 0x5103, 0x6943, 0x6143, 0x6143,
    0x6143, 0x6143, 0x6144, 0x30C3, 0x50E2, 0x5943, 0x5943, 0x5943,
    0x5943, 0x5943, 0x5964, 0x6164, 0x6164, 0x6164, 0x6184, 0x6184,
    0x6184, 0x6184, 0x6984, 0x6184, 0x6163, 0x8AA8, 0xBC6F, 0xA36A,
    0x89E3, 0x9A24, 0xB2C6, 0xBB47, 0xE591, 0xDD2F, 0xD4CD, 0xD52F,
    0xC46B, 0xCC8C, 0xDD50, 0xCC8C, 0xD550, 0xDD91, 0xC44C, 0xC44C,
    0xC42C, 0xC42B, 0x71E5, 0x5963, 0x30C2, 0x8A25, 0x9AA7, 0x9267,
    0x9267, 0x9267, 0x8A67, 0x9267, 0x8226, 0x5143, 0x8A26, 0x8206,
    0x8226, 0x8A67, 0x9B08, 0xABCA, 0xB44B, 0xBC6C, 0xB46C, 0xB44C,
    0xB42B, 0xB44C, 0x92A7, 0x69A5, 0x61A4, 0x8A46, 0x79E5, 0x9B28,
    0xC4CD, 0x8B69, 0x30C2, 0x50C2, 0x5902, 0x58E2, 0x5902, 0x5102,
    0x68C1, 0xABCA, 0xBD91, 0xBD30, 0xBD50, 0xB530, 0xDE13, 0xF696,
    0xEE55, 0xE633, 0xDDD2, 0xCDB1, 0xCDB0, 0xDDF0, 0xE630, 0xEE93,
    0xFFFF, 0xFFFF, 0xFFFF, 0xFFFF, 0xFFFF, 0xFFFF, 0xFFFF, 0xFFFF,
    0xFFFF, 0xFFFF, 0xFFFF, 0xFFFF, 0xFFFF, 0xFFDE, 0xFFDE, 0xFFDE,
    0xFFDE, 0xFFDE, 0xFFDE, 0xFFDE, 0xFFDE, 0xFFDE, 0xFFDE, 0xFFDE,
    0xFFDE, 0xFFDE, 0xFFDE, 0xFFDE, 0xFFDE, 0xFFDE, 0xFFDE, 0xFFDE,
    0xFFDE, 0xFFDE, 0xFFDE, 0xFFDE, 0xFFDE, 0xFFDE, 0xFFDE, 0xFFDE,
    0xFFDE, 0xFFDE, 0xFFDE, 0xFFDE, 0xFFDE, 0xFFFE, 0xFFDE, 0xFFDE,
    0xFFFD, 0xBBAB, 0xE6FC, 0xFFFF, 0xFFDE, 0xFFDE, 0xFFDE, 0xFFDE,
    0xFFDE, 0xFFDE, 0xFFDE, 0xFFDE, 0xFFDE, 0xFFDE, 0xFFDE, 0xFFDE,
    0xFFDE, 0xFFDE, 0xFFDE, 0xFFDE, 0xFFDE, 0xFFDE, 0xFFBE, 0xFFFF,
    0xF6F7, 0xE6FB, 0xFFFF, 0xFFFF, 0xFFFF, 0xFFFF, 0xFFFF, 0xFFFF,
    0xFFFF, 0xFFFF, 0xFFFF, 0xFFFF, 0xFFFF, 0xFFFF, 0xFFFF, 0xFFFF,
    0xFFFF, 0xFFDD, 0xCD6F, 0xCDAF, 0xDE10, 0x9AC5, 0x3041, 0x38A2,
    0x30A2, 0x3041, 0x2989, 0xA32E, 0xFACD, 0xF2EE, 0xF2CB, 0xF2EC,
    0xF28B, 0xFA6B, 0xC163, 0x30A1, 0x40A1, 0x1820, 0x1841, 0x1841,
    0x2041, 0x2041, 0x2062, 0x48C1, 0x2000, 0x1042, 0x51C6, 0x932A,
    0xA42E, 0xB4F1, 0xC551, 0xC4D0, 0xB3EB, 0x8A25, 0x5922, 0x5081,
    0x4861, 0x50C2, 0x58E2, 0x58E2, 0x58E2, 0x50C2, 0x50C2, 0x50A1,
    0x5103, 0x5103, 0x5103, 0x5903, 0x6123, 0x6143, 0x6143, 0x6143,
    0x6143, 0x6143, 0x4903, 0x38A2, 0x5923, 0x5923, 0x5923, 0x5923,
    0x5943, 0x5943, 0x5943, 0x5963, 0x6184, 0x6164, 0x6164, 0x6184,
    0x6184, 0x6184, 0x6184, 0x6184, 0x6184, 0x6163, 0x69A4, 0xA3AC,
    0xABCC, 0x9245, 0x89E3, 0x9A44, 0xB2C6, 0xD4CE, 0xDCEE, 0xD4AD,
    0xC3EA, 0xC3EA, 0xCC8C, 0xD50F, 0xC3EA, 0xD4EF, 0xDD71, 0xC3EA,
    0xC3A9, 0xA2E7, 0x6163, 0x4943, 0x40E2, 0xA2A7, 0x9AA8, 0x9A87,
    0x9287, 0x9267, 0x8A67, 0x8A46, 0x8A47, 0x5164, 0x8A46, 0x8A47,
    0x8A46, 0x8226, 0x8206, 0x8206, 0x8A66, 0x9B08, 0xABCA, 0xB44B,
    0xB46C, 0xBC6C, 0x9B69, 0x8206, 0x5984, 0x79E5, 0x8226, 0x8205,
    0x9B08, 0xC4AC, 0x9C0B, 0x4943, 0x48C2, 0x5902, 0x5102, 0x5902,
    0x48E2, 0x60E1, 0xB46D, 0xBD91, 0xBD50, 0xBD50, 0xC591, 0xEE75,
    0xEE75, 0xE633, 0xDDF3, 0xD613, 0xD5B0, 0xE610, 0xE630, 0xF6F7,
    0xFFFF, 0xFFFF, 0xFFFF, 0xFFFF, 0xFFFF, 0xFFFF, 0xFFFF, 0xFFFF,
    0xFFFF, 0xFFFF, 0xFFFF, 0xFFFF, 0xFFDE, 0xFFDE, 0xFFDE, 0xFFDE,
    0xFFDE, 0xFFDE, 0xFFDE, 0xFFDE, 0xFFDE, 0xFFDE, 0xFFDE, 0xFFDE,
    0xFFDE, 0xFFDE, 0xFFDE, 0xFFDE, 0xFFDE, 0xFFDE, 0xFFDE, 0xFFDE,
    0xFFDE, 0xFFDE, 0xFFDE, 0xFFDE, 0xFFDE, 0xFFDE, 0xFFDE, 0xFFDE,
    0xFFDE, 0xFFDE, 0xFFDE, 0xFFDE, 0xFFDE, 0xFFDE, 0xFFFE, 0xFFDE,
    0xFFFF, 0xF696, 0xB3EE, 0xFFFF, 0xFFDE, 0xFFDE, 0xFFDE, 0xFFDE,
    0xFFDE, 0xFFDE, 0xFFDE, 0xFFDE, 0xFFDE, 0xFFDE, 0xFFDE, 0xFFDE,
    0xFFDE, 0xFFDE, 0xFFDE, 0xFFDE, 0xFFDE, 0xFFDE, 0xFFDE, 0xFFBE,
    0xFFDD, 0xE5D3, 0xF79F, 0xFFFF, 0xFFFF, 0xFFFF, 0xFFFF, 0xFFFF,
    0xFFFF, 0xFFFF, 0xFFFF, 0xFFFF, 0xFFFF, 0xFFFF, 0xFFFF, 0xFFFF,
    0xFFFF, 0xFFFF, 0xFFBC, 0xD56E, 0xD5D0, 0xDDF0, 0x8A43, 0x3061,
    0x3881, 0x2906, 0x7B2D, 0xF30D, 0xF30F, 0xF330, 0xF30E, 0xF2AB,
    0xF2CD, 0xF227, 0x50A1, 0x40C2, 0x2841, 0x1841, 0x2041, 0x2041,
    0x2041, 0x2042, 0x4103, 0x6925, 0x730D, 0xB5D6, 0xF75C, 0xFFFE,
    0xFFFF, 0xFFFF, 0xFFFF, 0xFFFF, 0xFFFF, 0xFF99, 0xE5B1, 0xBC8E,
    0x9B49, 0x7A05, 0x6102, 0x50A1, 0x5081, 0x50A2, 0x50C2, 0x50E2,
    0x5123, 0x5103, 0x5903, 0x6943, 0x6143, 0x6123, 0x6143, 0x6143,
    0x6143, 0x5943, 0x30A2, 0x50E2, 0x5123, 0x5923, 0x5923, 0x5923,
    0x5943, 0x5943, 0x5944, 0x5944, 0x5964, 0x5964, 0x5964, 0x6164,
    0x6184, 0x6184, 0x6164, 0x6164, 0x6184, 0x6184, 0x6184, 0x6143,
    0x7A46, 0xB44E, 0xA38B, 0x8A25, 0x89C4, 0x9204, 0xBBCA, 0xBB89,
    0xB2E6, 0xBB68, 0xBB68, 0xD46D, 0xCC4C, 0xBB47, 0xCC2B, 0xDCEF,
    0xA2A6, 0x71A4, 0x5984, 0x38E3, 0x4903, 0x5143, 0x5964, 0x71C5,
    0x8226, 0x8A46, 0x9267, 0x8A67, 0x9267, 0x5164, 0x7A05, 0x8A46,
    0x8226, 0x8226, 0x8226, 0x8A26, 0x8206, 0x81E6, 0x8206, 0x8A46,
    0x9B08, 0xABCA, 0xB44B, 0x8A67, 0x7A06, 0x5164, 0x8A26, 0x8226,
    0x81E6, 0x92A7, 0xC4AC, 0xA40B, 0x38E2, 0x48E2, 0x50E2, 0x5922,
    0x5902, 0x48C1, 0x7163, 0xBD50, 0xBD71, 0xBD50, 0xC571, 0xDDF2,
    0xE633, 0xDE13, 0xD5F2, 0xDE71, 0xD5D0, 0xE610, 0xEE30, 0xF75B,
    0xFFFF, 0xFFFF, 0xFFFF, 0xFFFF, 0xFFFF, 0xFFFF, 0xFFFF, 0xFFFF,
    0xFFFF, 0xFFFF, 0xFFFF, 0xFFDE, 0xFFDE, 0xFFDE, 0xFFDE, 0xFFDE,
    0xFFDE, 0xFFDE, 0xFFDE, 0xFFDE, 0xFFDE, 0xFFDE, 0xFFDE, 0xFFDE,
    0xFFDE, 0xFFDE, 0xFFDE, 0xFFDE, 0xFFDE, 0xFFDE, 0xFFDE, 0xFFDE,
    0xFFDE, 0xFFDE, 0xFFDE, 0xFFDE, 0xFFDE, 0xFFDE, 0xFFDE, 0xFFDE,
    0xFFDE, 0xFFDE, 0xFFDE, 0xFFDE, 0xFFDE, 0xFFDE, 0xFFDE, 0xFFDE,
    0xFFBE, 0xFFFF, 0xCC8E, 0xCDB7, 0xFFFF, 0xFFBE, 0xFFDE, 0xFFDE,
    0xFFDE, 0xFFDE, 0xFFDE, 0xFFDE, 0xFFDE, 0xFFDE, 0xFFDE, 0xFFDE,
    0xFFDE, 0xFFDE, 0xFFBE, 0xFFDE, 0xFFDE, 0xFFDE, 0xFFDE, 0xFFDE,
    0xFFFF, 0xFF59, 0xDDF6, 0xFFFF, 0xFFFF, 0xFFFF, 0xFFFF, 0xFFFF,
    0xFFFF, 0xFFFF, 0xFFFF, 0xFFFF, 0xFFFF, 0xFFFF, 0xFFFF, 0xFFFF,
    0xFFFF, 0xFFFF, 0xFFFF, 0xFF38, 0xC52E, 0xD611, 0xD5AF, 0x7181,
    0x2884, 0x5ACD, 0xE32D, 0xFB2E, 0xF32E, 0xF2CD, 0xF30E, 0xF2EE,
    0xFACC, 0x8902, 0x38C2, 0x3882, 0x1842, 0x2062, 0x2062, 0x2062,
    0x2862, 0x30E4, 0x6923, 0x832F, 0xEF7D, 0xFFFF, 0xFFFF, 0xFFFF,
    0xFFFF, 0xFFFF, 0xFFFF, 0xFFDE, 0xFFDE, 0xF738, 0xE633, 0xDE34,
    0xDE34, 0xD5F3, 0xC530, 0xAC0C, 0x8AC8, 0x71A4, 0x5903, 0x50A2,
    0x5903, 0x6123, 0x6943, 0x6143, 0x6143, 0x6143, 0x6143, 0x6143,
    0x6143, 0x38E3, 0x40A2, 0x5923, 0x5103, 0x5123, 0x5123, 0x5923,
    0x5943, 0x5943, 0x5943, 0x5943, 0x5943, 0x5964, 0x5964, 0x5964,
    0x5943, 0x5943, 0x6164, 0x6164, 0x5964, 0x6163, 0x6184, 0x6184,
    0x5922, 0x7A26, 0xCD52, 0xABEC, 0x9B29, 0x9287, 0x81E4, 0xAB4A,
    0xAB08, 0xA265, 0xAAC6, 0xB2E6, 0xCC2C, 0xB307, 0xA245, 0xAB29,
    0xB40D, 0x6183, 0x5143, 0x38E2, 0x5963, 0x38E3, 0x38C2, 0x38C2,
    0x38C2, 0x4102, 0x5143, 0x71A4, 0x8A26, 0x5184, 0x71C5, 0x9267,
    0x8A26, 0x8226, 0x8226, 0x8226, 0x8206, 0x8226, 0x8226, 0x8226,
    0x79E5, 0x81E5, 0x9287, 0x8A87, 0x8A26, 0x69C5, 0x61A4, 0x8A46,
    0x8226, 0x81E6, 0x8A66, 0xC4AC, 0x7B08, 0x30C2, 0x5163, 0x48A1,
    0x50E2, 0x5902, 0x50A1, 0x8246, 0xC5B1, 0xBD71, 0xBD70, 0xCD91,
    0xCDB1, 0xCDB1, 0xCDB1, 0xD5B0, 0xD5D0, 0xE60F, 0xEE52, 0xFFBD,
    0xFFFF, 0xFFFF, 0xFFFF, 0xFFFF, 0xFFFF, 0xFFFF, 0xFFFF, 0xFFFF,
    0xFFFF, 0xFFFF, 0xFFDE, 0xFFDE, 0xFFDE, 0xFFDE, 0xFFDE, 0xFFDE,
    0xFFDE, 0xFFDE, 0xFFDE, 0xFFDE, 0xFFDE, 0xFFDE, 0xFFDE, 0xFFDE,
    0xFFDE, 0xFFDE, 0xFFDE, 0xFFDE, 0xFFDE, 0xFFDE, 0xFFDE, 0xFFDE,
    0xFFDE, 0xFFDE, 0xFFDE, 0xFFDE, 0xFFDE, 0xFFDE, 0xFFDE, 0xFFDE,
    0xFFDE, 0xFFDE, 0xFFDE, 0xFFDE, 0xFFDE, 0xFFDE, 0xFFDE, 0xFFDE,
    0xFFDE, 0xFFDF, 0xFF7A, 0xAB8C, 0xF79F, 0xFFDE, 0xFFDE, 0xFFDE,
    0xFFDE, 0xFFDE, 0xFFDE, 0xFFDE, 0xFFDE, 0xFFDE, 0xFFDE, 0xFFDE,
    0xFFDE, 0xFFDE, 0xFFDE, 0xFFDE, 0xFFDE, 0xFFDE, 0xFFDE, 0xFFDE,
    0xFFBE, 0xFFFF, 0xF675, 0xE6DC, 0xFFFF, 0xFFFF, 0xFFFF, 0xFFFF,
    0xFFFF, 0xFFFF, 0xFFFF, 0xFFFF, 0xFFFF, 0xFFFF, 0xFFFF, 0xFFFF,
    0xFFFF, 0xFFFF, 0xFFFF, 0xFFFF, 0xE612, 0xC54E, 0xDE12, 0xCD0D,
    0x6AAA, 0xC34D, 0xFB4D, 0xF32E, 0xF34E, 0xF2EC, 0xF2CC, 0xFAED,
    0xC1C5, 0x38C2, 0x48E3, 0x2062, 0x2062, 0x2063, 0x2883, 0x2883,
    0x2884, 0x5144, 0x71EA, 0xC6BC, 0xFFFF, 0xFFFF, 0xFFFF, 0xFFFF,
    0xFFFF, 0xFFFF, 0xFFFF, 0xFFBC, 0xF739, 0xEE95, 0xDE13, 0xD5D3,
    0xD5D3, 0xCDD3, 0xCDF4, 0xD614, 0xD634, 0xD632, 0xCD0E, 0xAC0B,
    0x6943, 0x6943, 0x6143, 0x6143, 0x6143, 0x6143, 0x6143, 0x6143,
    0x5123, 0x2882, 0x5102, 0x5123, 0x5103, 0x5123, 0x5123, 0x5123,
    0x5123, 0x5143, 0x5943, 0x5964, 0x5943, 0x5963, 0x5964, 0x5943,
    0x7A67, 0x7A67, 0x5943, 0x5943, 0x61A4, 0x6184, 0x5943, 0x69E5,
    0x69C5, 0x69C5, 0xB48F, 0x8AE8, 0x932A, 0x8AC8, 0x932A, 0xA36A,
    0x9B29, 0x7983, 0x81E4, 0x89E4, 0x9286, 0xAB8A, 0x79C4, 0x6963,
    0x82A8, 0x9BAC, 0x40E2, 0x30A2, 0x40E2, 0x38C2, 0x40E2, 0x38E3,
    0x38E2, 0x38C2, 0x30A2, 0x30C2, 0x40E2, 0x38E2, 0x5123, 0x71E5,
    0x8206, 0x8A46, 0x8A46, 0x8226, 0x8206, 0x8206, 0x8206, 0x8226,
    0x8AA7, 0x8226, 0x81E5, 0x8A46, 0x8266, 0x8A26, 0x59A4, 0x71E5,
    0x8A46, 0x8226, 0x8206, 0x9AC7, 0xAC2B, 0x4143, 0xA40A, 0x7266,
    0x48C1, 0x48A1, 0x50E2, 0x50A1, 0x7A05, 0xBCEE, 0xBD91, 0xBD91,
    0xC571, 0xC570, 0xC590, 0xCDB0, 0xDDF0, 0xE60F, 0xEE93, 0xFFFF,
    0xFFFF, 0xFFFF, 0xFFFF, 0xFFFF, 0xFFFF, 0xFFFF, 0xFFFF, 0xFFFF,
    0xFFDE, 0xFFDE, 0xFFDE, 0xFFDE, 0xFFDE, 0xFFDE, 0xFFDE, 0xFFDE,
    0xFFDE, 0xFFDE, 0xFFDE, 0xFFDE, 0xFFDE, 0xFFDE, 0xFFDE, 0xFFDE,
    0xFFDE, 0xFFDE, 0xFFDE, 0xFFDE, 0xFFDE, 0xFFDE, 0xFFDE, 0xFFDE,
    0xFFDE, 0xFFDE, 0xFFDE, 0xFFDE, 0xFFDE, 0xFFDE, 0xFFDE, 0xFFDE,
    0xFFDE, 0xFFDE, 0xFFDE, 0xFFDE, 0xFFDE, 0xFFDE, 0xFFDE, 0xFFDE,
    0xFFDE, 0xFFBE, 0xFFFF, 0xD4CF, 0xC576, 0xFFFF, 0xFFBE, 0xFFDE,
    0xFFDE, 0xFFDE, 0xFFDE, 0xFFDE, 0xFFDE, 0xFFDE, 0xFFDE, 0xFFDE,
    0xFFDE, 0xFFDE, 0xFFDE, 0xFFBE, 0xFFBE, 0xFFDE, 0xFFDE, 0xFFDE,
    0xFFDE, 0xFFDE, 0xFFDC, 0xE5F5, 0xF7DF, 0xFFFF, 0xFFFF, 0xFFFF,
    0xFFFF, 0xFFFF, 0xFFFF, 0xFFFF, 0xFFFF, 0xFFFF, 0xFFFF, 0xFFFF,
    0xFFFF, 0xFFFF, 0xFFFF, 0xFFFF, 0xFFFD, 0xCD2D, 0xCDD1, 0xC570,
    0xBB8E, 0xFB6E, 0xF36E, 0xF34E, 0xF36F, 0xF32D, 0xF2EE, 0xEA89,
    0x50E2, 0x4904, 0x38A3, 0x2083, 0x2883, 0x2883, 0x2883, 0x2883,
    0x3905, 0x6923, 0x8B92, 0xF7FF, 0xFFFF, 0xFFFF, 0xFFFF, 0xFFFF,
    0xFFFF, 0xFFFF, 0xFFFF, 0xFF9A, 0xEE94, 0xE654, 0xE634, 0xDE14,
    0xD5F3, 0xD5D3, 0xCDD3, 0xCDD3, 0xD5D0, 0xBC0C, 0xA430, 0xB4D2,
    0x6943, 0x6143, 0x6143, 0x6123, 0x6143, 0x6143, 0x6143, 0x6143,
    0x30C2, 0x40A2, 0x5123, 0x5103, 0x5103, 0x5103, 0x5103, 0x5123,
    0x5123, 0x5123, 0x5943, 0x5964, 0x5143, 0x5943, 0x5964, 0x5123,
    0x82C9, 0xAC2E, 0x82E9, 0x61A4, 0x5123, 0x5964, 0x5143, 0x7226,
    0x7A67, 0x5102, 0x9BCC, 0x934A, 0x7226, 0x82A8, 0x5963, 0x69C5,
    0x6163, 0x6163, 0x6163, 0x6184, 0x6143, 0x82A8, 0x82A8, 0x5123,
    0x4902, 0x8B0A, 0x72A9, 0x3061, 0x38E3, 0x38C2, 0x38E2, 0x38C3,
    0x38C3, 0x38C3, 0x38C3, 0x30C2, 0x30C2, 0x30A2, 0x2881, 0x38C2,
    0x4103, 0x5143, 0x69A4, 0x79E5, 0x8A26, 0x8A26, 0x8226, 0x8206,
    0x8226, 0x8AC7, 0x8246, 0x8205, 0x8226, 0x8226, 0x8226, 0x5184,
    0x7A05, 0x8A66, 0x92A7, 0x7A06, 0x92A7, 0x51A4, 0xA3EA, 0xC4CC,
    0x9BAA, 0x6A25, 0x4902, 0x40A1, 0x4060, 0x7A04, 0xA3AA, 0xB4AE,
    0xC591, 0xCDD1, 0xCDD1, 0xD5F1, 0xDDCF, 0xE60F, 0xEED6, 0xFFFF,
    0xFFFF, 0xFFFF, 0xFFFF, 0xFFFF, 0xFFFF, 0xFFFF, 0xFFDF, 0xFFDE,
    0xFFDE, 0xFFDE, 0xFFDE, 0xFFDE, 0xFFDE, 0xFFDE, 0xFFDE, 0xFFDE,
    0xFFDE, 0xFFDE, 0xFFDE, 0xFFDE, 0xFFDE, 0xFFDE, 0xFFDE, 0xFFDE,
    0xFFDE, 0xFFDE, 0xFFDE, 0xFFDE, 0xFFDE, 0xFFDE, 0xFFDE, 0xFFDE,
    0xFFDE, 0xFFDE, 0xFFDE, 0xFFDE, 0xFFDE, 0xFFDE, 0xFFDE, 0xFFDE,
    0xFFDE, 0xFFDE, 0xFFDE, 0xFFDE, 0xFFDE, 0xFFDE, 0xFFDE, 0xFFDE,
    0xFFDE, 0xFFDE, 0xFFFF, 0xF6F8, 0xABAE, 0xFFFF, 0xFFDE, 0xFFDE,
    0xFFDE, 0xFFDE, 0xFFDE, 0xFFDE, 0xFFDE, 0xFFDE, 0xFFDE, 0xFFDE,
    0xFFDE, 0xFFDE, 0xFFDE, 0xFFBE, 0xFFBE, 0xFFDE, 0xFFDE, 0xFFDE,
    0xFFDE, 0xFFDE, 0xFFFF, 0xFF18, 0xE67A, 0xFFFF, 0xFFFF, 0xFFFF,
    0xFFFF, 0xFFFF, 0xFFFF, 0xFFFF, 0xFFFF, 0xFFFF, 0xFFFF, 0xFFFF,
    0xFFFF, 0xFFFF, 0xFFFF, 0xFFFF, 0xFFFF, 0xFF16, 0xC4ED, 0xABAD,
    0xF34E, 0xF3AF, 0xF38F, 0xF390, 0xF36F, 0xF30E, 0xFB4C, 0x8963,
    0x4104, 0x48E4, 0x2883, 0x2083, 0x2884, 0x2884, 0x2883, 0x2884,
    0x5164, 0x7124, 0x9C97, 0xFFFF, 0xFFFF, 0xFFFF, 0xFFFF, 0xFFFF,
    0xFFFF, 0xFFFF, 0xFFFF, 0xFFFD, 0xF6D4, 0xE5D0, 0xC510, 0xC552,
    0xD5F3, 0xD5F3, 0xD5F4, 0xDE10, 0xB3CF, 0xBE5D, 0xF7FF, 0xFFFF,
    0x6943, 0x6143, 0x6943, 0x6983, 0x6123, 0x6123, 0x6143, 0x5123,
    0x2882, 0x5102, 0x4903, 0x4903, 0x5103, 0x5103, 0x5123, 0x5123,
    0x5123, 0x5123, 0x5123, 0x5123, 0x5143, 0x5143, 0x5143, 0x5143,
    0x5123, 0x7A88, 0x936B, 0x8B0A, 0x7226, 0x5123, 0x5123, 0x69E6,
    0x7A88, 0x5123, 0x61C4, 0xAC6F, 0x7A87, 0x6A26, 0x82C9, 0x5143,
    0x5143, 0x5963, 0x5143, 0x5143, 0x5143, 0x5123, 0x82E9, 0x61E5,
    0x5123, 0x4102, 0x7B2B, 0x6226, 0x4923, 0x4944, 0x4123, 0x4103,
    0x4103, 0x4103, 0x3903, 0x3903, 0x3903, 0x4123, 0x4185, 0x49C5,
    0x4984, 0x4964, 0x4944, 0x4964, 0x5164, 0x69A4, 0x79E5, 0x8206,
    0x8206, 0x8205, 0x8AC7, 0x8AA7, 0x81E6, 0x8226, 0x8A46, 0x7A06,
    0x61A4, 0x92A7, 0x8A66, 0x7A26, 0x7A05, 0x4923, 0x9B88, 0xC4CD,
    0xBC8C, 0xBCAC, 0xAC2B, 0x8B48, 0x7266, 0x5943, 0x6122, 0x71C4,
    0x82A7, 0x9BCA, 0xBCED, 0xDE11, 0xE631, 0xE60E, 0xEE94, 0xFFFF,
    0xFFFF, 0xFFFF, 0xFFFF, 0xFFFF, 0xFFDE, 0xFFDE, 0xFFDE, 0xFFDE,
    0xFFDE, 0xFFDE, 0xFFDE, 0xFFDE, 0xFFDE, 0xFFDE, 0xFFDE, 0xFFDE,
    0xFFDE, 0xFFDE, 0xFFDE, 0xFFDE, 0xFFDE, 0xFFDE, 0xFFDE, 0xFFDE,
    0xFFDE, 0xFFDE, 0xFFDE, 0xFFDE, 0xFFDE, 0xFFDE, 0xFFDE, 0xFFDE,
    0xFFDE, 0xFFDE, 0xFFDE, 0xFFDE, 0xFFDE, 0xFFDE, 0xFFDE, 0xFFDE,
    0xFFDE, 0xFFDE, 0xFFDE, 0xFFDE, 0xFFDE, 0xFFDE, 0xFFDE, 0xFFDE,
    0xFFDE, 0xFFDE, 0xFFDE, 0xFFFE, 0xBBCC, 0xDEDC, 0xFFFF, 0xFFDE,
    0xFFDE, 0xFFDE, 0xFFDE, 0xFFDE, 0xFFDE, 0xFFDE, 0xFFDE, 0xFFDE,
    0xFFDE, 0xFFDE, 0xFFDE, 0xFFBE, 0xFFBE, 0xFFDE, 0xFFDE, 0xFFDE,
    0xFFDE, 0xFFDE, 0xFFBE, 0xFFFE, 0xEE56, 0xF77F, 0xFFFF, 0xFFFF,
    0xFFFF, 0xFFFF, 0xFFFF, 0xFFFF, 0xFFFF, 0xFFFF, 0xFFFF, 0xFFFF,
    0xFFFF, 0xFFFF, 0xFFFF, 0xFFFF, 0xFFFF, 0xFFFB, 0xB3CD, 0xE3B1,
    0xFB8F, 0xF3B0, 0xF34E, 0xF3B1, 0xF390, 0xFB6E, 0xB9E5, 0x40E4,
    0x5125, 0x40A4, 0x2084, 0x2884, 0x2883, 0x2883, 0x2863, 0x28C4,
    0x6984, 0x6925, 0xB59A, 0xFFFF, 0xFFFF, 0xFFFF, 0xFFFF, 0xFFFF,
    0xFFFF, 0xFFFF, 0xFFFF, 0xFFFF, 0xFFDB, 0xF60F, 0xBCD0, 0xCD90,
    0xBCAF, 0xBD10, 0xBD0E, 0xAB8A, 0xADFD, 0xFFFF, 0xFFFF, 0xFFDD,
    0x6943, 0x6143, 0x6943, 0x6963, 0x6143, 0x6123, 0x6163, 0x30C3,
    0x48C2, 0x5963, 0x4903, 0x4903, 0x4903, 0x4903, 0x5103, 0x5123,
    0x5123, 0x5123, 0x5123, 0x5123, 0x5143, 0x5143, 0x5143, 0x5143,
    0x5143, 0x5123, 0x7247, 0x8B0A, 0x8B09, 0x7A88, 0x5123, 0x5984,
    0x82C9, 0x5143, 0x5123, 0x7226, 0xAC2E, 0x7A87, 0x7267, 0x7A88,
    0x5123, 0x5143, 0x5143, 0x4943, 0x4943, 0x4923, 0x5163, 0x830A,
    0x59A4, 0x30C2, 0x4123, 0x8B6B, 0x38E2, 0x38C2, 0x38C2, 0x30C2,
    0x30C2, 0x30C2, 0x30C2, 0x30C2, 0x30A2, 0x30C2, 0x30C2, 0x3903,
    0x3923, 0x3903, 0x4943, 0x51A4, 0x59C5, 0x51A5, 0x5184, 0x61C5,
    0x7A06, 0x8A26, 0x8A26, 0x8AA7, 0x8286, 0x79C4, 0x81E5, 0x92A7,
    0x8287, 0x61C4, 0x8A26, 0x8226, 0x9266, 0x61A5, 0x5983, 0xA3C9,
    0xB46B, 0xC4CC, 0xC4CD, 0xC4ED, 0xC50D, 0xB46C, 0x82A7, 0x69A4,
    0x69A4, 0x8266, 0x9307, 0x9349, 0xAC2C, 0xD592, 0xEEF8, 0xFFDE,
    0xFFDE, 0xFFDE, 0xFFBE, 0xFFDE, 0xFFDE, 0xFFDE, 0xFFDE, 0xFFDE,
    0xFFDE, 0xFFDE, 0xFFDE, 0xFFDE, 0xFFDE, 0xFFFE, 0xFFFE, 0xFFFE,
    0xFFFE, 0xFFFE, 0xFFFE, 0xFFFE, 0xFFDE, 0xFFDE, 0xFFDE, 0xFFDE,
    0xFFDE, 0xFFDE, 0xFFDE, 0xFFDE, 0xFFDE, 0xFFFE, 0xFFFE, 0xFFFE,
    0xFFFE, 0xFFFE, 0xFFFE, 0xFFFE, 0xFFFE, 0xFFDE, 0xFFDE, 0xFFDE,
    0xFFDE, 0xFFDE, 0xFFDE, 0xFFDE, 0xFFDE, 0xFFDE, 0xFFDE, 0xFFDE,
    0xFFDE, 0xFFDE, 0xFFBE, 0xFFFF, 0xDD51, 0xBD15, 0xFFFF, 0xFFBE,
    0xFFDE, 0xFFDE, 0xFFDE, 0xFFDE, 0xFFDE, 0xFFDE, 0xFFDE, 0xFFDE,
    0xFFDE, 0xFFDE, 0xFFDE, 0xFFDE, 0xFFBE, 0xFFDE, 0xFFDE, 0xFFDE,
    0xFFDE, 0xFFDE, 0xFFBE, 0xFFDF, 0xFF7A, 0xE637, 0xFFFF, 0xFFFF,
    0xFFFF, 0xFFFF, 0xFFFF, 0xFFFF, 0xFFFF, 0xFFFF, 0xFFFF, 0xFFFF,
    0xFFFF, 0xFFFF, 0xFFFF, 0xFFFF, 0xFFFE, 0xC48D, 0xD2EF, 0xFBD0,
    0xF34F, 0xF390, 0xF3B1, 0xF38F, 0xFBF0, 0xDAE8, 0x48E4, 0x4925,
    0x5104, 0x3083, 0x2083, 0x2883, 0x2883, 0x2862, 0x2062, 0x4104,
    0x6962, 0x6967, 0xC69D, 0xFFFF, 0xFFFF, 0xFFFF, 0xFFFF, 0xFFFF,
    0xFFFF, 0xFFFF, 0xFFFF, 0xFFFF, 0xFFFF, 0xFEF3, 0xCD30, 0xD634,
    0xDDF2, 0xD5F3, 0xDDAD, 0xA38F, 0xDF9F, 0xFFDF, 0xFFFF, 0xFFFF,
    0x6143, 0x6143, 0x6143, 0x6123, 0x6143, 0x6943, 0x5123, 0x3081,
    0x5102, 0x4923, 0x4903, 0x4903, 0x4903, 0x4903, 0x4903, 0x5103,
    0x5103, 0x5123, 0x5123, 0x5123, 0x5123, 0x5123, 0x5143, 0x5143,
    0x5143, 0x5143, 0x4902, 0x61C5, 0x82C9, 0x82E9, 0x82C9, 0x61C5,
    0x7A87, 0x5984, 0x4923, 0x4902, 0x7247, 0x93AC, 0x7A88, 0x936B,
    0x6206, 0x4903, 0x4943, 0x4923, 0x4923, 0x4923, 0x4102, 0x61C5,
    0x832A, 0x28A2, 0x3081, 0x7289, 0x6227, 0x3081, 0x38E2, 0x30C2,
    0x30C2, 0x30C2, 0x30C2, 0x30C2, 0x30A2, 0x30A2, 0x2882, 0x28A2,
    0x28A2, 0x30A2, 0x2882, 0x2061, 0x2881, 0x38E2, 0x4923, 0x4944,
    0x4944, 0x6184, 0x7247, 0x8AC8, 0xA38A, 0xABCD, 0x9309, 0x8286,
    0x8205, 0x6984, 0x61A4, 0x8A46, 0x8A46, 0x7A06, 0x5964, 0x8226,
    0x7A25, 0x9307, 0xAC0A, 0xBCAC, 0xC50D, 0xC50D, 0xC52E, 0xB44C,
    0x9328, 0x8266, 0x92E7, 0xAC0A, 0xAC2A, 0xAC2C, 0xC574, 0xF75B,
    0xFF9D, 0xFFBD, 0xFFBE, 0xFFDE, 0xFFDE, 0xFFDE, 0xFFDE, 0xFFDE,
    0xFFDE, 0xFFDE, 0xFFDE, 0xFFFE, 0xFFFE, 0xFFFE, 0xFFFE, 0xFFFE,
    0xFFFE, 0xFFFE, 0xFFFE, 0xFFFE, 0xFFFE, 0xFFFE, 0xFFFE, 0xFFDE,
    0xFFDE, 0xFFDE, 0xFFDE, 0xFFDE, 0xFFFE, 0xFFFE, 0xFFFE, 0xFFFE,
    0xFFFE, 0xFFFE, 0xFFFE, 0xFFFE, 0xFFFE, 0xFFDE, 0xFFDE, 0xFFDE,
    0xFFDE, 0xFFDE, 0xFFDE, 0xFFDE, 0xFFDE, 0xFFDE, 0xFFDE, 0xFFDE,
    0xFFDE, 0xFFDE, 0xFFDE, 0xFFFF, 0xFEF8, 0xABCF, 0xFFFF, 0xFFDE,
    0xFFDE, 0xFFDE, 0xFFDE, 0xFFDE, 0xFFDE, 0xFFDE, 0xFFDE, 0xFFDE,
    0xFFDE, 0xFFDE, 0xFFDE, 0xFFDE, 0xFFDE, 0xFFBE, 0xFFDE, 0xFFDE,
    0xFFDE, 0xFFDE, 0xFFDE, 0xFFBE, 0xFFFE, 0xEDF2, 0xEF7E, 0xFFFF,
    0xFFFF, 0xFFFF, 0xFFFF, 0xFFFF, 0xFFFF, 0xFFFF, 0xFFFF, 0xFFFF,
    0xFFFF, 0xFFFF, 0xFFFF, 0xFFFF, 0xD591, 0xC2CD, 0xFB90, 0xF3B0,
    0xF350, 0xF3F2, 0xF3D0, 0xF371, 0xFB8B, 0x6924, 0x4905, 0x5125,
    0x40C4, 0x2083, 0x2083, 0x2062, 0x2062, 0x2041, 0x2082, 0x5143,
    0x6942, 0x69A9, 0xCEDE, 0xFFFF, 0xFFFF, 0xFFFF, 0xFFFF, 0xFFFF,
    0xFFFF, 0xFFFF, 0xFFFF, 0xFFFF, 0xFFFF, 0xFF32, 0xC52F, 0xCE53,
    0xDE32, 0xDEB3, 0xD4A9, 0xAD5A, 0xFFFF, 0xFFFF, 0xFFFF, 0xFFFF,
    0x6143, 0x6143, 0x6143, 0x6143, 0x6123, 0x6143, 0x30C2, 0x40C1,
    0x4903, 0x48E3, 0x4903, 0x4903, 0x4903, 0x4903, 0x4903, 0x4903,
    0x5123, 0x5123, 0x5123, 0x5123, 0x5123, 0x4923, 0x5123, 0x5143,
    0x5123, 0x5143, 0x5143, 0x4903, 0x5164, 0x7A88, 0x830A, 0x8B2A,
    0x8B2A, 0x4922, 0x5164, 0x59A4, 0x40E2, 0x61E6, 0x82E9, 0x61E5,
    0x5143, 0x4923, 0x4923, 0x4923, 0x4123, 0x4123, 0x4123, 0x5123,
    0x6227, 0x6268, 0x3081, 0x4144, 0x7B0A, 0x30A2, 0x30C2, 0x30C2,
    0x30C2, 0x30A2, 0x30A2, 0x30A2, 0x30A2, 0x30A2, 0x28A2, 0x4103,
    0x4123, 0x4123, 0x4123, 0x3903, 0x30E2, 0x28A2, 0x28A2, 0x38E3,
    0x4103, 0x4103, 0x4103, 0x4103, 0x61C5, 0xB46D, 0xDDF5, 0xCD32,
    0xABED, 0xA34A, 0x7226, 0x69A4, 0x8A25, 0x8A26, 0x7A26, 0x9266,
    0x9266, 0x8246, 0x8246, 0x92C7, 0xAC0A, 0xC50E, 0xC4EE, 0xCD4F,
    0xCD6F, 0xC52F, 0xBCAD, 0xBCAD, 0xC4CC, 0xD54D, 0xD5AF, 0xE633,
    0xEED8, 0xF73B, 0xFF7C, 0xFF9D, 0xFFBE, 0xFFDE, 0xFFDE, 0xFFDE,
    0xFFDE, 0xFFDE, 0xFFFE, 0xFFFE, 0xFFFE, 0xFFFE, 0xFFFE, 0xFFFE,
    0xFFFE, 0xFFFE, 0xFFFE, 0xFFFE, 0xFFFE, 0xFFFE, 0xFFFE, 0xFFFE,
    0xFFFE, 0xFFFE, 0xFFDE, 0xFFFE, 0xFFFE, 0xFFFE, 0xFFFE, 0xFFFE,
    0xFFFE, 0xFFFE, 0xFFFE, 0xFFFE, 0xFFFE, 0xFFFE, 0xFFDE, 0xFFDE,
    0xFFDE, 0xFFDE, 0xFFDE, 0xFFDE, 0xFFDE, 0xFFDE, 0xFFDE, 0xFFDE,
    0xFFDE, 0xFFDE, 0xFFDE, 0xFFDF, 0xFFFE, 0xB3CD, 0xE71D, 0xFFFF,
    0xFFDE, 0xFFDE, 0xFFDE, 0xFFDE, 0xFFDE, 0xFFDE, 0xFFDE, 0xFFDE,
    0xFFDE, 0xFFDE, 0xFFBE, 0xFFDE, 0xFFDE, 0xFFBE, 0xFFDE, 0xFFDE,
    0xFFDE, 0xFFDE, 0xFFDE, 0xFFDE, 0xFFFF, 0xFF38, 0xDE37, 0xFFFF,
    0xFFFF, 0xFFFF, 0xFFFF, 0xFFFF, 0xFFFF, 0xFFFF, 0xFFFF, 0xFFFF,
    0xFFFF, 0xFFFF, 0xFFFF, 0xDE34, 0xBB0D, 0xFB70, 0xF3D0, 0xF370,
    0xF3D2, 0xF3D2, 0xF3D2, 0xFBCF, 0x89A5, 0x4925, 0x5925, 0x5124,
    0x40C3, 0x2062, 0x2062, 0x2061, 0x2041, 0x1821, 0x28C2, 0x6143,
    0x6921, 0x71EA, 0xDF7F, 0xFFFF, 0xFFFE, 0xEF7B, 0xDEDA, 0xD678,
    0xD5D5, 0xCD75, 0xC534, 0xCCB2, 0xCC71, 0xC3ED, 0xB32E, 0xBBCE,
    0xBB6D, 0xBC0E, 0xAAEA, 0xA414, 0xCDD7, 0xD659, 0xDEFB, 0xE73B,
    0x6143, 0x6123, 0x6143, 0x6123, 0x6123, 0x4923, 0x3081, 0x5102,
    0x48E2, 0x4903, 0x4903, 0x4903, 0x4903, 0x4903, 0x4903, 0x4903,
    0x4903, 0x4923, 0x4923, 0x4923, 0x4923, 0x4923, 0x4923, 0x4923,
    0x4923, 0x4923, 0x4923, 0x4923, 0x4923, 0x4903, 0x6206, 0x82E9,
    0xB48F, 0x7267, 0x61E5, 0x9BED, 0x7AA8, 0x59C5, 0x7266, 0x72A8,
    0x4923, 0x4923, 0x4923, 0x4123, 0x4123, 0x4103, 0x4923, 0x5164,
    0x2881, 0x6227, 0x6A68, 0x3081, 0x72A9, 0x4124, 0x30A2, 0x30C2,
    0x30A2, 0x30A2, 0x30C2, 0x30C2, 0x30A2, 0x30A2, 0x2882, 0x30C2,
    0x4123, 0x4103, 0x4123, 0x4123, 0x4123, 0x4123, 0x3903, 0x38E3,
    0x4103, 0x4924, 0x4123, 0x4123, 0x51A3, 0x59E3, 0x69C4, 0x9BAB,
    0xC4CE, 0xCD0F, 0xCD30, 0xABED, 0x8AA8, 0x8A46, 0x8A05, 0x8A25,
    0x9266, 0x92A7, 0x9AC8, 0xA308, 0x92C7, 0xB46B, 0xCD4F, 0xC50E,
    0xCD2E, 0xCD4F, 0xCD6F, 0xD58F, 0xCD6F, 0xCD4F, 0xD58F, 0xD58E,
    0xDDD0, 0xE653, 0xEEB7, 0xF73A, 0xFF7C, 0xFFBD, 0xFFBE, 0xFFDE,
    0xFFDE, 0xFFDE, 0xFFDE, 0xFFDE, 0xFFFE, 0xFFDE, 0xFFFE, 0xFFFE,
    0xFFFE, 0xFFFE, 0xFFFE, 0xFFFE, 0xFFFE, 0xFFFE, 0xFFFE, 0xFFFE,
    0xFFFE, 0xFFFE, 0xFFFE, 0xFFFE, 0xFFFE, 0xFFFE, 0xFFFE, 0xFFFE,
    0xFFFE, 0xFFFE, 0xFFFE, 0xFFFE, 0xFFFE, 0xFFFE, 0xFFDE, 0xFFDE,
    0xFFDE, 0xFFDE, 0xFFDE, 0xFFDE, 0xFFDE, 0xFFDE, 0xFFDE, 0xFFDE,
    0xFFDE, 0xFFDE, 0xFFDE, 0xFFBE, 0xFFFF, 0xD4CF, 0xC598, 0xFFFF,
    0xFFDE, 0xFFDE, 0xFFDE, 0xFFDE, 0xFFDE, 0xFFDE, 0xFFDE, 0xFFDE,
    0xFFDE, 0xFFDE, 0xFFBE, 0xFFDE, 0xFFDE, 0xFFDE, 0xFFBE, 0xFFDE,
    0xFFDE, 0xFFDE, 0xFFDE, 0xFFDE, 0xFFBE, 0xFFFF, 0xE5B3, 0xE6FD,
    0xFFFF, 0xFFFF, 0xFFFF, 0xFFFF, 0xFFFF, 0xFFFF, 0xFFFF, 0xFFFF,
    0xFFFF, 0xFFFF, 0xEE96, 0xBB70, 0xFBD1, 0xF3D1, 0xF3B1, 0xF3F3,
    0xF433, 0xF3B1, 0xFBF2, 0xBAA8, 0x79A6, 0x6145, 0x5125, 0x5124,
    0x38A2, 0x1862, 0x1841, 0x1840, 0x1840, 0x1021, 0x30A2, 0x50E2,
    0x6101, 0x7A6B, 0xCE56, 0xC4AF, 0xBBEF, 0xCBCF, 0xD371, 0xDC13,
    0xE3B0, 0xEB2E, 0xEB2F, 0xF331, 0xF330, 0xF2B0, 0xF2D1, 0xF2B0,
    0xF24D, 0xE9EE, 0xEA4F, 0xE9EC, 0xE1EC, 0xD9CC, 0xD1EC, 0xCA2C,
    0x6143, 0x6123, 0x6123, 0x6123, 0x6143, 0x30A2, 0x40A1, 0x48E2,
    0x48E2, 0x4902, 0x4903, 0x4903, 0x4903, 0x4903, 0x4903, 0x4903,
    0x4903, 0x4923, 0x4903, 0x4903, 0x4923, 0x4923, 0x4923, 0x4923,
    0x4923, 0x4923, 0x4923, 0x4923, 0x4923, 0x4903, 0x40C1, 0x4923,
    0x936B, 0xAC4E, 0x7AE9, 0x7AA8, 0x7267, 0x7288, 0x72A8, 0x8B4B,
    0x59E6, 0x4102, 0x4123, 0x4103, 0x4103, 0x4103, 0x5143, 0x4123,
    0x2082, 0x3081, 0x5A07, 0x6A68, 0x72A9, 0x3903, 0x30A2, 0x30A2,
    0x30A2, 0x30A2, 0x30A2, 0x30A2, 0x28A2, 0x30A2, 0x28A2, 0x2081,
    0x38E2, 0x4123, 0x4103, 0x4103, 0x4103, 0x4123, 0x4123, 0x4123,
    0x4123, 0x4123, 0x4923, 0x59C3, 0x51A3, 0x59A4, 0x61A4, 0x71A4,
    0x8245, 0x9B88, 0xB42A, 0xC4ED, 0xABEC, 0x9B6C, 0xA38C, 0x92A8,
    0x8A26, 0x9266, 0x9AC8, 0x9AE8, 0x92C7, 0xAB89, 0xC4AD, 0xCD4F,
    0xC52E, 0xCD4F, 0xCD4F, 0xCD4F, 0xCD6F, 0xCD6F, 0xD56F, 0xD58F,
    0xD58F, 0xD5AE, 0xDDD0, 0xE653, 0xEED8, 0xF75B, 0xFF9D, 0xFFBD,
    0xFFDE, 0xFFDE, 0xFFDE, 0xFFDE, 0xFFDE, 0xFFDE, 0xFFDE, 0xFFDE,
    0xFFDE, 0xFFDE, 0xFFDE, 0xFFFE, 0xFFFE, 0xFFFE, 0xFFFE, 0xFFFE,
    0xFFFE, 0xFFFE, 0xFFFE, 0xFFFE, 0xFFFE, 0xFFFE, 0xFFFE, 0xFFFE,
    0xFFFE, 0xFFFE, 0xFFFE, 0xFFFE, 0xFFFE, 0xFFFE, 0xFFDE, 0xFFDE,
    0xFFDE, 0xFFDE, 0xFFDE, 0xFFDE, 0xFFDE, 0xFFDE, 0xFFDE, 0xFFDE,
    0xFFDE, 0xFFDE, 0xFFDE, 0xFFDE, 0xFFFF, 0xEE35, 0xB452, 0xFFFF,
    0xFFBE, 0xFFDE, 0xFFDE, 0xFFDE, 0xFFDE, 0xFFDE, 0xFFDE, 0xFFDE,
    0xFFDE, 0xFFDE, 0xFFBE, 0xFFBE, 0xFFDE, 0xFFDE, 0xFFBE, 0xFFDE,
    0xFFDE, 0xFFDE, 0xFFDE, 0xFFDE, 0xFFDE, 0xFFDF, 0xFF7A, 0xDDB4,
    0xFFFF, 0xFFFF, 0xFFFF, 0xFFFF, 0xFFFF, 0xFFFF, 0xFFFF, 0xFFFF,
    0xFFFF, 0xF6F7, 0xBB90, 0xF433, 0xF412, 0xF454, 0xF493, 0xF413,
    0xF454, 0xFC33, 0xD2E9, 0x8A07, 0x99E7, 0x7165, 0x5944, 0x50E3,
    0x2062, 0x1841, 0x1840, 0x1840, 0x1840, 0x1041, 0x38C2, 0x48C2,
    0x50E2, 0x6964, 0xA1C6, 0xC9E9, 0xEB10, 0xFC34, 0xFC35, 0xFC75,
    0xFC11, 0xFBD2, 0xF38F, 0xF371, 0xF372, 0xF331, 0xF2B0, 0xF28F,
    0xF2AF, 0xF28F, 0xF2AF, 0xF26E, 0xF22D, 0xF22E, 0xF24F, 0xF24E,
    0x6123, 0x6143, 0x6143, 0x6943, 0x4903, 0x3081, 0x48E2, 0x40E2,
    0x48E2, 0x4102, 0x4902, 0x4903, 0x4903, 0x4903, 0x4923, 0x4903,
    0x4903, 0x4903, 0x4903, 0x4903, 0x4903, 0x4923, 0x4923, 0x4923,
    0x4923, 0x4923, 0x4923, 0x4923, 0x4103, 0x5184, 0x6A47, 0x40C1,
    0x6206, 0x7288, 0x8B6B, 0xA40D, 0x832A, 0x4943, 0x4123, 0x4964,
    0x4123, 0x4103, 0x4103, 0x4103, 0x3903, 0x4103, 0x5163, 0x30E2,
    0x2881, 0x28A2, 0x2061, 0x3923, 0x3903, 0x28A2, 0x30C2, 0x30A2,
    0x30A2, 0x30A2, 0x28A2, 0x28A2, 0x28A2, 0x28A2, 0x28A2, 0x2881,
    0x2882, 0x38C2, 0x4923, 0x4123, 0x4103, 0x4123, 0x4103, 0x4123,
    0x4123, 0x4943, 0x5983, 0x4963, 0x4903, 0x5984, 0x5984, 0x69C5,
    0x79E4, 0x8245, 0x8326, 0x9368, 0xB44B, 0x8AE8, 0x7A26, 0xA34A,
    0xAB8C, 0x92A8, 0x8205, 0x7A45, 0xA328, 0xAB69, 0xABA9, 0xC4ED,
    0xCD4F, 0xCD4F, 0xCD4F, 0xCD4F, 0xCD6F, 0xCD6F, 0xCD6F, 0xCD6F,
    0xD58F, 0xD58F, 0xD58F, 0xDDAF, 0xDDF0, 0xE654, 0xF6F9, 0xFF7C,
    0xFFBD, 0xFFBE, 0xFFDE, 0xFFDE, 0xFFDE, 0xFFDE, 0xFFDE, 0xFFDE,
    0xFFDE, 0xFFDE, 0xFFDE, 0xFFDE, 0xFFDE, 0xFFDE, 0xFFDE, 0xFFFE,
    0xFFFE, 0xFFFE, 0xFFFE, 0xFFFE, 0xFFFE, 0xFFFE, 0xFFFE, 0xFFFE,
    0xFFFE, 0xFFFE, 0xFFFE, 0xFFFE, 0xFFFE, 0xFFDE, 0xFFDE, 0xFFDE,
    0xFFDE, 0xFFDE, 0xFFDE, 0xFFDE, 0xFFDE, 0xFFDE, 0xFFDE, 0xFFDE,
    0xFFDE, 0xFFDE, 0xFFDE, 0xFFDE, 0xFFFF, 0xFF9B, 0xABAE, 0xF7BF,
    0xFFFE, 0xFFDE, 0xFFDE, 0xFFDE, 0xFFDE, 0xFFDE, 0xFFDE, 0xFFDE,
    0xFFDE, 0xFFDE, 0xFFDE, 0xFFDE, 0xFFDE, 0xFFDE, 0xFFDE, 0xFFBE,
    0xFFDE, 0xFFDE, 0xFFDE, 0xFFDE, 0xFFDE, 0xFFBE, 0xFFFF, 0xF6B5,
    0xEEDA, 0xFFFF, 0xFFFF, 0xFFFF, 0xFFFF, 0xFFFF, 0xFFFF, 0xFFFF,
    0xF738, 0xB3AF, 0xEBD3, 0xFBF1, 0xF454, 0xF413, 0xF3D3, 0xF413,
    0xFBF2, 0xE30A, 0x8A07, 0xA228, 0x99C6, 0x8944, 0x50A2, 0x3082,
    0x2041, 0x1841, 0x1840, 0x1840, 0x1020, 0x2082, 0x48C2, 0x48C2,
    0x50A1, 0x50E4, 0xBA09, 0xE28C, 0xEB70, 0xF3D2, 0xF474, 0xF4D5,
    0xF431, 0xF3D2, 0xF3D2, 0xF392, 0xF371, 0xF331, 0xF2D0, 0xF2AF,
    0xF28F, 0xF28F, 0xF28F, 0xF26F, 0xEA6E, 0xEA6F, 0xEA90, 0xEA4E,
    0x6123, 0x6143, 0x6123, 0x6143, 0x30A2, 0x40C1, 0x48E2, 0x40E2,
    0x48E2, 0x48E2, 0x4902, 0x4903, 0x4903, 0x4903, 0x4923, 0x4123,
    0x4103, 0x4903, 0x4103, 0x4903, 0x4903, 0x4923, 0x4923, 0x4923,
    0x4923, 0x4923, 0x4923, 0x4923, 0x4103, 0x4964, 0x93AC, 0x830A,
    0x6A67, 0x6226, 0x38C1, 0x72A8, 0xAC6F, 0x9BED, 0x4964, 0x38C2,
    0x4123, 0x4123, 0x3903, 0x3923, 0x3903, 0x4943, 0x4943, 0x2082,
    0x28A2, 0x28A2, 0x28A2, 0x2882, 0x2081, 0x2882, 0x28A2, 0x30A2,
    0x30A2, 0x28A2, 0x28A2, 0x28A2, 0x28A2, 0x28A2, 0x28A2, 0x2881,
    0x28A2, 0x28A2, 0x30C2, 0x4103, 0x4123, 0x4123, 0x4123, 0x4123,
    0x4943, 0x5163, 0x4943, 0x4104, 0x4925, 0x6184, 0x5984, 0x5164,
    0x5984, 0x69C5, 0x8225, 0x7A65, 0x7A65, 0xA3C9, 0xA389, 0x7A46,
    0x8AE7, 0xAC4C, 0xA42E, 0x9B0A, 0x9AA6, 0xAB48, 0xABA9, 0xB3EA,
    0xC50E, 0xCD4F, 0xCD4F, 0xCD4F, 0xCD4F, 0xCD6F, 0xCD6F, 0xCD6F,
    0xCD6F, 0xD58F, 0xD58F, 0xD58F, 0xD58F, 0xDDAE, 0xE5F0, 0xEE94,
    0xF719, 0xFF7C, 0xFFBD, 0xFFDE, 0xFFDE, 0xFFDE, 0xFFDE, 0xFFDE,
    0xFFDE, 0xFFDE, 0xFFDE, 0xFFDE, 0xFFDE, 0xFFDF, 0xFFDF, 0xFFDE,
    0xFFDE, 0xFFDE, 0xFFDE, 0xFFFE, 0xFFFE, 0xFFFE, 0xFFFE, 0xFFFE,
    0xFFFE, 0xFFFE, 0xFFFE, 0xFFFE, 0xFFFE, 0xFFFE, 0xFFDE, 0xFFDE,
    0xFFDE, 0xFFDE, 0xFFDE, 0xFFDE, 0xFFDE, 0xFFDE, 0xFFDE, 0xFFDE,
    0xFFDE, 0xFFDE, 0xFFDE, 0xFFDE, 0xFFDE, 0xFFFF, 0xBC2D, 0xDEBC,
    0xFFFF, 0xFFDE, 0xFFDE, 0xFFDE, 0xFFDE, 0xFFDE, 0xFFDE, 0xFFDE,
    0xFFDE, 0xFFDE, 0xFFDE, 0xFFBE, 0xFFDE, 0xFFDE, 0xFFDE, 0xFFBE,
    0xFFDE, 0xFFDE, 0xFFDE, 0xFFDE, 0xFFDE, 0xFFDE, 0xFFDE, 0xFFDD,
    0xDD90, 0xF79E, 0xFFFF, 0xFFFF, 0xFFFF, 0xFFFF, 0xFFFF, 0xF739,
    0xBBF0, 0xEBB3, 0xFC14, 0xF413, 0xF414, 0xF4D8, 0xF4D4, 0xFBF3,
    0xEBB0, 0xB42D, 0xA206, 0x99C6, 0x99C8, 0xAC0F, 0x8A64, 0x2001,
    0x2061, 0x1840, 0x1820, 0x1000, 0x1841, 0x3881, 0x4081, 0x48C2,
    0x61A4, 0x6964, 0xA986, 0xD24B, 0xEB2F, 0xF3F2, 0xFC55, 0xFC75,
    0xFC53, 0xFBD2, 0xFBD2, 0xFB92, 0xF352, 0xF2F1, 0xF2F1, 0xF2F0,
    0xF290, 0xF2B0, 0xF22D, 0xEA0D, 0xF1ED, 0xF20E, 0xF24F, 0xF24E,
    0x6143, 0x6143, 0x6943, 0x4903, 0x3081, 0x4902, 0x48E2, 0x48E2,
    0x48E2, 0x48E2, 0x4902, 0x4103, 0x4103, 0x4103, 0x4103, 0x4103,
    0x4943, 0x4103, 0x4103, 0x4103, 0x4103, 0x4103, 0x4923, 0x4923,
    0x4123, 0x4123, 0x4123, 0x4123, 0x4123, 0x4103, 0x4103, 0x72A8,
    0xA42E, 0x830A, 0x30A1, 0x38E2, 0x4943, 0x8B6B, 0xB4B0, 0x59E5,
    0x38C2, 0x3903, 0x3903, 0x3903, 0x3903, 0x5163, 0x30E3, 0x2081,
    0x28A2, 0x28A2, 0x28A2, 0x28A2, 0x28A2, 0x28A2, 0x28A2, 0x28A2,
    0x28A2, 0x2882, 0x28A2, 0x28A2, 0x28A2, 0x28A2, 0x28A2, 0x2882,
    0x2882, 0x2882, 0x2882, 0x2882, 0x30C2, 0x4103, 0x4123, 0x4923,
    0x4943, 0x4923, 0x3903, 0x41A5, 0x4124, 0x5164, 0x71E5, 0x8266,
    0x7205, 0x61A4, 0x6184, 0x71E5, 0x8265, 0x69C4, 0x82C6, 0xBC8B,
    0xBCAD, 0xB44B, 0xC4ED, 0xD551, 0xB42F, 0xA308, 0xAB68, 0xABAA,
    0xB42B, 0xC52E, 0xCD4F, 0xCD4F, 0xCD4F, 0xCD4F, 0xCD6F, 0xCD6F,
    0xCD6F, 0xCD6F, 0xCD6F, 0xD58F, 0xD58F, 0xD58F, 0xD58E, 0xDDAE,
    0xE610, 0xEE94, 0xF719, 0xFF9D, 0xFFDE, 0xFFDE, 0xFFDE, 0xFFDE,
    0xFFDE, 0xFFDE, 0xFFDE, 0xFFDE, 0xFFDE, 0xFFDF, 0xFFDF, 0xFFDF,
    0xFFDE, 0xFFDE, 0xFFDE, 0xFFDE, 0xFFDE, 0xFFDE, 0xFFFE, 0xFFFE,
    0xFFFE, 0xFFFE, 0xFFFE, 0xFFFE, 0xFFFE, 0xFFFE, 0xFFFE, 0xFFFE,
    0xFFDE, 0xFFDE, 0xFFDE, 0xFFDE, 0xFFDE, 0xFFDE, 0xFFDE, 0xFFDE,
    0xFFDE, 0xFFDE, 0xFFDE, 0xFFDE, 0xFFBE, 0xFFFF, 0xD511, 0xC577,
    0xFFFF, 0xFFBE, 0xFFDE, 0xFFDE, 0xFFDE, 0xFFDE, 0xFFDE, 0xFFDE,
    0xFFDE, 0xFFDE, 0xFFDE, 0xFFBE, 0xFFDE, 0xFFDE, 0xFFDE, 0xFFBE,
    0xFFBE, 0xFFDE, 0xFFDE, 0xFFDE, 0xFFDE, 0xFFDE, 0xFFDE, 0xFFFE,
    0xEE0D, 0xD5D6, 0xFFFF, 0xFFFF, 0xFFFF, 0xFFFF, 0xF759, 0xBC51,
    0xEC75, 0xFC33, 0xF435, 0xF495, 0xF454, 0xF434, 0xF454, 0xF411,
    0xB471, 0xC5D2, 0xBB49, 0x9AEC, 0xC512, 0xD635, 0xD52C, 0x4880,
    0x1841, 0x2041, 0x2082, 0x2903, 0x4985, 0x6247, 0x830A, 0x9C2E,
    0xC54E, 0xA264, 0x9905, 0xD24B, 0xFACD, 0xF34F, 0xE330, 0xCBF1,
    0xC3AE, 0xBB4B, 0xAB6D, 0xABAD, 0xABCB, 0xAA24, 0x91A5, 0x99E6,
    0xA1E6, 0x9168, 0x9C35, 0xC4D4, 0xBC53, 0xBBF1, 0xC370, 0xCB30,
    0x6123, 0x6123, 0x6143, 0x28A2, 0x40C1, 0x48E2, 0x48E2, 0x48E2,
    0x48E2, 0x40E2, 0x40E2, 0x40E2, 0x4102, 0x4103, 0x4903, 0x4923,
    0x59E4, 0x4103, 0x4102, 0x4103, 0x4103, 0x4103, 0x4103, 0x4103,
    0x4123, 0x4103, 0x4103, 0x4103, 0x4103, 0x4123, 0x4103, 0x38E2,
    0x6247, 0xB4B0, 0x7AE9, 0x38E2, 0x38E2, 0x38E2, 0x832A, 0xBD11,
    0x72A8, 0x4103, 0x3903, 0x3903, 0x4123, 0x5144, 0x20A2, 0x28A2,
    0x28A2, 0x28A2, 0x28A2, 0x28A2, 0x28A2, 0x28A2, 0x28A2, 0x28A2,
    0x28A2, 0x2882, 0x28A2, 0x28A2, 0x28A2, 0x2882, 0x2882, 0x2081,
    0x28A2, 0x30C2, 0x28A2, 0x2082, 0x2062, 0x2882, 0x38E2, 0x4923,
    0x4123, 0x48E3, 0x6AA4, 0x6265, 0x5144, 0x4123, 0x5163, 0x82A7,
    0x9B28, 0x9B08, 0x8246, 0x69C4, 0x69C4, 0x7A25, 0x71C4, 0x61C4,
    0x9368, 0xBCAC, 0xB46B, 0xB46B, 0xCD2F, 0xCCF1, 0xAB8A, 0xAB68,
    0xB3CA, 0xBC8C, 0xCD4F, 0xCD4F, 0xCD4F, 0xCD4F, 0xCD6F, 0xCD6F,
    0xCD6F, 0xCD6F, 0xCD6F, 0xCD6F, 0xCD6F, 0xD56F, 0xD58F, 0xD58F,
    0xD58E, 0xDDAE, 0xE610, 0xEE74, 0xF73A, 0xFFBD, 0xFFDE, 0xFFDE,
    0xFFDE, 0xFFDE, 0xFFDE, 0xFFDE, 0xFFDE, 0xFFDE, 0xFFDF, 0xFFFF,
    0xFFDE, 0xFFDE, 0xFFDE, 0xFFDE, 0xFFDE, 0xFFDE, 0xFFDE, 0xFFDE,
    0xFFDE, 0xFFDE, 0xFFDE, 0xFFDE, 0xFFFE, 0xFFFE, 0xFFDE, 0xFFFE,
    0xFFFE, 0xFFFE, 0xFFFE, 0xFFDE, 0xFFDE, 0xFFDE, 0xFFDE, 0xFFDE,
    0xFFDE, 0xFFDE, 0xFFDE, 0xFFDE, 0xFFDE, 0xFFFF, 0xEE75, 0xB472,
    0xFFFF, 0xFFBE, 0xFFDE, 0xFFDE, 0xFFDE, 0xFFDE, 0xFFDE, 0xFFDE,
    0xFFDE, 0xFFDE, 0xFFDE, 0xFFBE, 0xFFDE, 0xFFDE, 0xFFDE, 0xFFDE,
    0xFFBE, 0xFFDE, 0xFFDE, 0xFFDE, 0xFFDE, 0xFFDE, 0xFFDF, 0xFFDA,
    0xEDA9, 0x82EA, 0xEF7E, 0xFFFF, 0xFFFF, 0xF739, 0xBC94, 0xECF7,
    0xFD58, 0xF4B6, 0xF495, 0xF496, 0xF496, 0xF455, 0xFC32, 0xBC91,
    0xC572, 0xCD56, 0xE6D9, 0xD550, 0xD613, 0xD592, 0xD5F2, 0x9B69,
    0x8BEE, 0xAC8F, 0xACF0, 0xBD51, 0xC572, 0xC591, 0xC5B1, 0xC591,
    0xD58E, 0x91E3, 0xA0C4, 0xCA0A, 0xBBB2, 0xBD78, 0xCEBB, 0xD6FB,
    0xDF3C, 0xE73C, 0xE71B, 0xDED9, 0xD610, 0xBB05, 0x8183, 0x8983,
    0x99C1, 0x798C, 0xB79F, 0xFFFF, 0xFFFF, 0xFFFF, 0xF7FF, 0xF7FF,
    0x6143, 0x6943, 0x4103, 0x3081, 0x48E2, 0x40E2, 0x48E2, 0x40E2,
    0x40E2, 0x40E2, 0x40E2, 0x40E2, 0x4102, 0x4102, 0x5122, 0x4943,
    0x38E3, 0x40E2, 0x4102, 0x4103, 0x4103, 0x4103, 0x4103, 0x4103,
    0x4103, 0x4103, 0x4103, 0x4923, 0x49A3, 0x3903, 0x4123, 0x4103,
    0x4123, 0x72C8, 0x8B4B, 0x93AC, 0x4943, 0x30C2, 0x30C1, 0x6A67,
    0x93ED, 0x4984, 0x30E2, 0x3903, 0x5143, 0x3923, 0x2061, 0x30A2,
    0x28A2, 0x28A2, 0x28A2, 0x28A2, 0x28A2, 0x28A2, 0x28A2, 0x28A2,
    0x28A2, 0x28A2, 0x28A2, 0x28A2, 0x30C2, 0x3903, 0x4123, 0x30E2,
    0x4943, 0x5184, 0x4964, 0x4123, 0x4123, 0x4123, 0x30E3, 0x30C2,
    0x4103, 0x4923, 0x5163, 0x6964, 0x8A26, 0x8226, 0x71C5, 0x5984,
    0x5964, 0x61C5, 0x71E5, 0x79E4, 0x7A05, 0x71E5, 0x7205, 0x71E5,
    0x6184, 0x7A85, 0xB46B, 0xBCAC, 0xB46B, 0xC4CC, 0xCD10, 0xB3EC,
    0xAB68, 0xB3EA, 0xC50E, 0xC52E, 0xCD4F, 0xCD4F, 0xCD4F, 0xCD6F,
    0xCD6F, 0xCD6F, 0xCD6F, 0xCD6F, 0xCD6F, 0xCD6F, 0xCD6F, 0xD56F,
    0xD58F, 0xD58F, 0xD5AF, 0xDDAE, 0xE5F0, 0xEEB5, 0xF73A, 0xFFBD,
    0xFFDE, 0xFFDE, 0xFFDE, 0xFFDE, 0xFFDE, 0xFFDE, 0xFFDE, 0xFFDE,
    0xFFDE, 0xFFDE, 0xFFDE, 0xFFDE, 0xFFDE, 0xFFDE, 0xFFDE, 0xFFDE,
    0xFFDE, 0xFFDE, 0xFFDE, 0xFFDE, 0xFFFE, 0xFFDE, 0xFFDE, 0xFFDE,
    0xFFFE, 0xFFDE, 0xFFFE, 0xFFFE, 0xFFFE, 0xFFDE, 0xFFDE, 0xFFDE,
    0xFFDE, 0xFFDE, 0xFFDE, 0xFFDE, 0xFFDE, 0xFFFF, 0xFF5A, 0xB3EF,
    0xFFDF, 0xFFDE, 0xFFDE, 0xFFDE, 0xFFDE, 0xFFDE, 0xFFDE, 0xFFDE,
    0xFFDE, 0xFFDE, 0xFFDE, 0xFFDE, 0xFFBE, 0xFFDE, 0xFFDE, 0xFFDE,
    0xFFDE, 0xFFBE, 0xFFDE, 0xFFDE, 0xFFDE, 0xFFDE, 0xFFDE, 0xFEF0,
    0x9AE5, 0x8327, 0xAC50, 0xFFFF, 0xEED6, 0xB411, 0xECB6, 0xFCB6,
    0xF579, 0xFDFA, 0xFCD5, 0xF457, 0xFD17, 0xFC52, 0xBC50, 0xBD51,
    0xCD97, 0xEF7F, 0xFFFF, 0xEDD0, 0xC551, 0xDDF2, 0xCDD3, 0xBC8C,
    0x942F, 0xBD70, 0xB52F, 0xB50F, 0xB4F0, 0xC534, 0xD538, 0xD577,
    0xD633, 0xA1E2, 0x89EE, 0xBE7D, 0xE7FF, 0xFFFF, 0xFFFF, 0xFFFF,
    0xFFFF, 0xFFFF, 0xFFFF, 0xFFFF, 0xFFDB, 0xF672, 0xC4D0, 0xBC8D,
    0xB222, 0x7231, 0xD7FF, 0xFFFF, 0xFFFF, 0xFFFF, 0xFFFF, 0xFFFF,
    0x6123, 0x6143, 0x2881, 0x40C1, 0x48E2, 0x48E2, 0x40E2, 0x40E2,
    0x40E2, 0x40E2, 0x40E2, 0x40E2, 0x40E2, 0x40E2, 0x40E2, 0x40E2,
    0x4102, 0x4102, 0x4102, 0x4102, 0x4103, 0x4102, 0x4123, 0x4103,
    0x4103, 0x4103, 0x4103, 0x4103, 0x4123, 0x4103, 0x4103, 0x4103,
    0x4103, 0x6A88, 0x38E2, 0x6227, 0x8B8C, 0x6267, 0x38E2, 0x30A1,
    0x5A27, 0x6227, 0x30C2, 0x3903, 0x5164, 0x28A2, 0x2881, 0x28A2,
    0x28A2, 0x28A2, 0x28C2, 0x28A2, 0x28A2, 0x28A2, 0x2882, 0x28A2,
    0x28A2, 0x28A2, 0x28A2, 0x2882, 0x4943, 0x5184, 0x5984, 0x4123,
    0x4123, 0x5984, 0x5184, 0x5984, 0x69C5, 0x69E5, 0x69E5, 0x59A5,
    0x4944, 0x4103, 0x4103, 0x4103, 0x4923, 0x79C4, 0x8A46, 0x8A26,
    0x8226, 0x79E6, 0x69C5, 0x69C5, 0x69A4, 0x69C4, 0x71E4, 0x69C4,
    0x7A05, 0x69C4, 0x61E4, 0xA3C9, 0xC4CC, 0xBC8C, 0xBCAC, 0xCD0F,
    0xB40C, 0xAB48, 0xC4CD, 0xC54E, 0xC52E, 0xCD4F, 0xCD4F, 0xCD4F,
    0xCD6F, 0xCD6F, 0xCD6F, 0xCD6F, 0xCD6F, 0xCD6F, 0xCD6F, 0xCD6F,
    0xD56F, 0xD590, 0xD58F, 0xD5AF, 0xD58F, 0xDDAE, 0xE610, 0xEE94,
    0xF73A, 0xFFBD, 0xFFDE, 0xFFDE, 0xFFDE, 0xFFDE, 0xFFDE, 0xFFDE,
    0xFFDE, 0xFFDE, 0xFFDE, 0xFFDE, 0xFFDE, 0xFFDE, 0xFFDE, 0xFFDE,
    0xFFDE, 0xFFDE, 0xFFDE, 0xFFFE, 0xFFFE, 0xFFFE, 0xFFDE, 0xFFDE,
    0xFFFE, 0xFFFE, 0xFFFE, 0xFFFE, 0xFFFE, 0xFFFE, 0xFFDE, 0xFFDE,
    0xFFDE, 0xFFDE, 0xFFDE, 0xFFDE, 0xFFDE, 0xFFDF, 0xFFFD, 0xBC2E,
    0xE73E, 0xFFFF, 0xFFDE, 0xFFDE, 0xFFDE, 0xFFDE, 0xFFDE, 0xFFDE,
    0xFFDE, 0xFFDE, 0xFFDE, 0xFFDE, 0xFFBE, 0xFFDE, 0xFFDE, 0xFFDE,
    0xFFDE, 0xFFBE, 0xFFDE, 0xFFDE, 0xFFDE, 0xFFDF, 0xFFB7, 0xD467,
    0x7309, 0xCCEB, 0xAB69, 0xBCF0, 0xBB4C, 0xEBB1, 0xFCF7, 0xF5B9,
    0xFD18, 0xFE1B, 0xFDF8, 0xF538, 0xFCD4, 0xC40F, 0xBD32, 0xD5D9,
    0xF7BF, 0xFFFF, 0xFFFF, 0xFF77, 0xCD0E, 0xDDF2, 0xD5B2, 0xD54E,
    0x82EB, 0xA531, 0xB531, 0xB551, 0xBD71, 0xC593, 0xDDB8, 0xE5BD,
    0xE6BC, 0xAD13, 0xB79F, 0xFFFF, 0xFFFF, 0xFFFF, 0xFFFF, 0xFFFF,
    0xFFFF, 0xFFFF, 0xFFFF, 0xFFFF, 0xFFBA, 0xF672, 0xD591, 0xD6B7,
    0xEDAC, 0xA3D5, 0xEFFF, 0xFFFF, 0xFFFF, 0xFFFF, 0xFFFF, 0xFFFF,
    0x6943, 0x40E2, 0x3081, 0x48E2, 0x48E2, 0x40E2, 0x40E2, 0x40E2,
    0x40E2, 0x40E2, 0x40E2, 0x40E2, 0x40E2, 0x40E2, 0x40E2, 0x40E2,
    0x40E2, 0x4102, 0x4102, 0x4102, 0x4102, 0x4102, 0x4102, 0x4102,
    0x4103, 0x4103, 0x3903, 0x4103, 0x4103, 0x3903, 0x3903, 0x3903,
    0x38E2, 0x6A67, 0x4964, 0x30A1, 0x4143, 0x93AC, 0x8B6B, 0x51C5,
    0x3903, 0x72A9, 0x49C5, 0x4102, 0x4144, 0x1861, 0x2881, 0x28A2,
    0x28A2, 0x28A2, 0x2081, 0x2882, 0x28A2, 0x28A2, 0x28A2, 0x28A2,
    0x28A2, 0x28A2, 0x2882, 0x30C2, 0x4102, 0x4943, 0x5164, 0x4143,
    0x4123, 0x5985, 0x5984, 0x5184, 0x5984, 0x69E5, 0x69E5, 0x7205,
    0x69E5, 0x61C5, 0x4944, 0x4964, 0x51E5, 0x4123, 0x6163, 0x8A26,
    0x8206, 0x8226, 0x8A26, 0x8226, 0x8206, 0x71E5, 0x69C4, 0x7225,
    0x61C4, 0x69A4, 0x69C4, 0x59A3, 0x9327, 0xC4AC, 0xBC8C, 0xBC8C,
    0xC50E, 0xBC6D, 0xAB89, 0xC4ED, 0xC52E, 0xC52E, 0xCD4F, 0xCD4F,
    0xCD4F, 0xCD4F, 0xCD4F, 0xCD6F, 0xCD6F, 0xCD6F, 0xCD6F, 0xCD6F,
    0xCD70, 0xCD70, 0xD590, 0xD590, 0xD58F, 0xD58F, 0xD5AE, 0xDDAE,
    0xE5EF, 0xEE94, 0xF739, 0xFF9D, 0xFFBD, 0xFFDE, 0xFFDE, 0xFFDE,
    0xFFDE, 0xFFDE, 0xFFDE, 0xFFDE, 0xFFDE, 0xFFDE, 0xFFDE, 0xFFDE,
    0xFFDE, 0xFFDE, 0xFFDE, 0xFFDE, 0xFFDE, 0xFFDE, 0xFFFE, 0xFFFE,
    0xFFDE, 0xFFDE, 0xFFFE, 0xFFFE, 0xFFFE, 0xFFFE, 0xFFFE, 0xFFFE,
    0xFFDE, 0xFFDE, 0xFFDE, 0xFFDE, 0xFFDE, 0xFFBE, 0xFFFF, 0xD4D0,
    0xD63B, 0xFFFF, 0xFFDE, 0xFFDE, 0xFFDE, 0xFFDE, 0xFFDE, 0xFFDE,
    0xFFDE, 0xFFDE, 0xFFDE, 0xFFDE, 0xFFBE, 0xFFDE, 0xFFDE, 0xFFDE,
    0xFFDE, 0xFFDE, 0xFFBE, 0xFFDE, 0xFFDF, 0xFFDB, 0xF5AA, 0x6A87,
    0xAC4B, 0xBC4B, 0xBC8C, 0xA247, 0xF28A, 0xF3B0, 0xF4D6, 0xFD16,
    0xFD38, 0xFCF6, 0xF518, 0xFDB7, 0xC44F, 0xB532, 0xDE3B, 0xF7FF,
    0xFFFF, 0xFFFF, 0xFFFF, 0xFFFE, 0xE5CF, 0xD5B1, 0xD5B1, 0xD5F1,
    0xA3AA, 0xA512, 0xCDB2, 0xC592, 0xC592, 0xC592, 0xC591, 0xC592,
    0xD613, 0xBCF1, 0xD77C, 0xFFFF, 0xFFFF, 0xFFFF, 0xFFFF, 0xFFFF,
    0xFFFF, 0xFFFF, 0xFFFF, 0xFFFF, 0xFFBB, 0xF693, 0xD530, 0xCE36,
    0xED8D, 0xAC79, 0xF7FF, 0xFFFF, 0xFFFF, 0xFFFF, 0xFFFF, 0xFFFF,
    0x5923, 0x2881, 0x48C1, 0x4902, 0x4902, 0x48E2, 0x40E2, 0x40E2,
    0x40E2, 0x40E2, 0x40E2, 0x40E2, 0x40E2, 0x40E2, 0x40E2, 0x40E3,
    0x40E2, 0x38C2, 0x38E2, 0x4102, 0x3902, 0x3902, 0x4102, 0x38E2,
    0x38E2, 0x4103, 0x3903, 0x3903, 0x3903, 0x3903, 0x3903, 0x3903,
    0x3902, 0x4143, 0x3923, 0x30C2, 0x30C2, 0x38E2, 0x72E9, 0x834B,
    0x6268, 0x6A88, 0x49A5, 0x4923, 0x28E3, 0x1861, 0x28A2, 0x2082,
    0x2082, 0x2061, 0x3944, 0x3103, 0x2061, 0x2082, 0x28A2, 0x28A2,
    0x28A2, 0x28A2, 0x28A2, 0x38E2, 0x30C2, 0x30C2, 0x38E2, 0x30E2,
    0x30C2, 0x4943, 0x5184, 0x59A5, 0x5984, 0x61A5, 0x69E5, 0x7205,
    0x7205, 0x7206, 0x7205, 0x61C5, 0x61C4, 0x6A66, 0x51C5, 0x5123,
    0x8205, 0x8226, 0x8206, 0x8206, 0x8226, 0x8A26, 0x8226, 0x8A86,
    0x9B89, 0x7AE8, 0x59C4, 0x61A4, 0x5963, 0x82A6, 0xBC8C, 0xBCAC,
    0xBC8C, 0xC50E, 0xBC8C, 0xAB89, 0xC4ED, 0xC52E, 0xC52E, 0xCD2E,
    0xCD4F, 0xCD4F, 0xCD4F, 0xCD4F, 0xCD6F, 0xCD6F, 0xCD6F, 0xCD70,
    0xCD70, 0xCD70, 0xCD70, 0xCD70, 0xCD6F, 0xD56F, 0xD58F, 0xD58F,
    0xDD8E, 0xDDAE, 0xE5EF, 0xEE73, 0xF719, 0xFFBD, 0xFFDE, 0xFFBE,
    0xFFDE, 0xFFDE, 0xFFDE, 0xFFDE, 0xFFDE, 0xFFDE, 0xFFDE, 0xFFDE,
    0xFFDE, 0xFFDE, 0xFFDE, 0xFFDE, 0xFFDE, 0xFFDE, 0xFFDE, 0xFFDE,
    0xFFDE, 0xFFFE, 0xFFFE, 0xFFFE, 0xFFFE, 0xFFFE, 0xFFFE, 0xFFFE,
    0xFFFE, 0xFFDE, 0xFFDE, 0xFFDE, 0xFFDE, 0xFFDE, 0xFFFF, 0xE5F4,
    0xCDB8, 0xFFFF, 0xFFDE, 0xFFDE, 0xFFDE, 0xFFDE, 0xFFBE, 0xFFDE,
    0xFFDE, 0xFFDE, 0xFFDE, 0xFFDE, 0xFFBE, 0xFFDE, 0xFFDE, 0xFFDE,
    0xFFDE, 0xFFDE, 0xFFBE, 0xFFDE, 0xFFDD, 0xFE6D, 0x8AA5, 0x83AA,
    0xBC0A, 0xABCA, 0xBD10, 0xB40B, 0xE28A, 0xFBD0, 0xF3D1, 0xF454,
    0xF4F7, 0xF559, 0xFCD6, 0xC42F, 0xBD56, 0xE6DD, 0xFFFF, 0xFFFF,
    0xFFFF, 0xFFFF, 0xFFFF, 0xFFFF, 0xFF15, 0xD570, 0xDDF1, 0xCDD2,
    0xC4AC, 0x8BCE, 0xC5D2, 0xBD52, 0xC592, 0xC5D3, 0xCDF3, 0xD614,
    0xE672, 0xBBCB, 0xCE39, 0xFFFF, 0xFFFF, 0xFFFF, 0xFFFF, 0xFFFF,
    0xFFFF, 0xFFFF, 0xFFFF, 0xFFFF, 0xFFDC, 0xF6B3, 0xD530, 0xCE36,
    0xE50B, 0xA49A, 0xFFFF, 0xFFFF, 0xFFFF, 0xFFFF, 0xFFFF, 0xFFFF,
    0x38E2, 0x3081, 0x48E2, 0x48E2, 0x48E2, 0x40E2, 0x40E2, 0x48E2,
    0x4902, 0x40E2, 0x40E2, 0x40E2, 0x40E2, 0x40E2, 0x40E2, 0x38C2,
    0x4943, 0x5164, 0x4103, 0x38A1, 0x38C2, 0x4102, 0x38E2, 0x38E2,
    0x38E2, 0x38E2, 0x3903, 0x3902, 0x3903, 0x3903, 0x3903, 0x3903,
    0x3903, 0x38E2, 0x38C2, 0x5A27, 0x4964, 0x30C2, 0x28A2, 0x6268,
    0x5A07, 0x28A2, 0x38E2, 0x4943, 0x1861, 0x2061, 0x2882, 0x2882,
    0x2061, 0x51E7, 0x5A07, 0x4985, 0x3944, 0x2061, 0x2082, 0x2082,
    0x2081, 0x2081, 0x30A2, 0x4123, 0x4943, 0x4123, 0x4123, 0x3903,
    0x30C2, 0x4102, 0x4123, 0x5984, 0x59A5, 0x59A5, 0x59A5, 0x61C5,
    0x69E5, 0x69E6, 0x69E5, 0x6A05, 0x69E5, 0x61C5, 0x7286, 0x6246,
    0x4103, 0x79E4, 0x8A46, 0x8206, 0x8226, 0x8206, 0x8226, 0x8206,
    0x8A46, 0xB42B, 0xAC6C, 0x8328, 0x6A05, 0x5123, 0x7204, 0xBC8B,
    0xBCAD, 0xBC8C, 0xC4ED, 0xBC6C, 0xAB89, 0xC4ED, 0xC52E, 0xC52E,
    0xCD2E, 0xCD4F, 0xCD4F, 0xCD4F, 0xCD6F, 0xCD6F, 0xCD6F, 0xCD6F,
    0xCD70, 0xCD70, 0xCD70, 0xCD70, 0xCD70, 0xCD6F, 0xCD6F, 0xD56F,
    0xD58F, 0xD58F, 0xDDAE, 0xDDAE, 0xE5EF, 0xEE93, 0xFF39, 0xFF7C,
    0xFFBD, 0xFFDE, 0xFFDE, 0xFFDE, 0xFFDE, 0xFFDE, 0xFFDE, 0xFFDE,
    0xFFDE, 0xFFDE, 0xFFDE, 0xFFDE, 0xFFDE, 0xFFDE, 0xFFDE, 0xFFDE,
    0xFFFE, 0xFFFE, 0xFFDE, 0xFFDE, 0xFFDE, 0xFFFE, 0xFFFE, 0xFFDE,
    0xFFFE, 0xFFFE, 0xFFDE, 0xFFDE, 0xFFDE, 0xFFDE, 0xFFFF, 0xF6D8,
    0xC535, 0xFFFF, 0xFFBE, 0xFFDE, 0xFFDE, 0xFFDE, 0xFFDE, 0xFFDE,
    0xFFDE, 0xFFDE, 0xFFDE, 0xFFDE, 0xFFDE, 0xFFBE, 0xFFDE, 0xFFDE,
    0xFFDE, 0xFFDE, 0xFFBE, 0xFFDE, 0xFEF0, 0xAB46, 0x6B09, 0xBC09,
    0xA3AB, 0xBD11, 0xD613, 0xCDD1, 0xBAC8, 0xFB4E, 0xF3D1, 0xF473,
    0xF496, 0xFD56, 0xC42E, 0xB556, 0xEF5F, 0xFFFF, 0xFFFF, 0xFFFF,
    0xFFFF, 0xFFFF, 0xFFFF, 0xFFFF, 0xFFFC, 0xDD6F, 0xD5F2, 0xD5B2,
    0xD5B0, 0x932A, 0xAD93, 0xCDD1, 0xBD70, 0xB50F, 0xAC6D, 0xA3AA,
    0x9A86, 0x722A, 0xCE9A, 0xFFFF, 0xFFFF, 0xFFFF, 0xFFFF, 0xFFFF,
    0xFFFF, 0xFFFF, 0xFFFF, 0xFFFF, 0xFFFD, 0xF6D4, 0xDD30, 0xC636,
    0xE4AA, 0xAD1B, 0xFFFF, 0xFFFF, 0xFFFF, 0xFFFF, 0xFFFF, 0xFFFF,
    0x2882, 0x40A1, 0x48E2, 0x48E2, 0x48E2, 0x48E2, 0x48E2, 0x5102,
    0x40E2, 0x4102, 0x40E2, 0x4102, 0x4103, 0x38C2, 0x4103, 0x7AA9,
    0x72A9, 0x6A68, 0x72A8, 0x7288, 0x4943, 0x30A1, 0x38E3, 0x38E2,
    0x38E2, 0x38E2, 0x38E2, 0x38E2, 0x38E2, 0x3902, 0x3902, 0x3902,
    0x3903, 0x38E3, 0x30C2, 0x6247, 0x93CD, 0x5A06, 0x3923, 0x2881,
    0x6A88, 0x49A5, 0x4902, 0x3903, 0x1841, 0x2882, 0x2082, 0x2882,
    0x2041, 0x3904, 0x51C6, 0x49A5, 0x3924, 0x2882, 0x28A2, 0x2882,
    0x2082, 0x2061, 0x30C2, 0x3902, 0x5143, 0x6184, 0x71C5, 0x69C5,
    0x4123, 0x71C5, 0x69C5, 0x71E5, 0x71E5, 0x7205, 0x69E5, 0x61C5,
    0x61C5, 0x61E5, 0x69E5, 0x69E5, 0x61E5, 0x61C5, 0x7247, 0x82C8,
    0x72A8, 0x3903, 0x69A4, 0x8A46, 0x8206, 0x8226, 0x8226, 0x8226,
    0x8206, 0x8205, 0xB40A, 0xBCCD, 0xB46C, 0x8B69, 0x59C5, 0x61C3,
    0xBC4B, 0xBCAD, 0xBC8C, 0xC4ED, 0xB44C, 0xAB89, 0xC50E, 0xC50E,
    0xC52E, 0xC52E, 0xCD2F, 0xCD4F, 0xCD4F, 0xCD4F, 0xCD4F, 0xCD4F,
    0xCD4F, 0xCD4F, 0xCD70, 0xCD50, 0xCD4F, 0xCD6F, 0xCD6F, 0xCD6F,
    0xCD6F, 0xD56F, 0xD58F, 0xD58F, 0xDDAE, 0xDDAE, 0xE5EF, 0xEE73,
    0xF719, 0xFF7C, 0xFFBE, 0xFFDE, 0xFFDE, 0xFFDE, 0xFFDE, 0xFFDE,
    0xFFDE, 0xFFDE, 0xFFDE, 0xFFDE, 0xFFDE, 0xFFDE, 0xFFDE, 0xFFDE,
    0xFFFE, 0xFFFE, 0xFFFE, 0xFFDE, 0xFFDE, 0xFFFE, 0xFFDE, 0xFFDE,
    0xFFDE, 0xFFFE, 0xFFFE, 0xFFDE, 0xFFDE, 0xFFDE, 0xFFFF, 0xFFBD,
    0xE659, 0xFFFF, 0xFFDE, 0xFFDE, 0xFFDE, 0xFFDE, 0xFFDE, 0xFFDE,
    0xFFDE, 0xFFDE, 0xFFDE, 0xFFDE, 0xFFBE, 0xFFBE, 0xFFDE, 0xFFDE,
    0xFFDE, 0xFFBE, 0xFFDF, 0xFF33, 0xBBA6, 0x5A68, 0xB3E9, 0xA3CC,
    0xBD72, 0xCDF2, 0xCDB2, 0xDE34, 0xB44C, 0xDACA, 0xFB2F, 0xF412,
    0xFBF0, 0xBBAF, 0xBE1A, 0xFFDF, 0xFFFF, 0xFFFF, 0xFFFF, 0xFFFF,
    0xFFFF, 0xFFFF, 0xFFFF, 0xFFFF, 0xFFFF, 0xF693, 0xCD70, 0xDDF2,
    0xCDF3, 0xBC4A, 0x6A06, 0x91E6, 0x8124, 0x78A4, 0x7863, 0x7043,
    0x8003, 0x6949, 0xCEDB, 0xFFFF, 0xFFFF, 0xFFFF, 0xFFFF, 0xFFFF,
    0xFFFF, 0xFFFF, 0xFFFF, 0xFFFF, 0xFFFF, 0xFF15, 0xDD31, 0xCE55,
    0xE48B, 0xB59D, 0xFFFF, 0xFFFF, 0xFFFF, 0xFFFF, 0xFFFF, 0xFFFF,
    0x3081, 0x48E2, 0x48E2, 0x48E2, 0x48E2, 0x40E2, 0x5902, 0x4902,
    0x40E2, 0x4102, 0x48E2, 0x5142, 0x4123, 0x40E2, 0x830A, 0x59E6,
    0x38A1, 0x38C1, 0x38E2, 0x59C5, 0x82E9, 0x6A66, 0x30E2, 0x38E2,
    0x38E2, 0x38E2, 0x38E2, 0x38E2, 0x38E2, 0x38E2, 0x3902, 0x3902,
    0x38E2, 0x30E2, 0x30E3, 0x2881, 0x6247, 0x6A88, 0x5A47, 0x5A27,
    0x51E5, 0x7B0A, 0x4943, 0x2082, 0x2061, 0x2882, 0x2882, 0x2082,
    0x30E3, 0x28C2, 0x3103, 0x4185, 0x2061, 0x2082, 0x2882, 0x2081,
    0x2081, 0x28A2, 0x30C2, 0x38E2, 0x30C2, 0x30C2, 0x4102, 0x6184,
    0x4923, 0x69A4, 0x69C5, 0x7A05, 0x7A05, 0x7A05, 0x7A06, 0x7A05,
    0x7205, 0x69E5, 0x69E5, 0x69E5, 0x6A05, 0x61C5, 0x7226, 0x8AE8,
    0xA3AA, 0x938A, 0x4144, 0x6163, 0x8A26, 0x8226, 0x8226, 0x8226,
    0x8226, 0x8206, 0x8A26, 0xB40A, 0xBC6C, 0xBC8C, 0xB48C, 0x8308,
    0x6A25, 0xB42A, 0xBCAC, 0xBC8C, 0xC4ED, 0xABAA, 0xB3EA, 0xC52E,
    0xC50E, 0xC50E, 0xC52E, 0xCD2F, 0xCD4F, 0xCD4F, 0xCD4F, 0xCD4F,
    0xCD4F, 0xCD4F, 0xCD4F, 0xCD4F, 0xCD4F, 0xCD4F, 0xCD4F, 0xCD4F,
    0xCD4F, 0xCD4F, 0xCD6F, 0xD56F, 0xD56F, 0xD58F, 0xDD8F, 0xDDAE,
    0xE5EF, 0xEE74, 0xF719, 0xFF7C, 0xFFBE, 0xFFDE, 0xFFDE, 0xFFDE,
    0xFFDE, 0xFFDE, 0xFFDE, 0xFFDE, 0xFFDE, 0xFFDE, 0xFFDE, 0xFFDE,
    0xFFFE, 0xFFFE, 0xFFFE, 0xFFFE, 0xFFFE, 0xFFFE, 0xFFFE, 0xFFDE,
    0xFFDE, 0xFFFE, 0xFFFE, 0xFFFE, 0xFFDE, 0xFFDE, 0xFFFF, 0xFF3A,
    0xE699, 0xFFFF, 0xFFDE, 0xFFDE, 0xFFDE, 0xFFDE, 0xFFDE, 0xFFDE,
    0xFFDE, 0xFFDE, 0xFFDE, 0xFFDE, 0xFFBE, 0xFFBE, 0xFFDE, 0xFFDE,
    0xFFBE, 0xFFDF, 0xFF54, 0xD487, 0x5A27, 0xA3A9, 0xAC0D, 0xBD92,
    0xCDD2, 0xCDB3, 0xD5D3, 0xD5F3, 0xD5F2, 0xAA88, 0xFB0D, 0xF30D,
    0xB3F1, 0xCEDD, 0xFFFF, 0xFFFF, 0xFFFF, 0xFFFF, 0xFFFF, 0xFFFF,
    0xFFFF, 0xFFFF, 0xFFFF, 0xFFFF, 0xFFFF, 0xFFDB, 0xD56E, 0xD5F1,
    0xCDB2, 0xD5F0, 0x7963, 0x7824, 0x9084, 0x8884, 0x88A5, 0x90C5,
    0x9084, 0x79AA, 0xCEDB, 0xFFFF, 0xFFFF, 0xFFFF, 0xFFFF, 0xFFFF,
    0xFFFF, 0xFFFF, 0xFFFF, 0xFFFF, 0xFFFF, 0xFF98, 0xDD70, 0xCE55,
    0xDC8B, 0xBE1E, 0xFFFF, 0xFFFF, 0xFFFF, 0xFFFF, 0xFFFF, 0xFFFF,
    0x48C1, 0x4902, 0x48E2, 0x50E2, 0x4922, 0x5123, 0x5923, 0x40E2,
    0x40E2, 0x4102, 0x40E2, 0x4102, 0x38C1, 0x61E6, 0x72A8, 0x3081,
    0x40E2, 0x38E2, 0x38E2, 0x30A1, 0x40E2, 0x72A8, 0x6A67, 0x30A1,
    0x38E2, 0x38E2, 0x38E2, 0x38E2, 0x38E2, 0x38E2, 0x38E2, 0x30E2,
    0x30E3, 0x30E2, 0x30E2, 0x30E2, 0x30A2, 0x6268, 0x3902, 0x4964,
    0x51E6, 0x59C5, 0x4123, 0x1841, 0x2882, 0x2882, 0x2882, 0x2061,
    0x51C6, 0x6A68, 0x6247, 0x3924, 0x5A07, 0x28A2, 0x2882, 0x2882,
    0x2881, 0x30C2, 0x38E2, 0x38E3, 0x38E2, 0x38E2, 0x38E2, 0x38E2,
    0x38C2, 0x6163, 0x71C5, 0x71E5, 0x7A05, 0x7A05, 0x7A05, 0x8205,
    0x8225, 0x7A26, 0x7206, 0x71E5, 0x69E5, 0x69E5, 0x61C5, 0x59A4,
    0x82A7, 0x9B49, 0x9B6A, 0x5185, 0x5143, 0x8A26, 0x8226, 0x8206,
    0x8226, 0x8226, 0x8206, 0x8A46, 0xB44B, 0xB44C, 0xB44B, 0xC4CD,
    0xA42B, 0x8B28, 0xBC8C, 0xBCAC, 0xBC8C, 0xBC8C, 0xA308, 0xC4ED,
    0xC50E, 0xC50E, 0xC50E, 0xC52E, 0xC52E, 0xC52E, 0xC52F, 0xCD2F,
    0xCD2F, 0xCD2F, 0xCD2F, 0xCD4F, 0xCD4F, 0xCD4F, 0xCD4F, 0xCD4F,
    0xCD4F, 0xCD4F, 0xCD4F, 0xCD6F, 0xCD6F, 0xD56F, 0xD58F, 0xD58F,
    0xDDAF, 0xDDAE, 0xE5F0, 0xEE74, 0xF719, 0xFF7C, 0xFFBE, 0xFFDE,
    0xFFDE, 0xFFDE, 0xFFDE, 0xFFDE, 0xFFDE, 0xFFDE, 0xFFDE, 0xFFFE,
    0xFFFE, 0xFFFE, 0xFFDE, 0xFFDE, 0xFFFE, 0xFFFE, 0xFFDE, 0xFFFE,
    0xFFDE, 0xFFFE, 0xFFFE, 0xFFFE, 0xFFDE, 0xFFBE, 0xFFFF, 0xE591,
    0xC577, 0xFFFF, 0xFFBE, 0xFFDE, 0xFFDE, 0xFFDE, 0xFFDE, 0xFFDE,
    0xFFDE, 0xFFDE, 0xFFDE, 0xFFDE, 0xFFBE, 0xFFBE, 0xFFDE, 0xFFBE,
    0xFFDF, 0xFF56, 0xE529, 0x6226, 0x9368, 0xAC0D, 0xBDD2, 0xC591,
    0xC5B2, 0xCDB2, 0xCDD3, 0xD5B2, 0xDE34, 0xBC8D, 0xB987, 0xBCB7,
    0xE7BF, 0xFFFF, 0xFFFF, 0xFFFF, 0xFFFF, 0xFFFF, 0xFFFF, 0xFFFF,
    0xFFFF, 0xFFFF, 0xFFFF, 0xFFFF, 0xFFFF, 0xFFFF, 0xF630, 0xCD70,
    0xD5D1, 0xCDF3, 0xBC49, 0x6863, 0x90C5, 0x88A4, 0x88A4, 0x88C5,
    0x9884, 0x79CB, 0xCF1C, 0xFFFF, 0xFFFF, 0xFFFF, 0xFFFF, 0xFFFF,
    0xFFFF, 0xFFFF, 0xFFFF, 0xFFFF, 0xFFFF, 0xFFDA, 0xE590, 0xCE54,
    0xDC8D, 0xBE5F, 0xFFFF, 0xFFFF, 0xFFFF, 0xFFFF, 0xFFFF, 0xFFFF,
    0x48E2, 0x48E2, 0x48E2, 0x5122, 0x5123, 0x6143, 0x4903, 0x40E2,
    0x4102, 0x40E2, 0x40E2, 0x4102, 0x38A1, 0x72A8, 0x59C6, 0x30A1,
    0x38E2, 0x38C2, 0x38C2, 0x38E2, 0x38E2, 0x3081, 0x6A68, 0x6247,
    0x30A1, 0x30E2, 0x30C2, 0x30E2, 0x30E2, 0x30E2, 0x30E3, 0x30E2,
    0x30C2, 0x30E2, 0x30A2, 0x6247, 0x836B, 0x72C9, 0x3103, 0x28A2,
    0x2881, 0x4902, 0x28C2, 0x2061, 0x2882, 0x2882, 0x2882, 0x2882,
    0x3903, 0x38E3, 0x4124, 0x2061, 0x3903, 0x6248, 0x28A2, 0x2882,
    0x30A2, 0x30C2, 0x38C2, 0x38E2, 0x38E2, 0x38E2, 0x38C2, 0x38E2,
    0x28A2, 0x38C2, 0x5123, 0x69A4, 0x8205, 0x7A05, 0x7A05, 0x7A05,
    0x7A05, 0x7A25, 0x7A05, 0x7A05, 0x7A05, 0x71E5, 0x71E5, 0x61C5,
    0x69E5, 0x8287, 0x69E5, 0x8AC7, 0x59C5, 0x5123, 0x8205, 0x8206,
    0x8206, 0x8206, 0x8226, 0x81E5, 0x92A7, 0xBC6C, 0xB46B, 0xB44B,
    0xBC8C, 0xBCAC, 0xAC2B, 0xB44B, 0xBCAD, 0xBCAD, 0xA369, 0xB46C,
    0xC4ED, 0xC4ED, 0xC4EE, 0xC50E, 0xC50E, 0xC50E, 0xC50E, 0xC50E,
    0xC52E, 0xCD2F, 0xCD2F, 0xCD2F, 0xCD2F, 0xCD2F, 0xCD2F, 0xCD2F,
    0xCD4F, 0xCD4F, 0xCD4F, 0xCD4F, 0xCD4F, 0xCD6F, 0xCD6F, 0xD56F,
    0xD58F, 0xD58F, 0xDDAF, 0xDDAF, 0xE610, 0xEE74, 0xF719, 0xFF7C,
    0xFFBE, 0xFFDE, 0xFFDE, 0xFFDE, 0xFFDE, 0xFFDE, 0xFFDE, 0xFFDE,
    0xFFDE, 0xFFFE, 0xFFDE, 0xFFDE, 0xFFDE, 0xFFDE, 0xFFFE, 0xFFFE,
    0xFFFE, 0xFFFE, 0xFFFE, 0xFFFE, 0xFFDE, 0xFFDF, 0xFFFD, 0xC42E,
    0xE73E, 0xFFFE, 0xFFDE, 0xFFDE, 0xFFDE, 0xFFDE, 0xFFDE, 0xFFDE,
    0xFFDE, 0xFFDE, 0xFFDE, 0xFFDE, 0xFFBE, 0xFFBE, 0xFFBD, 0xFFDF,
    0xFF77, 0xED8A, 0x7245, 0x8328, 0xA349, 0xAD31, 0xC591, 0xC572,
    0xC592, 0xC5B2, 0xCDB2, 0xCDB2, 0xD5D3, 0xDE34, 0xB44B, 0xB515,
    0xFFFF, 0xFFFF, 0xFFFF, 0xFFFF, 0xFFFF, 0xFFFF, 0xFFFF, 0xFFFF,
    0xFFFF, 0xFFFF, 0xFFFF, 0xFFFF, 0xFFFF, 0xFFFF, 0xFF9A, 0xCD2E,
    0xD5F2, 0xCD92, 0xD5F1, 0x81C3, 0x7865, 0x98C4, 0x9084, 0x8864,
    0x8823, 0x722B, 0xD75D, 0xFFFF, 0xFFFF, 0xFFFF, 0xFFFF, 0xFFFF,
    0xFFFF, 0xFFFF, 0xFFFF, 0xFFFF, 0xFFFF, 0xFFB8, 0xE5B0, 0xD674,
    0xD46E, 0xBE7F, 0xFFFF, 0xFFFF, 0xFFFF, 0xFFFF, 0xFFFF, 0xFFFF,
    0x5102, 0x4902, 0x48E2, 0x48E2, 0x6102, 0x5122, 0x48E2, 0x4102,
    0x40E2, 0x40E2, 0x40E2, 0x4102, 0x38C1, 0x7AE9, 0x5185, 0x30A1,
    0x38E2, 0x38C2, 0x38C2, 0x38E2, 0x38E2, 0x38E2, 0x3081, 0x6A88,
    0x59E6, 0x2881, 0x30E2, 0x30C2, 0x30C2, 0x30E2, 0x30E2, 0x38E2,
    0x4984, 0x3103, 0x30E2, 0x38E2, 0x6A68, 0x72C9, 0x3923, 0x28A2,
    0x38E2, 0x4943, 0x1881, 0x2061, 0x2882, 0x2882, 0x2882, 0x30A2,
    0x2882, 0x2882, 0x2882, 0x28A2, 0x2061, 0x4964, 0x6227, 0x2861,
    0x38E2, 0x38E2, 0x38E2, 0x38E2, 0x38E2, 0x30E2, 0x2882, 0x2882,
    0x4102, 0x38C2, 0x38C2, 0x38C2, 0x5942, 0x79E4, 0x8205, 0x7A05,
    0x7A05, 0x7A05, 0x7A05, 0x7A05, 0x71E5, 0x79E5, 0x71E5, 0x7A26,
    0x69E5, 0x71C4, 0x71E5, 0x61A4, 0x7A25, 0x61A4, 0x5123, 0x8205,
    0x8226, 0x8206, 0x8206, 0x8226, 0x81E5, 0xA328, 0xBC8C, 0xB46B,
    0xB46C, 0xB46C, 0xBCAC, 0x8B08, 0xABC9, 0xC4ED, 0xB46C, 0xBC8C,
    0xBCCD, 0xC4CD, 0xC4CD, 0xC4ED, 0xC4EE, 0xC4EE, 0xC50E, 0xC50E,
    0xC50E, 0xC50E, 0xC50E, 0xCD0E, 0xCD2E, 0xCD2E, 0xCD2F, 0xCD2F,
    0xCD2F, 0xCD2F, 0xCD4F, 0xCD4F, 0xCD4F, 0xCD4F, 0xCD6F, 0xCD6F,
    0xCD6F, 0xD56F, 0xD58F, 0xD58F, 0xDDAF, 0xDDAF, 0xE5F0, 0xEE74,
    0xF6F8, 0xFF7C, 0xFFBE, 0xFFDE, 0xFFDE, 0xFFDE, 0xFFDE, 0xFFDE,
    0xFFDE, 0xFFDE, 0xFFDE, 0xFFDE, 0xFFDE, 0xFFDE, 0xFFDE, 0xFFFE,
    0xFFFE, 0xFFDE, 0xFFFE, 0xFFFE, 0xFFDE, 0xFFFF, 0xF695, 0xB452,
    0xFFFF, 0xFFDE, 0xFFDE, 0xFFDE, 0xFFDE, 0xFFDE, 0xFFDE, 0xFFDE,
    0xFFDE, 0xFFDE, 0xFFDE, 0xFFDE, 0xFFDE, 0xFFBD, 0xFFDF, 0xFFBA,
    0xF5EB, 0x8284, 0x72E8, 0xAB27, 0x9C2E, 0xBD91, 0xBD71, 0xC571,
    0xC592, 0xC591, 0xC5B2, 0xCDB2, 0xCDB2, 0xCDD2, 0xE673, 0xBB8B,
    0xDEDE, 0xFFFF, 0xFFFF, 0xFFFF, 0xFFFF, 0xFFFF, 0xFFFF, 0xFFFF,
    0xFFFF, 0xFFFF, 0xFFFF, 0xFFFF, 0xFFFF, 0xFFFF, 0xFFFF, 0xEE11,
    0xC550, 0xD5F1, 0xCDF3, 0xBC8A, 0x6063, 0x80E6, 0x79A8, 0x82ED,
    0xA44E, 0x9C0E, 0xDF3E, 0xFFFF, 0xFFFF, 0xFFFF, 0xFFFF, 0xFFFF,
    0xFFFF, 0xFFFF, 0xFFFF, 0xFFFF, 0xFFFF, 0xFF77, 0xE5D0, 0xDE52,
    0xD48E, 0xC6BF, 0xFFFF, 0xFFFF, 0xFFFF, 0xFFFF, 0xFFFF, 0xFFFF,
    0x48E2, 0x48E2, 0x40C2, 0x5902, 0x5923, 0x48E2, 0x40E2, 0x40E2,
    0x4102, 0x40E2, 0x40E2, 0x4102, 0x38C1, 0x7AE9, 0x5184, 0x30A1,
    0x38C2, 0x38C2, 0x4942, 0x3924, 0x38C2, 0x38E2, 0x30C2, 0x30C2,
    0x72C9, 0x4143, 0x28A1, 0x3903, 0x30C2, 0x28A2, 0x30C2, 0x9C0E,
    0x834B, 0x30C2, 0x30C2, 0x30E3, 0x2881, 0x3923, 0x6AA9, 0x49A5,
    0x40E2, 0x3903, 0x28A1, 0x28A2, 0x2881, 0x28A2, 0x28A2, 0x28A2,
    0x28A2, 0x2082, 0x2082, 0x2061, 0x2082, 0x1821, 0x5A27, 0x4144,
    0x30A1, 0x30C2, 0x38E2, 0x4102, 0x4143, 0x5163, 0x5164, 0x5164,
    0x5143, 0x4102, 0x5164, 0x4943, 0x3923, 0x4102, 0x6184, 0x79E5,
    0x8205, 0x7A05, 0x8205, 0x92A7, 0x9B08, 0x9308, 0x8A87, 0x8A66,
    0x92C7, 0x8267, 0x71E5, 0x71E4, 0x69C4, 0x79E5, 0x69A4, 0x5143,
    0x8205, 0x8226, 0x8206, 0x8206, 0x8226, 0x81E5, 0xABCA, 0xBC8C,
    0xB44B, 0xB46C, 0xBC8C, 0xB44C, 0x69C4, 0xAC0A, 0xC4CD, 0xBC8C,
    0xBCAD, 0xBCAD, 0xC4AD, 0xC4CD, 0xC4CD, 0xC4ED, 0xC4ED, 0xC4EE,
    0xC4EE, 0xC50E, 0xC50E, 0xC50E, 0xC50E, 0xCD2E, 0xCD2E, 0xCD2E,
    0xCD2E, 0xCD2F, 0xCD2F, 0xCD4F, 0xCD4F, 0xCD4F, 0xCD6F, 0xCD4F,
    0xCD6F, 0xCD6F, 0xD56F, 0xD56F, 0xD590, 0xD58F, 0xDDAF, 0xDDAF,
    0xE5F0, 0xEE73, 0xF6F8, 0xFF5B, 0xFF9D, 0xFFBD, 0xFFDE, 0xFFDE,
    0xFFDE, 0xFFDE, 0xFFDE, 0xFFDE, 0xFFDE, 0xFFDE, 0xFFDE, 0xFFFE,
    0xFFFE, 0xFFFE, 0xFFFE, 0xFFDE, 0xFFDE, 0xFFFF, 0xD48D, 0xCE1B,
    0xFFFF, 0xFFDE, 0xFFDE, 0xFFDE, 0xFFDE, 0xFFDE, 0xFFDE, 0xFFDE,
    0xFFDE, 0xFFDE, 0xFFDE, 0xFFDE, 0xFFDE, 0xFFBE, 0xFFDD, 0xFE6D,
    0x92E5, 0x6AA7, 0xAB26, 0x934B, 0xB571, 0xC571, 0xBD70, 0xBD71,
    0xC571, 0xC591, 0xC591, 0xC591, 0xCDB2, 0xCDB2, 0xD614, 0xDD6E,
    0xB432, 0xFFFF, 0xFFFF, 0xFFFF, 0xFFFF, 0xFFFF, 0xFFFF, 0xFFFF,
    0xFFFF, 0xFFFF, 0xFFFF, 0xFFFF, 0xFFFF, 0xFFFF, 0xFFFF, 0xFFDB,
    0xCCEE, 0xCDF2, 0xCDB2, 0xD5F1, 0x8AA9, 0x7C71, 0xB551, 0xBDF4,
    0xE651, 0xBC90, 0xDF5F, 0xFFFF, 0xFFFF, 0xFFFF, 0xFFFF, 0xFFFF,
    0xFFFF, 0xFFFF, 0xFFFF, 0xFFFF, 0xFFFF, 0xFF35, 0xEDF2, 0xE655,
    0xD4CF, 0xC6BF, 0xFFFF, 0xFFFF, 0xFFFF, 0xFFFF, 0xFFFF, 0xFFFF,
    0x48C2, 0x4902, 0x5142, 0x6164, 0x5103, 0x40E2, 0x40E2, 0x4102,
    0x40E2, 0x40E2, 0x40E2, 0x4102, 0x38A1, 0x72C9, 0x59C5, 0x38A1,
    0x38E2, 0x4923, 0x4122, 0x38E2, 0x38E2, 0x38E2, 0x30C2, 0x30A2,
    0x4144, 0x72C9, 0x5A06, 0x6247, 0x6247, 0x51E6, 0x3903, 0x3923,
    0x28A1, 0x4144, 0x4164, 0x28A2, 0x30C2, 0x28C2, 0x30E2, 0x6A88,
    0x7247, 0x2081, 0x28A2, 0x2082, 0x2882, 0x30C2, 0x38E2, 0x4923,
    0x5964, 0x6184, 0x61A4, 0x61A5, 0x5985, 0x5164, 0x5185, 0x51A5,
    0x38E3, 0x38E3, 0x38E2, 0x30C2, 0x30C2, 0x28A2, 0x38C2, 0x4943,
    0x4943, 0x4923, 0x61A4, 0x61A4, 0x61A4, 0x61A4, 0x5984, 0x6184,
    0x69A4, 0x71C5, 0x79E5, 0x8205, 0x9286, 0xA308, 0xAB69, 0xA349,
    0x92E7, 0xA328, 0x92E8, 0x7A25, 0x79E5, 0x71C4, 0x79E5, 0x69C4,
    0x5143, 0x8205, 0x8226, 0x8205, 0x8206, 0x8206, 0x8A46, 0xB44B,
    0xB46C, 0xB46C, 0xB46C, 0xC4AD, 0x9349, 0x6143, 0xBC6C, 0xBC8D,
    0xBC8C, 0xBCAD, 0xBCAD, 0xC4AD, 0xC4CD, 0xC4CD, 0xC4CD, 0xC4ED,
    0xC4EE, 0xC4EE, 0xC50E, 0xC50E, 0xC50E, 0xC50E, 0xC50E, 0xCD2E,
    0xCD2E, 0xCD2E, 0xCD2F, 0xCD2F, 0xCD4F, 0xCD4F, 0xCD4F, 0xCD4F,
    0xCD4F, 0xCD6F, 0xCD6F, 0xCD6F, 0xD56F, 0xD56F, 0xD58F, 0xD58F,
    0xDDAF, 0xDDAF, 0xE5F0, 0xEE73, 0xF6F7, 0xF75B, 0xFF9C, 0xFFBD,
    0xFFDE, 0xFFDE, 0xFFDE, 0xFFDE, 0xFFDE, 0xFFDE, 0xFFDE, 0xFFDE,
    0xFFFE, 0xFFFE, 0xFFDE, 0xFFDE, 0xFFFF, 0xFF79, 0xB3CE, 0xF7DF,
    0xFFDE, 0xFFDE, 0xFFDE, 0xFFDE, 0xFFDE, 0xFFDE, 0xFFDE, 0xFFDE,
    0xFFDE, 0xFFDE, 0xFFDE, 0xFFDE, 0xFFBE, 0xFFDE, 0xFEF0, 0xA2A2,
    0x4164, 0x9AE6, 0x9B09, 0xB571, 0xC591, 0xBD30, 0xBD50, 0xBD50,
    0xBD70, 0xC571, 0xC571, 0xC591, 0xC592, 0xCDB2, 0xD5B2, 0xDE54,
    0xCC2A, 0xC5D9, 0xFFFF, 0xFFFF, 0xFFFF, 0xFFFF, 0xFFFF, 0xFFFF,
    0xFFFF, 0xFFFF, 0xFFFF, 0xFFFF, 0xFFFF, 0xFFFF, 0xFFFF, 0xFFFF,
    0xF6D6, 0xC550, 0xDDF2, 0xCDD3, 0xCD2E, 0x7AAA, 0xA573, 0xC570,
    0xCD2E, 0xB512, 0xEFBF, 0xFFFF, 0xFFFF, 0xFFFF, 0xFFFF, 0xFFFF,
    0xFFFF, 0xFFFF, 0xFFFF, 0xFFFF, 0xFFFE, 0xF6F3, 0xE5D1, 0xE637,
    0xDCB0, 0xC6BF, 0xFFFF, 0xFFFF, 0xFFFF, 0xFFFF, 0xFFFF, 0xFFFF,
    0x50E2, 0x6922, 0x7203, 0x6164, 0x40E2, 0x40E2, 0x48E2, 0x4902,
    0x4102, 0x40E2, 0x40E2, 0x4102, 0x38C1, 0x6A67, 0x6227, 0x3081,
    0x38E2, 0x3902, 0x38E2, 0x38E2, 0x38E2, 0x38C2, 0x30C2, 0x30E2,
    0x2861, 0x6A88, 0x7AEA, 0x2861, 0x3903, 0x51C5, 0x6A88, 0x49A5,
    0x28A1, 0x30E3, 0x51E6, 0x6247, 0x4985, 0x30E2, 0x2081, 0x38C1,
    0x72C9, 0x3944, 0x2061, 0x2882, 0x2882, 0x2082, 0x2082, 0x2062,
    0x2882, 0x30A2, 0x40E2, 0x5123, 0x6163, 0x8A87, 0x9B09, 0x8A26,
    0x8A26, 0x8226, 0x7A06, 0x71E5, 0x69C5, 0x5984, 0x4964, 0x4123,
    0x4923, 0x5163, 0x5163, 0x5984, 0x5984, 0x5963, 0x6184, 0x6184,
    0x61A4, 0x59A4, 0x5984, 0x6184, 0x6984, 0x71C4, 0x8A45, 0x9AE7,
    0x92E8, 0x7A25, 0x79E4, 0x8205, 0x71E5, 0x71C4, 0x71C4, 0x79E4,
    0x69C4, 0x5963, 0x8205, 0x8206, 0x8206, 0x8226, 0x81E5, 0x9AE8,
    0xBC6C, 0xB44C, 0xB46C, 0xB44C, 0xBCAD, 0x61A5, 0x7A46, 0xC4CD,
    0xBC8C, 0xBC8D, 0xBCAD, 0xBCAD, 0xBCAD, 0xBCCD, 0xC4CD, 0xC4CD,
    0xC4ED, 0xC4EE, 0xC4EE, 0xC50E, 0xC50E, 0xC50E, 0xC50E, 0xC50E,
    0xC52E, 0xCD2E, 0xCD2E, 0xCD2F, 0xCD2E, 0xCD4F, 0xCD4F, 0xCD4F,
    0xCD4F, 0xCD4F, 0xCD4F, 0xCD6F, 0xCD6F, 0xCD6F, 0xD56F, 0xD56F,
    0xD58F, 0xD58F, 0xD5AF, 0xDDAE, 0xE5F0, 0xEE73, 0xF6D7, 0xF73A,
    0xFF7C, 0xFFBD, 0xFFDE, 0xFFDE, 0xFFDE, 0xFFDE, 0xFFDE, 0xFFDE,
    0xFFDE, 0xFFDE, 0xFFFE, 0xFFDE, 0xFFFF, 0xE54F, 0xC537, 0xFFFF,
    0xFFBE, 0xFFDE, 0xFFDE, 0xFFDE, 0xFFDE, 0xFFDE, 0xFFDE, 0xFFDE,
    0xFFDE, 0xFFDE, 0xFFDE, 0xFFBD, 0xFFDF, 0xFF73, 0xB323, 0x4249,
    0xA48C, 0x7B08, 0x7B4A, 0x9C0C, 0xA4AE, 0xC590, 0xC5B1, 0xC5B1,
    0xC591, 0xC591, 0xC591, 0xC591, 0xC591, 0xC591, 0xCDB2, 0xD5B3,
    0xE5F0, 0xB38D, 0xEF7F, 0xFFFF, 0xFFFF, 0xFFFF, 0xFFFF, 0xFFFF,
    0xFFFF, 0xFFFF, 0xFFFF, 0xFFFF, 0xFFFF, 0xFFFF, 0xFFFF, 0xFFFF,
    0xFFFE, 0xDDB0, 0xD5D1, 0xD5B2, 0xD5F3, 0xAC2D, 0x940D, 0xABED,
    0xA42D, 0xB555, 0xF7FF, 0xFFFF, 0xFFFF, 0xFFFF, 0xFFFF, 0xFFFF,
    0xFFFF, 0xFFFF, 0xFFFF, 0xFFFF, 0xFFFC, 0xF6B2, 0xDD70, 0xD64F,
    0xCBCD, 0xBE9F, 0xFFFF, 0xFFFF, 0xFFFF, 0xFFFF, 0xFFFF, 0xFFFF,
    0x48C2, 0x5902, 0x6122, 0x48E2, 0x40C2, 0x40C2, 0x40C2, 0x40C2,
    0x40C2, 0x40C2, 0x40E2, 0x40E2, 0x38C1, 0x59E5, 0x7B09, 0x3945,
    0x4104, 0x38E2, 0x38E2, 0x38C2, 0x30C2, 0x30C2, 0x30C2, 0x30C2,
    0x30A1, 0x4964, 0x8BAC, 0x38E2, 0x28A2, 0x28A1, 0x30C2, 0x6227,
    0x6268, 0x30C2, 0x28A1, 0x4144, 0x5A27, 0x6288, 0x5A07, 0x61E5,
    0x49C5, 0x6AC9, 0x2881, 0x2882, 0x2882, 0x2882, 0x2882, 0x2061,
    0x2882, 0x2882, 0x2082, 0x1861, 0x2061, 0x38E2, 0x4964, 0x5164,
    0x6163, 0x71A4, 0x81E5, 0x8A05, 0x8A26, 0x8A46, 0x8A26, 0x8A26,
    0x8206, 0x7A05, 0x7205, 0x71E5, 0x7266, 0x6A66, 0x6205, 0x5184,
    0x5143, 0x5963, 0x5984, 0x5984, 0x5984, 0x5164, 0x5963, 0x71A4,
    0x8A45, 0x92C7, 0x8246, 0x71C5, 0x71E4, 0x71E4, 0x71E4, 0x71C4,
    0x79E4, 0x71C4, 0x6184, 0x81E5, 0x8A88, 0x8206, 0x8206, 0x81C5,
    0xA369, 0xBC8C, 0xB44B, 0xB44C, 0xBC8C, 0x9369, 0x5103, 0xB40B,
    0xBCAD, 0xBC8C, 0xBC8D, 0xBCAD, 0xBCAD, 0xBCAD, 0xBCAD, 0xC4CD,
    0xC4CD, 0xC4CD, 0xC4EE, 0xC4EE, 0xC4EE, 0xC50E, 0xC50E, 0xC50E,
    0xC50E, 0xC50E, 0xCD2E, 0xCD2E, 0xCD2E, 0xCD2E, 0xCD4E, 0xCD4F,
    0xCD4F, 0xCD4F, 0xCD4F, 0xCD4F, 0xCD4F, 0xCD6F, 0xCD6F, 0xCD6F,
    0xD56F, 0xD56F, 0xD58F, 0xD58F, 0xD5AF, 0xDDAF, 0xE5F0, 0xEE53,
    0xF6D7, 0xF73A, 0xFF7C, 0xFFBD, 0xFFDE, 0xFFDE, 0xFFDE, 0xFFFE,
    0xFFFE, 0xFFFE, 0xFFDE, 0xFFFF, 0xFFBB, 0xBBCD, 0xEF7F, 0xFFFE,
    0xFFDE, 0xFFDE, 0xFFDE, 0xFFDE, 0xFFDE, 0xFFDE, 0xFFDE, 0xFFDE,
    0xFFBE, 0xFFBE, 0xFFBD, 0xFFDF, 0xFFB7, 0xD405, 0x3040, 0x39E7,
    0xC612, 0xCDB1, 0xB50F, 0xA4AE, 0x8B67, 0x5183, 0x6A87, 0x8B69,
    0xA46C, 0xAC8D, 0xB4EE, 0xBD2F, 0xBD50, 0xCDF2, 0xD613, 0xDE13,
    0xE695, 0xDCEC, 0xBCD6, 0xFFFF, 0xFFFF, 0xFFFF, 0xFFFF, 0xFFFF,
    0xFFFF, 0xFFFF, 0xFFFF, 0xFFFF, 0xFFFF, 0xFFFF, 0xFFFF, 0xFFFF,
    0xFFFF, 0xFF37, 0xD56F, 0xDDF2, 0xCDB2, 0xD5F2, 0xB46E, 0xAD93,
    0xD50C, 0xB558, 0xFFFF, 0xFFFF, 0xFFFF, 0xFFFF, 0xFFFF, 0xFFFF,
    0xFFFF, 0xFFFF, 0xFFFF, 0xFFFF, 0xFFB9, 0xEE71, 0xD56F, 0xD52A,
    0xB30D, 0xC71F, 0xFFFF, 0xFFFF, 0xFFFF, 0xFFFF, 0xFFFF, 0xFFFF,
    0x48C2, 0x6102, 0x5902, 0x40E2, 0x40C2, 0x40C2, 0x40C2, 0x48E2,
    0x51C3, 0x4986, 0x4104, 0x40E2, 0x4903, 0x81E3, 0xA4CC, 0x4187,
    0x38C2, 0x38E2, 0x38E2, 0x38C2, 0x30C2, 0x30C2, 0x30C2, 0x30C2,
    0x30A2, 0x38E2, 0x832A, 0x6227, 0x2881, 0x30C2, 0x30C2, 0x2881,
    0x49A5, 0x6AA9, 0x3903, 0x28A1, 0x28A2, 0x30E3, 0x59E6, 0x6A88,
    0x5207, 0x4144, 0x2082, 0x2882, 0x2882, 0x2882, 0x2082, 0x30C3,
    0x28A2, 0x2061, 0x2041, 0x4124, 0x4124, 0x30C2, 0x38E2, 0x4102,
    0x4923, 0x4923, 0x5143, 0x5943, 0x6984, 0x79C5, 0x8205, 0x8226,
    0x8226, 0x8226, 0x8226, 0x8A26, 0x8A46, 0x92C7, 0xA388, 0xA3EA,
    0x8B69, 0x6A87, 0x59E5, 0x5164, 0x5963, 0x5983, 0x5984, 0x5184,
    0x5964, 0x71A4, 0x8225, 0x7A25, 0x71E5, 0x71E4, 0x71C4, 0x69E4,
    0x69E4, 0x7A05, 0x69C4, 0x69A4, 0x8A26, 0x8206, 0x8206, 0x8206,
    0x8A26, 0xB42B, 0xB44C, 0xB44C, 0xB46C, 0xB46C, 0x5943, 0x9328,
    0xC4CD, 0xBC6C, 0xBC8C, 0xBC8D, 0xBCAD, 0xBCAD, 0xBCAD, 0xBCAD,
    0xBCCD, 0xC4CD, 0xC4CD, 0xC4EE, 0xC4EE, 0xC4EE, 0xC50E, 0xC50E,
    0xC50E, 0xC50E, 0xC50E, 0xCD2E, 0xCD2E, 0xCD2E, 0xCD2E, 0xCD4E,
    0xCD4F, 0xCD4F, 0xCD4F, 0xCD4F, 0xCD4F, 0xCD4F, 0xCD4F, 0xCD6F,
    0xCD6F, 0xCD6F, 0xCD6F, 0xD56F, 0xD56F, 0xD58F, 0xD58F, 0xDDAE,
    0xE5EF, 0xEE52, 0xEEB6, 0xF73A, 0xFF7C, 0xFFBD, 0xFFDE, 0xFFDE,
    0xFFDE, 0xFFFE, 0xFFDE, 0xFFFF, 0xED90, 0xBD17, 0xFFFF, 0xFFBE,
    0xFFDF, 0xFFDF, 0xFFDE, 0xFFDE, 0xFFDE, 0xFFDE, 0xFFDE, 0xFFBE,
    0xFFBE, 0xFFBE, 0xFFBF, 0xFFD9, 0xE4A6, 0x40A1, 0x4943, 0x3880,
    0x4A48, 0xBD50, 0xC58F, 0xBC8A, 0x5941, 0x2041, 0x3081, 0x38C1,
    0x2861, 0x6B6D, 0xAC8D, 0x9C6E, 0xA40B, 0x7A65, 0x7A67, 0x8B28,
    0x8AE9, 0xB4CF, 0xB3AC, 0xDF1E, 0xFFFF, 0xFFFF, 0xFFFF, 0xFFFF,
    0xFFFF, 0xFFFF, 0xFFFF, 0xFFFF, 0xFFFF, 0xFFFF, 0xFFFF, 0xFFFF,
    0xFFFF, 0xFFFF, 0xEE31, 0xD5D1, 0xD5D2, 0xCDB2, 0xD613, 0xDE53,
    0xCC6C, 0xB5DB, 0xFFFF, 0xFFFF, 0xFFFF, 0xFFFF, 0xFFFF, 0xFFFF,
    0xFFFF, 0xFFFF, 0xFFFF, 0xFFFF, 0xFF97, 0xEE0E, 0xC46B, 0xC469,
    0xBC11, 0xD77F, 0xFFFF, 0xFFFF, 0xFFFF, 0xFFFF, 0xFFFF, 0xFFFF,
    0x5902, 0x6122, 0x48E2, 0x40C2, 0x40C2, 0x40C2, 0x48C2, 0x6941,
    0x6203, 0x4944, 0x40C2, 0x38C2, 0x6A27, 0x82A8, 0x9BED, 0x6A47,
    0x4964, 0x40E2, 0x30A1, 0x30A2, 0x30C2, 0x38C2, 0x30C2, 0x30C2,
    0x30C2, 0x30C2, 0x6227, 0x72E9, 0x3903, 0x28A2, 0x30C2, 0x30C2,
    0x2081, 0x4144, 0x6AA9, 0x3903, 0x28A2, 0x28C2, 0x4902, 0x2081,
    0x1840, 0x2061, 0x2882, 0x2882, 0x2882, 0x2882, 0x2061, 0x3903,
    0x834B, 0x51E6, 0x3903, 0x49A5, 0x51A5, 0x2881, 0x30C2, 0x30A2,
    0x30A2, 0x38C2, 0x4102, 0x4923, 0x4923, 0x4923, 0x5143, 0x6163,
    0x71C4, 0x8205, 0x8A26, 0x8226, 0x8226, 0x7A05, 0x81E5, 0x9266,
    0xAB88, 0xBC8B, 0xB46C, 0x9BCA, 0x7AE8, 0x6226, 0x5184, 0x5163,
    0x5984, 0x59A4, 0x61A4, 0x71C4, 0x79E5, 0x79E5, 0x71C4, 0x71E4,
    0x69E4, 0x69C4, 0x71E4, 0x61A4, 0x69A4, 0x8A26, 0x8206, 0x8226,
    0x79E5, 0xA349, 0xBC6C, 0xB44B, 0xB44C, 0xBCAD, 0x7226, 0x8287,
    0xC4CD, 0xB46C, 0xBC8C, 0xBC8D, 0xBC8D, 0xBCAD, 0xBCAD, 0xBCAD,
    0xBCAD, 0xBCCD, 0xC4CD, 0xC4CD, 0xC4CD, 0xC4EE, 0xC4ED, 0xC4EE,
    0xC4EE, 0xC50E, 0xC50E, 0xC50E, 0xC50E, 0xC52E, 0xCD2E, 0xCD2E,
    0xCD2E, 0xCD4E, 0xCD4F, 0xCD4F, 0xCD4F, 0xCD4F, 0xCD4F, 0xCD4F,
    0xCD4F, 0xCD4F, 0xCD6F, 0xCD6F, 0xCD6F, 0xD56F, 0xD56F, 0xD58F,
    0xD58F, 0xDDAF, 0xDDCF, 0xE632, 0xEEB6, 0xF719, 0xFF7C, 0xFF9D,
    0xFFBE, 0xFFDE, 0xFFDF, 0xFF9A, 0xBBCE, 0xEF9F, 0xFFDE, 0xFFDE,
    0xFFDE, 0xFFDF, 0xFFFF, 0xFFDE, 0xFFBE, 0xFFBE, 0xFFDE, 0xFFDE,
    0xFFBE, 0xFFBF, 0xFFFB, 0xED68, 0x50C1, 0x4123, 0x5142, 0x4942,
    0x38A1, 0x3123, 0x4982, 0x2840, 0x2082, 0x4102, 0x4122, 0x4923,
    0x40E1, 0x3965, 0x8BEB, 0xA3EA, 0x69E3, 0x2861, 0x38C3, 0x5944,
    0x50A3, 0x49EA, 0xBD2E, 0xCD35, 0xFFFF, 0xFFFF, 0xFFFF, 0xFFFF,
    0xFFFF, 0xFFFF, 0xFFFF, 0xFFFF, 0xFFFF, 0xFFFF, 0xFFFF, 0xFFFF,
    0xFFFF, 0xFFFF, 0xFF58, 0xD58F, 0xDDF1, 0xD5D2, 0xCDB2, 0xD632,
    0xC42C, 0xC67E, 0xFFFF, 0xFFFF, 0xFFFF, 0xFFFF, 0xFFFF, 0xFFFF,
    0xFFFF, 0xFFFF, 0xFFFF, 0xFFFF, 0xFF54, 0xDD0A, 0xB42C, 0xC4CA,
    0xC450, 0xD75F, 0xFFFF, 0xFFFF, 0xFFFF, 0xFFFF, 0xFFFF, 0xFFFF,
    0x6122, 0x5102, 0x40C2, 0x40C2, 0x40C2, 0x40C2, 0x40C2, 0x48E2,
    0x48C2, 0x48C2, 0x40C2, 0x38C2, 0x38C2, 0x3081, 0x6A47, 0x8B4B,
    0x6A46, 0x72A9, 0x6227, 0x4964, 0x30A2, 0x2881, 0x30A2, 0x30A2,
    0x30C2, 0x2881, 0x51C5, 0x72C9, 0x5A06, 0x2881, 0x30C2, 0x28C2,
    0x28C2, 0x2881, 0x3923, 0x72C9, 0x3103, 0x38C2, 0x4123, 0x1861,
    0x30A2, 0x30A2, 0x2882, 0x2882, 0x2882, 0x2882, 0x2882, 0x2041,
    0x4185, 0x72C9, 0x4124, 0x6A68, 0x7B0A, 0x4985, 0x4943, 0x4923,
    0x4943, 0x4943, 0x4943, 0x4943, 0x5163, 0x69C4, 0x69C5, 0x59A4,
    0x5164, 0x5143, 0x6163, 0x71C4, 0x8205, 0x8A46, 0x8226, 0x79E5,
    0x79C5, 0x9266, 0xABA9, 0xBC8C, 0xBC8C, 0xB44B, 0x9BEA, 0x7B08,
    0x5A05, 0x5164, 0x5164, 0x5984, 0x69A4, 0x71C4, 0x71E4, 0x71E4,
    0x71C4, 0x69C4, 0x61A4, 0x5164, 0x4923, 0x8205, 0x8206, 0x8206,
    0x81E6, 0x8A66, 0xB44B, 0xB44C, 0xB42B, 0xBC8C, 0x8AE8, 0x8AE8,
    0xC4AD, 0xB46C, 0xBC6C, 0xBC8D, 0xBC8D, 0xBC8D, 0xBC8D, 0xBC8D,
    0xBCAD, 0xBCAD, 0xBCAD, 0xBCAD, 0xBCCD, 0xC4CD, 0xC4ED, 0xC4EE,
    0xC4ED, 0xC4ED, 0xC50E, 0xC50E, 0xC50E, 0xC50E, 0xC50E, 0xCD2E,
    0xCD2E, 0xCD2E, 0xCD2E, 0xCD2F, 0xCD4F, 0xCD4F, 0xCD4F, 0xCD4F,
    0xCD4F, 0xCD4F, 0xCD4F, 0xCD4F, 0xCD6F, 0xCD6F, 0xCD6F, 0xD56F,
    0xD56F, 0xD58F, 0xD58F, 0xDDAF, 0xDDCF, 0xE632, 0xEE95, 0xF719,
    0xFF5B, 0xFF7D, 0xFFFF, 0xE52F, 0xC5B9, 0xFFFF, 0xFFBE, 0xFFDE,
    0xFFDE, 0xFFDE, 0xFFDF, 0xFFFF, 0xFFDE, 0xFFBE, 0xFFDE, 0xFFBE,
    0xFFBF, 0xFFFC, 0xF60B, 0x6941, 0x3903, 0x5963, 0x4922, 0x4922,
    0x4922, 0x40E2, 0x38C2, 0x3902, 0x4122, 0x4102, 0x4102, 0x4102,
    0x4922, 0x40E1, 0x3080, 0x3081, 0x30A2, 0x4944, 0x5964, 0x6165,
    0x69A5, 0x6103, 0x4965, 0x7269, 0xD6DE, 0xFFFF, 0xFFFF, 0xFFFF,
    0xFFFF, 0xFFFF, 0xFFFF, 0xFFFF, 0xFFFF, 0xFFFF, 0xFFFF, 0xFFFF,
    0xFFFF, 0xFFFF, 0xFFFF, 0xDDF1, 0xCDD0, 0xDDF1, 0xD5D2, 0xDE2F,
    0xBBCD, 0xD75F, 0xFFFF, 0xFFFF, 0xFFFF, 0xFFFF, 0xFFFF, 0xFFFF,
    0xFFFF, 0xFFFF, 0xFFFF, 0xFFFE, 0xFECF, 0xCC2A, 0xBC8C, 0xC426,
    0x8A2B, 0xBF1F, 0xFFFF, 0xFFFF, 0xFFFF, 0xFFFF, 0xFFFF, 0xFFFF,
    0x6143, 0x48E3, 0x48E2, 0x48E2, 0x48E2, 0x50E2, 0x60E3, 0x60C3,
    0x58E2, 0x4102, 0x38E2, 0x38C2, 0x38C2, 0x38A1, 0x4103, 0x7AE9,
    0x38A1, 0x38E2, 0x51A5, 0x6A68, 0x6A88, 0x59C6, 0x38C2, 0x2861,
    0x2881, 0x28A2, 0x3903, 0x6A88, 0x6A88, 0x30C2, 0x28A2, 0x28A2,
    0x28A2, 0x28C2, 0x2081, 0x4144, 0x6AC9, 0x4923, 0x1881, 0x2061,
    0x2882, 0x2882, 0x2882, 0x2882, 0x2882, 0x2882, 0x2882, 0x28A2,
    0x2061, 0x51E6, 0x6247, 0x30A1, 0x6247, 0x4985, 0x6227, 0x6A06,
    0x6163, 0x69A4, 0x69A4, 0x69A4, 0x69A4, 0x61A4, 0x69A4, 0x69C4,
    0x71E5, 0x69C5, 0x59A4, 0x5164, 0x5143, 0x6163, 0x79C4, 0x8A26,
    0x8226, 0x79E6, 0x81E5, 0x92A6, 0xB40A, 0xBC6B, 0xBC4B, 0xBC6B,
    0xB46C, 0x93AA, 0x6A87, 0x5184, 0x4943, 0x5984, 0x71E4, 0x71E4,
    0x79E4, 0x71E4, 0x5984, 0x5984, 0x5164, 0x6A05, 0x8A47, 0x81E5,
    0x8226, 0x81E5, 0xABAA, 0xB46C, 0xB42C, 0xB44C, 0xAC0B, 0xAC0B,
    0xBC6C, 0xBC6C, 0xBC6C, 0xBC6C, 0xBC8D, 0xBC8D, 0xBC8D, 0xBC8D,
    0xBC8D, 0xBCAD, 0xBCAD, 0xBCAD, 0xBCAD, 0xC4CD, 0xC4CD, 0xC4CD,
    0xC4CD, 0xC4ED, 0xC4ED, 0xC4ED, 0xC4ED, 0xC50E, 0xC50E, 0xC50E,
    0xC50E, 0xCD0E, 0xCD2E, 0xCD2E, 0xCD2E, 0xCD2E, 0xCD2F, 0xCD4F,
    0xCD4F, 0xCD4F, 0xCD4F, 0xCD4F, 0xCD4F, 0xCD4F, 0xCD4F, 0xCD6F,
    0xCD6F, 0xD56F, 0xD58F, 0xD58F, 0xD58F, 0xDDAF, 0xDDCF, 0xE631,
    0xEE75, 0xF73B, 0xFEB4, 0xB411, 0xF7FF, 0xFFDE, 0xFFDE, 0xFFDE,
    0xFFDE, 0xFFDE, 0xFFBE, 0xFFDE, 0xFFFE, 0xFFDE, 0xFFBE, 0xFFBF,
    0xFFDC, 0xFE6D, 0x81C1, 0x38E3, 0x5963, 0x4923, 0x4922, 0x4122,
    0x4122, 0x4122, 0x4922, 0x4902, 0x4102, 0x4102, 0x4102, 0x4102,
    0x4102, 0x4922, 0x4923, 0x5143, 0x5143, 0x5123, 0x5144, 0x5944,
    0x6165, 0x69A5, 0x71A5, 0x58C2, 0x8372, 0xFFFF, 0xFFFF, 0xFFFF,
    0xFFFF, 0xFFFF, 0xFFFF, 0xFFFF, 0xFFFF, 0xFFFF, 0xFFFF, 0xFFFF,
    0xFFFF, 0xFFFF, 0xFFFF, 0xFF58, 0xCD6E, 0xDE11, 0xD5F2, 0xE60D,
    0xB3D0, 0xDFDF, 0xFFFF, 0xFFFF, 0xFFFF, 0xFFFF, 0xFFFF, 0xFFFF,
    0xFFFF, 0xFFFF, 0xFFFF, 0xFFFC, 0xF60C, 0xC42A, 0xB3C6, 0x8A87,
    0x9B48, 0xB61D, 0xFFFF, 0xFFFF, 0xFFFF, 0xFFFF, 0xFFFF, 0xFFFF,
    0x5983, 0x4902, 0x48C2, 0x48C2, 0x58C3, 0x60C3, 0x60C3, 0x48C2,
    0x40E2, 0x40E2, 0x38C2, 0x38C2, 0x38C2, 0x38E2, 0x3081, 0x72A8,
    0x59C6, 0x3081, 0x30A1, 0x30A1, 0x3903, 0x5A06, 0x7B29, 0x6248,
    0x4124, 0x2881, 0x2041, 0x59E6, 0x834B, 0x4965, 0x2881, 0x28C2,
    0x28A2, 0x28A2, 0x30C2, 0x2061, 0x51A5, 0x72C9, 0x1020, 0x2882,
    0x2082, 0x2082, 0x2882, 0x2882, 0x2882, 0x2882, 0x2882, 0x28A2,
    0x38E2, 0x2881, 0x5A06, 0x6A88, 0x5A06, 0x38C2, 0x4103, 0x4943,
    0x4103, 0x6163, 0x69A4, 0x61A4, 0x61A4, 0x6184, 0x61A4, 0x61A4,
    0x61A4, 0x61A4, 0x61C4, 0x69E5, 0x6A47, 0x5A08, 0x4965, 0x5944,
    0x71A4, 0x8A05, 0x8A46, 0x79E6, 0x8205, 0xA328, 0xB44B, 0xB44C,
    0xB42B, 0xBC4C, 0xB48C, 0x9C0B, 0x72E8, 0x51C5, 0x4943, 0x6184,
    0x71C4, 0x79E4, 0x71C4, 0x5984, 0x5984, 0x5143, 0x8AE7, 0x8247,
    0x81E5, 0x81E5, 0x9AE8, 0xBC6C, 0xB42B, 0xB44C, 0xB44C, 0xBC6C,
    0xB44C, 0xB46C, 0xBC6C, 0xBC6C, 0xBC6C, 0xBC6C, 0xBC8D, 0xBC8D,
    0xBC8D, 0xBC8D, 0xBC8D, 0xBCAD, 0xBCAD, 0xBCAD, 0xBCAD, 0xC4CD,
    0xC4CD, 0xC4CD, 0xC4CD, 0xC4ED, 0xC4ED, 0xC4ED, 0xC50D, 0xC50D,
    0xC50E, 0xC50E, 0xC50E, 0xCD2E, 0xCD2E, 0xCD2E, 0xCD2E, 0xCD2E,
    0xCD2F, 0xCD2F, 0xCD4F, 0xCD4F, 0xCD4F, 0xCD4F, 0xCD4F, 0xCD4F,
    0xCD6F, 0xCD6F, 0xCD6F, 0xCD6F, 0xD56F, 0xD56F, 0xD58F, 0xD58E,
    0xDDF0, 0xF62F, 0x9AE8, 0xC638, 0xFF9B, 0xFF9D, 0xFFBE, 0xFFDE,
    0xFFDE, 0xFFDE, 0xFFBE, 0xFFBE, 0xFFBE, 0xFFDE, 0xFFDF, 0xFFBC,
    0xFE8E, 0x9A83, 0x30C2, 0x5983, 0x5123, 0x4923, 0x4923, 0x4122,
    0x4102, 0x4102, 0x4102, 0x4102, 0x4102, 0x4102, 0x4102, 0x4102,
    0x4122, 0x4102, 0x4102, 0x4922, 0x4923, 0x4923, 0x5143, 0x5944,
    0x6165, 0x6185, 0x6985, 0x79C5, 0x7965, 0xCE9D, 0xFFFF, 0xFFFF,
    0xFFFF, 0xFFFF, 0xFFFF, 0xFFFF, 0xFFFF, 0xFFFF, 0xFFFF, 0xFFFF,
    0xFFFF, 0xFFFF, 0xFFFF, 0xFFFF, 0xEE32, 0xCDB0, 0xE632, 0xE5ED,
    0xB3F4, 0xE7FF, 0xFFFF, 0xFFFF, 0xFFFF, 0xFFFF, 0xFFFF, 0xFFFF,
    0xFFFF, 0xFFFF, 0xFFFF, 0xFFFA, 0xEDCC, 0xC44B, 0xB408, 0x92C8,
    0xABC9, 0xACD5, 0xFFFF, 0xFFFF, 0xFFFF, 0xFFFF, 0xFFFF, 0xFFFF,
    0x48E2, 0x40C2, 0x40C3, 0x48C4, 0x50C3, 0x48C2, 0x40C2, 0x38C2,
    0x40C2, 0x40E2, 0x38C2, 0x40E2, 0x38E3, 0x38C2, 0x3081, 0x4943,
    0x7AEA, 0x3081, 0x38C2, 0x38C2, 0x30C2, 0x3081, 0x4142, 0x4965,
    0x6A68, 0x6A88, 0x4965, 0x2881, 0x72CA, 0x51C6, 0x2881, 0x28A2,
    0x28A2, 0x28A2, 0x28A2, 0x28A2, 0x38A1, 0x49E6, 0x5206, 0x1840,
    0x2082, 0x2082, 0x2082, 0x2082, 0x2082, 0x2082, 0x2882, 0x30C2,
    0x30C2, 0x30C2, 0x2881, 0x3903, 0x38C2, 0x38C2, 0x4923, 0x6184,
    0x69A4, 0x69A4, 0x71C4, 0x69C4, 0x69A4, 0x69A4, 0x71E4, 0x71E5,
    0x71E5, 0x71E5, 0x71E5, 0x69C4, 0x69C4, 0x6A25, 0x6A88, 0x5A48,
    0x49C7, 0x5165, 0x6984, 0x8205, 0x8226, 0x79E6, 0x8A46, 0xABA9,
    0xB46C, 0xAC2C, 0xAC2B, 0xB44B, 0xBC6C, 0xA42B, 0x7308, 0x51A4,
    0x4923, 0x6184, 0x71C5, 0x71E4, 0x5984, 0x5184, 0x61E5, 0xA3CA,
    0x79E6, 0x79E5, 0x8A87, 0xB44C, 0xB42B, 0xB44C, 0xB44C, 0xB44C,
    0xB44C, 0xB44C, 0xB44C, 0xBC6C, 0xBC6C, 0xBC6C, 0xBC6C, 0xBC8D,
    0xBC8D, 0xBC8D, 0xBC8D, 0xBC8D, 0xBCAD, 0xBCAD, 0xBCAD, 0xBCAD,
    0xC4AD, 0xC4CD, 0xC4CD, 0xC4CD, 0xC4CD, 0xC4ED, 0xC4ED, 0xC4ED,
    0xC50D, 0xC50D, 0xC50E, 0xC50E, 0xC50E, 0xCD0E, 0xCD2E, 0xCD2E,
    0xCD2E, 0xCD2E, 0xCD2E, 0xCD4F, 0xCD4F, 0xCD4F, 0xCD4F, 0xCD4F,
    0xCD4F, 0xCD4F, 0xCD4F, 0xCD4F, 0xCD6F, 0xCD6F, 0xCD6F, 0xDDF0,
    0xE56C, 0x79C3, 0x7BCD, 0xEE71, 0xE654, 0xF6D8, 0xF73B, 0xFF9D,
    0xFFBE, 0xFFDE, 0xFFDE, 0xFFBE, 0xFFBE, 0xFFBF, 0xFFDD, 0xFED0,
    0xBB64, 0x38A2, 0x5983, 0x5143, 0x4923, 0x4922, 0x4923, 0x4123,
    0x4122, 0x4102, 0x4122, 0x4122, 0x4102, 0x4102, 0x4102, 0x4102,
    0x4122, 0x4902, 0x4902, 0x4922, 0x4923, 0x4923, 0x5143, 0x5944,
    0x5964, 0x6185, 0x6985, 0x71A5, 0x7962, 0x8AAE, 0xF7FF, 0xFFFF,
    0xFFFF, 0xFFFF, 0xFFFF, 0xFFFF, 0xFFFF, 0xFFFF, 0xFFFF, 0xFFFF,
    0xFFFF, 0xFFFF, 0xFFFF, 0xFFFF, 0xFFDC, 0xD58F, 0xDE51, 0xEE0D,
    0xC516, 0xF7FF, 0xFFFF, 0xFFFF, 0xFFFF, 0xFFFF, 0xFFFF, 0xFFFF,
    0xFFFF, 0xFFFF, 0xFFFF, 0xFFFA, 0xEDCC, 0xCCAB, 0xBBE6, 0x932C,
    0xC5AF, 0xBBED, 0xDF5E, 0xFFFF, 0xFFFF, 0xFFFF, 0xFFFF, 0xFFFF,
    0x40C3, 0x40E4, 0x40C4, 0x40A3, 0x40C2, 0x40C2, 0x40C1, 0x40E2,
    0x40E2, 0x40C2, 0x4902, 0x4102, 0x38A2, 0x30A2, 0x30A2, 0x2861,
    0x7288, 0x59A5, 0x30A1, 0x30A2, 0x30A2, 0x30A2, 0x2862, 0x2861,
    0x2861, 0x4144, 0x6268, 0x6A88, 0x4985, 0x28A2, 0x2061, 0x28A2,
    0x28A2, 0x28A2, 0x28A2, 0x30A2, 0x38E3, 0x1000, 0x6268, 0x4164,
    0x1840, 0x2881, 0x2081, 0x2082, 0x2082, 0x2082, 0x28A2, 0x30C2,
    0x30C2, 0x30C2, 0x30E2, 0x30A2, 0x30A2, 0x30A2, 0x2881, 0x2861,
    0x3081, 0x5143, 0x5963, 0x6984, 0x69C4, 0x69C4, 0x71C4, 0x79E4,
    0x71E5, 0x71E5, 0x71E5, 0x79E5, 0x71E5, 0x7A25, 0x7A66, 0x69A4,
    0x6A05, 0x6247, 0x5207, 0x51A5, 0x69A4, 0x8205, 0x8206, 0x79E6,
    0x92C7, 0xB42B, 0xB46C, 0xAC2B, 0xAC2B, 0xB42B, 0xBC6B, 0xA42B,
    0x72C8, 0x51A5, 0x5164, 0x69A4, 0x71C4, 0x61A4, 0x4923, 0x9348,
    0xA3CB, 0x79C5, 0x8206, 0xB40B, 0xB44C, 0xB42B, 0xB44C, 0xB44C,
    0xB44C, 0xB44C, 0xB44C, 0xB44C, 0xBC6C, 0xBC6C, 0xBC6C, 0xBC6C,
    0xBC8C, 0xBC8D, 0xBC8D, 0xBC8D, 0xBC8D, 0xBCAD, 0xBCAD, 0xBCAD,
    0xBCAD, 0xC4AD, 0xC4AD, 0xC4CD, 0xC4CD, 0xC4CD, 0xC4CD, 0xC4ED,
    0xC4ED, 0xC4ED, 0xC50D, 0xC50D, 0xC50E, 0xC50E, 0xC50E, 0xC50E,
    0xCD2E, 0xC50E, 0xCD4F, 0xC4EC, 0xBCAD, 0xCD4F, 0xCD4E, 0xCD4F,
    0xCD4F, 0xCD4F, 0xCD4F, 0xCD4F, 0xCD4F, 0xCD4F, 0xCD0D, 0xAB87,
    0x5964, 0x6B8C, 0xDDD0, 0xD56E, 0xDDAE, 0xDDF0, 0xE653, 0xEEB7,
    0xF73A, 0xFF9D, 0xFFBE, 0xFFBE, 0xFFBE, 0xFFDE, 0xFEF2, 0xD466,
    0x48C2, 0x5163, 0x5143, 0x4943, 0x4923, 0x4923, 0x4923, 0x4923,
    0x4922, 0x4902, 0x4122, 0x4122, 0x4102, 0x4102, 0x4102, 0x4102,
    0x4122, 0x4902, 0x4902, 0x4943, 0x4922, 0x4923, 0x5123, 0x5944,
    0x5964, 0x6165, 0x6985, 0x71A5, 0x7944, 0x8269, 0xCE19, 0xFFFF,
    0xFFFF, 0xFFFF, 0xFFFF, 0xFFFF, 0xFFFF, 0xFFFF, 0xFFFF, 0xFFFF,
    0xFFFF, 0xFFFF, 0xFFFF, 0xFFFF, 0xFFFF, 0xFF5A, 0xD5B0, 0xEE4E,
    0xD576, 0xF7FF, 0xFFFF, 0xFFFF, 0xFFFF, 0xFFFF, 0xFFFF, 0xFFFF,
    0xFFFF, 0xFFFF, 0xFFFF, 0xFF96, 0xEDAC, 0xCC27, 0x9B6F, 0xC699,
    0xF6D2, 0xD44B, 0xC598, 0xFFFF, 0xFFFF, 0xFFFF, 0xFFFF, 0xFFFF,
    0x40E4, 0x40A4, 0x40A2, 0x40E1, 0x38E2, 0x38A2, 0x38A2, 0x40C1,
    0x38E2, 0x38A2, 0x38C2, 0x38A2, 0x38C2, 0x38C2, 0x3902, 0x30A2,
    0x4123, 0x7AE9, 0x30A1, 0x30A2, 0x28A2, 0x2882, 0x28A2, 0x28A2,
    0x28A2, 0x2881, 0x2061, 0x3903, 0x6268, 0x6AA9, 0x4965, 0x2061,
    0x2081, 0x30C2, 0x28A2, 0x40E2, 0x2082, 0x1820, 0x28A2, 0x6AA9,
    0x28A2, 0x2061, 0x2881, 0x2081, 0x28A2, 0x2082, 0x2881, 0x30C2,
    0x30C2, 0x30C2, 0x30C2, 0x30C2, 0x30C2, 0x30A2, 0x6227, 0x72A9,
    0x4144, 0x4943, 0x4964, 0x5143, 0x5963, 0x61A4, 0x69C4, 0x69A4,
    0x71C4, 0x71E4, 0x79E5, 0x71E5, 0x71E5, 0x71E5, 0x71C4, 0x7A26,
    0x7A46, 0x7206, 0x6A05, 0x6226, 0x5206, 0x59C6, 0x69A5, 0x8246,
    0x7A68, 0x8206, 0xA369, 0xB44C, 0xAC4C, 0xAC2B, 0xAC0B, 0xB42B,
    0xBCAC, 0xAC8D, 0x6267, 0x4123, 0x6184, 0x61A4, 0x4964, 0x61E5,
    0xBC6C, 0x9B4A, 0x79A5, 0xAB8A, 0xBC6C, 0xB42B, 0xB42C, 0xB44C,
    0xB44C, 0xB44C, 0xB44C, 0xB44C, 0xB44C, 0xBC6C, 0xBC6C, 0xBC6C,
    0xBC6C, 0xBC6C, 0xBC8D, 0xBC8D, 0xBC8D, 0xBC8D, 0xBCAD, 0xBCAD,
    0xBCAD, 0xBCAD, 0xC4AD, 0xC4AD, 0xC4CD, 0xC4CD, 0xC4CD, 0xC4CD,
    0xC4ED, 0xC4ED, 0xC4ED, 0xC4ED, 0xC4ED, 0xC50D, 0xC50D, 0xC50E,
    0xC4ED, 0xC54F, 0xCCEC, 0x82C8, 0xBD0E, 0xCD2E, 0xCD2E, 0xCD2E,
    0xCD4E, 0xCD2E, 0xCD2E, 0xCD2E, 0xCD2E, 0xCD6F, 0xBC6B, 0x6268,
    0x9C8E, 0xD5AF, 0xCD4F, 0xCD6F, 0xCD6F, 0xD56E, 0xD58E, 0xDDCF,
    0xE632, 0xEEB6, 0xF73B, 0xFFBE, 0xFFFF, 0xFF35, 0xE528, 0x5922,
    0x4943, 0x5963, 0x5143, 0x4923, 0x4943, 0x4923, 0x4923, 0x4922,
    0x4922, 0x4902, 0x4102, 0x4122, 0x4122, 0x4102, 0x4102, 0x4102,
    0x4902, 0x4922, 0x4902, 0x4943, 0x5163, 0x4923, 0x5143, 0x5944,
    0x5944, 0x6165, 0x69A4, 0x7124, 0x82EC, 0xD673, 0xE592, 0xE6FD,
    0xFFFF, 0xFFFF, 0xFFFF, 0xFFFF, 0xFFFF, 0xFFFF, 0xFFFF, 0xFFFF,
    0xFFFF, 0xFFFF, 0xFFFF, 0xFFFF, 0xFFFF, 0xFFFF, 0xFF19, 0xE5AC,
    0xDD54, 0xF7FF, 0xFFFF, 0xFFFF, 0xFFFF, 0xFFFF, 0xFFFF, 0xFFFF,
    0xFFFF, 0xFFFF, 0xFFFF, 0xFF32, 0xE529, 0xB451, 0xD77F, 0xFFFE,
    0xF738, 0xEE72, 0xE614, 0xF7BF, 0xFFFF, 0xFFFF, 0xFFFF, 0xFFFF,
    0x38C2, 0x40A1, 0x40C1, 0x40E2, 0x40C2, 0x38C1, 0x38A2, 0x38C1,
    0x38C2, 0x38A1, 0x38C2, 0x38E2, 0x38C2, 0x38C2, 0x38E2, 0x30C2,
    0x2861, 0x6247, 0x59E6, 0x2861, 0x30A2, 0x2881, 0x28A1, 0x28A1,
    0x2881, 0x28A2, 0x28A2, 0x2881, 0x2061, 0x3903, 0x6A68, 0x6AA9,
    0x3924, 0x2041, 0x30A2, 0x3903, 0x1041, 0x2861, 0x1800, 0x4965,
    0x6227, 0x1820, 0x2081, 0x2061, 0x28C2, 0x5A27, 0x49A5, 0x30C2,
    0x28A2, 0x2881, 0x4964, 0x4144, 0x2882, 0x30A2, 0x30A2, 0x4964,
    0x59E6, 0x51A4, 0x4963, 0x5164, 0x5164, 0x5164, 0x5984, 0x6184,
    0x6184, 0x6184, 0x69A4, 0x69C4, 0x71C4, 0x71C4, 0x71C5, 0x8225,
    0x8AC7, 0x92E8, 0x92E8, 0x8287, 0x7206, 0x6226, 0x5A06, 0x7246,
    0x8286, 0x79C6, 0x71C5, 0x92A7, 0xB40A, 0xB44C, 0xAC0B, 0xAC2B,
    0xAC0B, 0xBC6C, 0xB46C, 0x8349, 0x4984, 0x5143, 0x59A5, 0x5143,
    0xA389, 0xBC8C, 0x8AC8, 0x92A7, 0xBC6C, 0xB42C, 0xB42C, 0xB42C,
    0xB44C, 0xB44C, 0xB44C, 0xB44C, 0xB44C, 0xB44C, 0xB46C, 0xBC6C,
    0xBC6C, 0xBC6C, 0xBC6C, 0xBC8D, 0xBC8D, 0xBC8D, 0xBC8D, 0xBC8D,
    0xBCAD, 0xBCAD, 0xBCAD, 0xBCAD, 0xBCAD, 0xC4AD, 0xC4CD, 0xC4CD,
    0xC4CD, 0xC4ED, 0xC4ED, 0xC4ED, 0xC4ED, 0xC4ED, 0xC4ED, 0xC4ED,
    0xCD4F, 0xCCCB, 0x69E5, 0x944D, 0xD54E, 0xC50E, 0xCD2E, 0xCD2E,
    0xCD2E, 0xCD2E, 0xCD2E, 0xCD2E, 0xCD2E, 0xCD2E, 0xCD4F, 0xD5B0,
    0xD54F, 0xCD2E, 0xCD2E, 0xCD4E, 0xCD4F, 0xCD4E, 0xCD4E, 0xCD6E,
    0xD56D, 0xDDAE, 0xDDF1, 0xEE96, 0xF717, 0xEDCB, 0x79C2, 0x4103,
    0x5963, 0x5143, 0x4943, 0x4943, 0x4923, 0x4922, 0x4922, 0x4922,
    0x4922, 0x4922, 0x4922, 0x4902, 0x4922, 0x4922, 0x4922, 0x4902,
    0x4922, 0x4922, 0x4922, 0x4923, 0x59A4, 0x5143, 0x5923, 0x5943,
    0x6184, 0x6963, 0x6945, 0x8B8E, 0xD696, 0xF73C, 0xFFDD, 0xE5D4,
    0xF7BF, 0xFFFF, 0xFFFF, 0xFFFF, 0xFFFF, 0xFFFF, 0xFFFF, 0xFFFF,
    0xFFFF, 0xFFFF, 0xFFFF, 0xFFFF, 0xFFFF, 0xFFFF, 0xFFFF, 0xF6D7,
    0xD5F8, 0xF7FF, 0xFFFF, 0xFFFF, 0xFFFF, 0xFFFF, 0xFFFF, 0xFFFF,
    0xFFFF, 0xFFFF, 0xFFFE, 0xFEAE, 0xDD0C, 0xDE77, 0xF7BF, 0xFFDF,
    0xFFBD, 0xF75A, 0xF75D, 0xFFFF, 0xFFFF, 0xFFFF, 0xFFFF, 0xFFFF,
    0x38C2, 0x38A2, 0x38A1, 0x3882, 0x3881, 0x3882, 0x38A1, 0x38C2,
    0x38A2, 0x38C1, 0x38C2, 0x30A2, 0x30A2, 0x30A2, 0x30A2, 0x30C2,
    0x30A2, 0x30C2, 0x72CA, 0x30E2, 0x2882, 0x2882, 0x2881, 0x28A1,
    0x2881, 0x2881, 0x28A2, 0x28A2, 0x28A2, 0x2881, 0x2061, 0x4144,
    0x72C9, 0x6248, 0x4102, 0x1861, 0x1840, 0x2061, 0x2061, 0x1820,
    0x6268, 0x3903, 0x2041, 0x2081, 0x2061, 0x28A2, 0x51C6, 0x6268,
    0x51C6, 0x30E3, 0x51A5, 0x5A27, 0x2861, 0x30C2, 0x30A2, 0x2881,
    0x2861, 0x4923, 0x4964, 0x4964, 0x4964, 0x5164, 0x5164, 0x5164,
    0x5984, 0x61A4, 0x69C4, 0x61C4, 0x61A4, 0x61A4, 0x61A4, 0x6184,
    0x6184, 0x69A4, 0x71C4, 0x79E5, 0x7205, 0x69A5, 0x69A4, 0x61E5,
    0x5A06, 0x7268, 0x7A27, 0x71A5, 0x79E5, 0xA369, 0xB44B, 0xB42B,
    0xAC0B, 0xAC0B, 0xAC0B, 0xBC6C, 0xA40B, 0x5A47, 0x4943, 0x4944,
    0x82A7, 0xBC8C, 0xB44C, 0x92E8, 0xABEB, 0xB44C, 0xB44C, 0xB42C,
    0xB42C, 0xB44C, 0xB42C, 0xB44C, 0xB44C, 0xB44C, 0xB44C, 0xB44C,
    0xB44C, 0xBC6C, 0xBC6C, 0xBC6D, 0xBC6D, 0xBC8D, 0xBC8D, 0xBC8D,
    0xBC8D, 0xBC8D, 0xBCAD, 0xBCAD, 0xBCAD, 0xBCAD, 0xC4AD, 0xC4CD,
    0xC4CD, 0xC4CD, 0xC4CD, 0xC4CD, 0xC4ED, 0xC4ED, 0xC50E, 0xD54E,
    0xBBE8, 0x59A5, 0x840D, 0xDDAF, 0xC50D, 0xC50E, 0xC50E, 0xC50E,
    0xCD2E, 0xCD2E, 0xCD0E, 0xCD0E, 0xCD2E, 0xCD2E, 0xCD0E, 0xC50E,
    0xC50E, 0xCD2E, 0xCD2E, 0xCD2E, 0xCD2E, 0xCD2E, 0xCD2E, 0xCD2E,
    0xCD2E, 0xCD4E, 0xCD4D, 0xCD2D, 0xDDAD, 0x9283, 0x38C2, 0x5983,
    0x5143, 0x5143, 0x4943, 0x4943, 0x4923, 0x4923, 0x4923, 0x4922,
    0x4922, 0x4922, 0x4922, 0x4902, 0x4922, 0x4922, 0x4902, 0x4922,
    0x4922, 0x4922, 0x5122, 0x5102, 0x5142, 0x5142, 0x5944, 0x69A3,
    0x6922, 0x71C8, 0xA515, 0xEF7C, 0xFFDF, 0xFFFF, 0xFFFF, 0xFF38,
    0xDDF8, 0xFFFF, 0xFFFF, 0xFFFF, 0xFFFF, 0xFFFF, 0xFFFF, 0xFFFF,
    0xFFFF, 0xFFFF, 0xFFFF, 0xFFFF, 0xFFFF, 0xFFFF, 0xFFFF, 0xFFFF,
    0xFFFF, 0xFFFF, 0xFFFF, 0xFFFF, 0xFFFF, 0xFFFF, 0xFFFF, 0xFFFF,
    0xFFFF, 0xFFFF, 0xFFFA, 0xF5CE, 0xE635, 0xF75D, 0xFFFF, 0xFFFF,
    0xFFFF, 0xFFFF, 0xFFFF, 0xFFFF, 0xFFFF, 0xFFFF, 0xFFFF, 0xFFFF,
    0x38C2, 0x38A2, 0x38A1, 0x38A1, 0x3082, 0x3881, 0x38A1, 0x38A2,
    0x38A1, 0x30A2, 0x38A1, 0x38C2, 0x30A2, 0x30A2, 0x30C2, 0x30A2,
    0x30A2, 0x2861, 0x61E5, 0x7329, 0x2062, 0x2881, 0x2881, 0x2881,
    0x2882, 0x28A2, 0x28A1, 0x2881, 0x28A1, 0x28A1, 0x28A2, 0x2061,
    0x2061, 0x59E6, 0x834B, 0x3944, 0x1800, 0x2061, 0x2061, 0x1820,
    0x3924, 0x49C5, 0x1840, 0x2081, 0x2061, 0x2881, 0x28A1, 0x72A9,
    0x5A07, 0x51C6, 0x6A88, 0x72C9, 0x2881, 0x2861, 0x3082, 0x30C2,
    0x30C2, 0x4943, 0x4964, 0x4964, 0x4964, 0x5164, 0x5164, 0x5164,
    0x4964, 0x5164, 0x5984, 0x69C4, 0x69C4, 0x69C4, 0x61C4, 0x5984,
    0x5984, 0x5984, 0x5984, 0x5984, 0x5984, 0x5163, 0x5984, 0x5944,
    0x6184, 0x6206, 0x7288, 0x8289, 0x79E6, 0x7184, 0x92A7, 0xB42A,
    0xB42C, 0xB40B, 0xB40B, 0xAC0B, 0xB44C, 0xB46C, 0x7309, 0x4944,
    0x61A4, 0xBC4C, 0xB44C, 0xAC0C, 0xAC0B, 0xB42C, 0xB42C, 0xB44C,
    0xB42C, 0xB42C, 0xB44C, 0xB44C, 0xB44C, 0xB44C, 0xB44C, 0xB44D,
    0xB44D, 0xBC4D, 0xB46D, 0xBC6D, 0xBC6D, 0xBC6D, 0xBC6D, 0xBC8D,
    0xBC8D, 0xBC8D, 0xBC8D, 0xBCAD, 0xBCAC, 0xBCAD, 0xBCAD, 0xBCCD,
    0xC50E, 0xC50E, 0xC50E, 0xC4ED, 0xC4CD, 0xC4ED, 0xBC6B, 0x8AE7,
    0x6AC9, 0xA4CF, 0xDDAF, 0xCD4E, 0xC50D, 0xC50D, 0xC50D, 0xC50D,
    0xC50D, 0xC50D, 0xC50E, 0xC50E, 0xC50E, 0xC50E, 0xC50E, 0xC50E,
    0xC50E, 0xC50E, 0xCD2E, 0xC50E, 0xCD0E, 0xC50E, 0xC50E, 0xC50E,
    0xC50E, 0xC52E, 0xC50E, 0xD58E, 0x9AC4, 0x38C2, 0x5183, 0x5143,
    0x5143, 0x4943, 0x4943, 0x4923, 0x4923, 0x4943, 0x4922, 0x4922,
    0x4922, 0x4922, 0x4922, 0x4922, 0x4922, 0x4922, 0x4922, 0x4922,
    0x5122, 0x5122, 0x5142, 0x5143, 0x6ACD, 0xB593, 0x9264, 0x6966,
    0x8BD4, 0xD71D, 0xFFFF, 0xFFFF, 0xFFFF, 0xFFFF, 0xFFFF, 0xFFFF,
    0xF633, 0xE6FD, 0xFFFF, 0xFFFF, 0xFFFF, 0xFFFF, 0xFFFF, 0xFFFF,
    0xFFFF, 0xFFFF, 0xFFFF, 0xFFFF, 0xFFFF, 0xFFFF, 0xFFFF, 0xFFFF,
    0xFFFF, 0xFFFF, 0xFFFF, 0xFFFF, 0xFFFF, 0xFFFF, 0xFFFF, 0xFFFF,
    0xFFFF, 0xFFFE, 0xFEB2, 0xEE58, 0xF7DF, 0xFFFF, 0xFFFF, 0xFFFF,
    0xFFFF, 0xFFFF, 0xFFFF, 0xFFFF, 0xFFFF, 0xFFFF, 0xFFFF, 0xFFFF,
    0x38A2, 0x38A1, 0x38A1, 0x3881, 0x30A1, 0x3081, 0x30A1, 0x30A1,
    0x3081, 0x3081, 0x30A1, 0x30A1, 0x30A1, 0x3081, 0x30A1, 0x30A2,
    0x28A2, 0x38A2, 0x38C1, 0x6AA8, 0x49A5, 0x2040, 0x28A2, 0x2881,
    0x2081, 0x2061, 0x28A1, 0x28A1, 0x28A1, 0x2881, 0x2881, 0x28A2,
    0x2082, 0x38A1, 0x30E3, 0x6268, 0x6247, 0x2040, 0x1820, 0x2061,
    0x2041, 0x2061, 0x2041, 0x2061, 0x2061, 0x28A2, 0x28A2, 0x30E3,
    0x6268, 0x51C6, 0x4144, 0x8B6C, 0x6247, 0x51E6, 0x38E3, 0x2861,
    0x2041, 0x4123, 0x51A4, 0x4964, 0x4944, 0x4964, 0x5164, 0x5164,
    0x5164, 0x4964, 0x4964, 0x5184, 0x61A4, 0x71C4, 0x71E5, 0x82C8,
    0x6A06, 0x5984, 0x5984, 0x5184, 0x5164, 0x4964, 0x5164, 0x5984,
    0x4964, 0x5143, 0x5964, 0x6206, 0x82E9, 0x8288, 0x6985, 0x8205,
    0xB3CA, 0xB44C, 0xB40B, 0xB42C, 0xAC2B, 0xB40B, 0xBC6C, 0x93CB,
    0x4984, 0x9B48, 0xBC6C, 0xB42C, 0xB42C, 0xB42C, 0xB42C, 0xB44C,
    0xB44C, 0xB44C, 0xB44C, 0xB44C, 0xB44C, 0xB44D, 0xB44D, 0xBC6D,
    0xB46D, 0xB46D, 0xB46D, 0xBC6D, 0xBC6D, 0xBC6D, 0xBC6D, 0xBC6D,
    0xBC8D, 0xBC8D, 0xBC8D, 0xBC8D, 0xBC8C, 0xBCAD, 0xBCAD, 0xBCAD,
    0xCD2E, 0xCD6F, 0xCD4F, 0xCD4F, 0xCD4F, 0xCD4F, 0xBCAD, 0xA48E,
    0xD5B0, 0xD56F, 0xCD4E, 0xCD4E, 0xC4ED, 0xC4ED, 0xC4ED, 0xC4ED,
    0xC4ED, 0xC4ED, 0xC4ED, 0xC50D, 0xC50D, 0xC50D, 0xC50D, 0xC50E,
    0xC50E, 0xC50E, 0xC50E, 0xC50E, 0xC50E, 0xC50E, 0xC50E, 0xC50E,
    0xC50E, 0xC4EE, 0xCD6E, 0xA2E4, 0x3081, 0x5163, 0x5143, 0x5143,
    0x4943, 0x4943, 0x4943, 0x4943, 0x4943, 0x4943, 0x4942, 0x4923,
    0x4923, 0x4922, 0x4922, 0x4922, 0x5122, 0x5122, 0x5122, 0x5142,
    0x5143, 0x5983, 0x6163, 0x6207, 0xB4F3, 0xFE52, 0xBB8A, 0xADBA,
    0xFFFF, 0xFFFF, 0xFFFF, 0xFFFF, 0xFFFF, 0xFFFF, 0xFFFF, 0xFFFF,
    0xFFDC, 0xE5D5, 0xF7DF, 0xFFFF, 0xFFFF, 0xFFFF, 0xFFFF, 0xFFFF,
    0xFFFF, 0xFFFF, 0xFFFF, 0xFFFF, 0xFFFF, 0xFFFF, 0xFFFF, 0xFFFF,
    0xFFFF, 0xFFFF, 0xFFFF, 0xFFFF, 0xFFFF, 0xFFFF, 0xFFFF, 0xFFFF,
    0xFFFF, 0xFF77, 0xEE5A, 0xFFFF, 0xFFFF, 0xFFFF, 0xFFFF, 0xFFFF,
    0xFFFF, 0xFFFF, 0xFFFF, 0xFFFF, 0xFFFF, 0xFFFF, 0xFFFF, 0xFFFF,
    0x38A1, 0x38A1, 0x30A1, 0x3881, 0x30A1, 0x38A1, 0x30A1, 0x3081,
    0x3081, 0x30A1, 0x30A1, 0x30A1, 0x3081, 0x4142, 0x30A2, 0x30A1,
    0x28A2, 0x30A2, 0x28A2, 0x30A2, 0x72C9, 0x30C2, 0x2861, 0x2081,
    0x3924, 0x4144, 0x2041, 0x28A1, 0x28A1, 0x2882, 0x28A2, 0x2081,
    0x2881, 0x4102, 0x0820, 0x1000, 0x49C6, 0x72C9, 0x2881, 0x1000,
    0x2041, 0x1840, 0x1840, 0x2041, 0x2881, 0x28A2, 0x28A2, 0x2882,
    0x2881, 0x51C6, 0x6248, 0x59C6, 0x4102, 0x49A5, 0x7AC9, 0x6AA9,
    0x51E6, 0x51A4, 0x5984, 0x59A4, 0x59A4, 0x5184, 0x5184, 0x4964,
    0x4964, 0x4964, 0x4964, 0x5164, 0x4964, 0x5984, 0x61A4, 0x8245,
    0x9B28, 0x82C8, 0x61E5, 0x5984, 0x5184, 0x5164, 0x4964, 0x5164,
    0x69A5, 0x61C5, 0x4964, 0x4123, 0x4943, 0x7267, 0x8B0B, 0x71C6,
    0x79A4, 0xAB89, 0xB46C, 0xAC0B, 0xB40B, 0xB40B, 0xAC0B, 0xBC4C,
    0x9BEB, 0x72A7, 0xB40B, 0xB42C, 0xB42C, 0xB42C, 0xB42B, 0xB42B,
    0xB42B, 0xB42C, 0xB42C, 0xB42C, 0xB44C, 0xB44D, 0xB44C, 0x9329,
    0xBC6D, 0xB46D, 0xBC6D, 0xBC6D, 0xBC6D, 0xBC6D, 0xBC6D, 0xBC6D,
    0xBC6D, 0xBC8D, 0xBC8D, 0xBC8D, 0xBC8D, 0xBC8D, 0xBC8D, 0xBCAD,
    0xBCAD, 0xCD2E, 0xCD4F, 0xCD4F, 0xCD4F, 0xCD4F, 0xD56F, 0xD58F,
    0xCD4E, 0xCD4E, 0xCD6F, 0xCD2E, 0xC4CD, 0xC4CD, 0xC4ED, 0xC4CD,
    0xC4CD, 0xC4ED, 0xC4ED, 0xC4ED, 0xC4ED, 0xC50D, 0xC50D, 0xC50D,
    0xC50D, 0xC50D, 0xC4ED, 0xC50D, 0xC50D, 0xC50D, 0xC4ED, 0xC50D,
    0xC4ED, 0xCD6E, 0xAB45, 0x3081, 0x4963, 0x5143, 0x5143, 0x5143,
    0x4943, 0x4943, 0x4943, 0x4943, 0x4943, 0x4943, 0x4943, 0x4942,
    0x4943, 0x5142, 0x5142, 0x5142, 0x5143, 0x5943, 0x5963, 0x6162,
    0x6141, 0x6100, 0x6102, 0x8B2A, 0x7AAA, 0xBD31, 0xB389, 0xB553,
    0xFFBE, 0xFFFF, 0xFFFF, 0xFFFF, 0xFFFF, 0xFFFF, 0xFFFF, 0xFFFF,
    0xFFFF, 0xFEF7, 0xE69C, 0xFFFF, 0xFFFF, 0xFFFF, 0xFFFF, 0xFFFF,
    0xFFFF, 0xFFFF, 0xFFFF, 0xFFFF, 0xFFFF, 0xFFFF, 0xFFFF, 0xFFFF,
    0xFFFF, 0xFFFF, 0xFFFF, 0xFFFF, 0xFFFF, 0xFFFF, 0xFFFF, 0xFFFF,
    0xFFFF, 0xFF9E, 0xFFFF, 0xFFFF, 0xFFFF, 0xFFFF, 0xFFFF, 0xFFFF,
    0xFFFF, 0xFFFF, 0xFFFF, 0xFFFF, 0xFFFF, 0xFFFF, 0xFFFF, 0xFFFF,
    0x3081, 0x3081, 0x3081, 0x3081, 0x3082, 0x3082, 0x30A1, 0x30A2,
    0x30A1, 0x30A2, 0x2881, 0x2881, 0x3081, 0x30A1, 0x30A1, 0x30A2,
    0x28A2, 0x28A2, 0x28A2, 0x2061, 0x4144, 0x6AA9, 0x2061, 0x2881,
    0x30C2, 0x72EA, 0x5206, 0x2040, 0x28A2, 0x2081, 0x28A1, 0x2081,
    0x40E2, 0x28C2, 0x1000, 0x2041, 0x1000, 0x3103, 0x730A, 0x3103,
    0x1000, 0x1841, 0x1820, 0x2061, 0x28A2, 0x28A2, 0x28A2, 0x28A2,
    0x2882, 0x30E3, 0x6227, 0x2882, 0x4985, 0x4943, 0x5943, 0x8226,
    0x9309, 0x9B6A, 0x8246, 0x79E5, 0x7A05, 0x71E5, 0x71E5, 0x69C5,
    0x61C5, 0x61C5, 0x59A4, 0x5184, 0x5164, 0x4944, 0x5164, 0x5164,
    0x6984, 0x8A66, 0x9308, 0x7227, 0x61A5, 0x5984, 0x5164, 0x4964,
    0x4123, 0x6984, 0x7A06, 0x69E5, 0x5A26, 0x3944, 0x59C4, 0x934B,
    0x8289, 0x71A4, 0x9AE7, 0xB42B, 0xB40B, 0xB40B, 0xB42B, 0xAC0B,
    0xB44B, 0xAC2B, 0xA3CA, 0xB42B, 0xB42B, 0xB40B, 0xB3EA, 0xABCA,
    0xABAA, 0xABAA, 0xB3CA, 0xB40B, 0xB42C, 0xBC8D, 0xABCA, 0x5164,
    0xB46D, 0xB46D, 0xB46D, 0xB46D, 0xBC6D, 0xBC6D, 0xBC6D, 0xB46D,
    0xB46D, 0xBC6D, 0xBC8D, 0xBC8D, 0xBC8D, 0xBC8D, 0xBC8D, 0xBCAD,
    0xBCAD, 0xBCAD, 0xCD2E, 0xCD6F, 0xCD4F, 0xCD4F, 0xCD4F, 0xCD4F,
    0xCD4F, 0xCD6F, 0xCD2E, 0xC4CD, 0xC4CD, 0xC4CD, 0xC4CD, 0xC4CD,
    0xC4CD, 0xC4CD, 0xC4ED, 0xC4ED, 0xC4ED, 0xC4ED, 0xC4ED, 0xC4ED,
    0xC4ED, 0xC4ED, 0xC4ED, 0xC4ED, 0xC4ED, 0xC4ED, 0xC4ED, 0xC4CD,
    0xE552, 0xC387, 0x2840, 0x4143, 0x5143, 0x4943, 0x5143, 0x4943,
    0x4943, 0x4943, 0x4943, 0x4943, 0x5143, 0x5143, 0x5143, 0x5143,
    0x5143, 0x5143, 0x5963, 0x5963, 0x6162, 0x6121, 0x60E0, 0x6142,
    0x7A47, 0xA411, 0xD5D5, 0xC530, 0x7B28, 0x8C0D, 0xBBC9, 0xB3EC,
    0xBD72, 0xF77C, 0xFFFF, 0xFFFF, 0xFFFF, 0xFFFF, 0xFFFF, 0xFFFF,
    0xFFFF, 0xFFFE, 0xEE37, 0xF7DF, 0xFFFF, 0xFFFF, 0xFFFF, 0xFFFF,
    0xFFFF, 0xFFFF, 0xFFFF, 0xFFFF, 0xFFFF, 0xFFFF, 0xFFFF, 0xFFFF,
    0xFFFF, 0xFFFF, 0xFFFF, 0xFFFF, 0xFFFF, 0xFFFF, 0xFFFF, 0xFFFF,
    0xFFFF, 0xFFFF, 0xFFFF, 0xFFFF, 0xFFFF, 0xFFFF, 0xFFFF, 0xFFFF,
    0xFFFF, 0xFFFF, 0xFFFF, 0xFFFF, 0xFFFF, 0xFFFF, 0xFFFF, 0xFFFF,
    0x30A1, 0x3081, 0x30A1, 0x3081, 0x3081, 0x3081, 0x3081, 0x3081,
    0x30A1, 0x2881, 0x2881, 0x2881, 0x2881, 0x2881, 0x28A2, 0x2881,
    0x28A1, 0x28A1, 0x28A1, 0x28A2, 0x2040, 0x51E6, 0x5A27, 0x2040,
    0x2061, 0x2081, 0x72EA, 0x51E6, 0x2060, 0x28A2, 0x2082, 0x2881,
    0x4102, 0x1041, 0x1820, 0x1841, 0x1841, 0x1000, 0x2882, 0x72EA,
    0x4144, 0x1000, 0x1840, 0x2061, 0x28A2, 0x2882, 0x2882, 0x28A2,
    0x2061, 0x49A5, 0x832B, 0x6227, 0x6268, 0x59C5, 0x4103, 0x4943,
    0x5143, 0x69A4, 0x71E5, 0x71E5, 0x71E5, 0x71E5, 0x71E5, 0x71E5,
    0x71E5, 0x71E5, 0x71E5, 0x69C5, 0x7225, 0x82C8, 0x6A27, 0x59C5,
    0x5984, 0x5984, 0x69A4, 0x7A25, 0x7206, 0x69A5, 0x59A4, 0x5184,
    0x4964, 0x3923, 0x5163, 0x79E6, 0x8226, 0x82E7, 0x5226, 0x4943,
    0x9309, 0x8AAA, 0x71C6, 0x92C7, 0xB42A, 0xAC2B, 0xB40B, 0xB42B,
    0xB40B, 0xB42B, 0xB42B, 0xB40B, 0xB42B, 0xABEA, 0xAB69, 0xA328,
    0xA308, 0x9AE8, 0x9AE8, 0xA329, 0xB3EB, 0xC4AE, 0x82A6, 0x2082,
    0xAC2C, 0xBC8D, 0xB44D, 0xB46D, 0xB46D, 0xB46D, 0xB46D, 0xB46D,
    0xB46D, 0xBC6D, 0xBC6D, 0xBC8D, 0xBC8D, 0xBC8C, 0xBC8C, 0xBC8C,
    0xBC8D, 0xBC8D, 0xBCAD, 0xC50E, 0xCD4F, 0xCD6F, 0xCD6F, 0xCD6F,
    0xCD4E, 0xCD0D, 0xC4AC, 0xBCAC, 0xC4AC, 0xC4CC, 0xC4CC, 0xC4CC,
    0xC4CC, 0xC4CC, 0xC4CD, 0xC4CD, 0xC4CD, 0xC4CD, 0xC4CD, 0xC4CD,
    0xC4CD, 0xC4ED, 0xC4ED, 0xC4ED, 0xC4ED, 0xC4ED, 0xC4CD, 0xC52E,
    0xD42B, 0x71A2, 0x30E2, 0x4943, 0x4943, 0x4943, 0x4943, 0x4943,
    0x4943, 0x5143, 0x5143, 0x5143, 0x5143, 0x5143, 0x5163, 0x5963,
    0x5982, 0x6141, 0x5901, 0x6101, 0x6963, 0x82AA, 0xAC93, 0xD67B,
    0xF77D, 0xE657, 0xD635, 0xCE94, 0xCC8A, 0x7B6B, 0xA4F0, 0xBC8B,
    0xABCD, 0xB593, 0xF7BF, 0xFFFF, 0xFFFF, 0xFFFF, 0xFFFF, 0xFFFF,
    0xFFFF, 0xFFFF, 0xFEF7, 0xE6DD, 0xFFFF, 0xFFFF, 0xFFFF, 0xFFFF,
    0xFFFF, 0xFFFF, 0xFFFF, 0xFFFF, 0xFFFF, 0xFFFF, 0xFFFF, 0xFFFF,
    0xFFFF, 0xFFFF, 0xFFFF, 0xFFFF, 0xFFFF, 0xFFFF, 0xFFFF, 0xFFFF,
    0xFFFF, 0xFFFF, 0xFFFF, 0xFFFF, 0xFFFF, 0xFFFF, 0xFFFF, 0xFFFF,
    0xFFFF, 0xFFFF, 0xFFFF, 0xFFFF, 0xFFFF, 0xFFFF, 0xFFFF, 0xFFFF,
    0x3082, 0x30A1, 0x3081, 0x3081, 0x3081, 0x3081, 0x2881, 0x2881,
    0x2881, 0x2881, 0x2881, 0x2882, 0x2881, 0x2881, 0x2881, 0x2881,
    0x2881, 0x2881, 0x2881, 0x2881, 0x2881, 0x2061, 0x6268, 0x49A5,
    0x2040, 0x2081, 0x2081, 0x72EA, 0x4185, 0x2061, 0x20A2, 0x40C2,
    0x28C2, 0x0800, 0x1820, 0x1820, 0x1820, 0x1841, 0x1020, 0x1841,
    0x72CA, 0x4144, 0x0800, 0x2881, 0x28A2, 0x28A2, 0x2882, 0x2882,
    0x2882, 0x28A2, 0x30C2, 0x2061, 0x7B2A, 0x6A47, 0x4103, 0x4143,
    0x4144, 0x4944, 0x5164, 0x5984, 0x69A4, 0x71E5, 0x71E5, 0x71E5,
    0x71E5, 0x71E5, 0x71E5, 0x71E5, 0x71E5, 0x8A86, 0x9B48, 0xA38A,
    0x934A, 0x7A67, 0x61C5, 0x61A4, 0x69C4, 0x69A5, 0x61A5, 0x61C5,
    0x59A5, 0x5184, 0x51C4, 0x59C5, 0x71A5, 0x79C5, 0x9B08, 0x838A,
    0x4163, 0x7A26, 0xA3AD, 0x71A5, 0x8A45, 0xB42A, 0xB42B, 0xB42B,
    0xB42B, 0xB42B, 0xB42B, 0xB40B, 0xB42B, 0xAB89, 0x9AC8, 0x92C8,
    0x92A8, 0x92C8, 0x92A8, 0x92C8, 0xB40C, 0xBC6C, 0x4902, 0x28C2,
    0xAC0C, 0xBC6D, 0xB46D, 0xB46D, 0xB44D, 0xB46D, 0xB46D, 0xB44D,
    0xB44D, 0xB46D, 0xBC6D, 0xBC6D, 0xBC8D, 0xBC8C, 0xBC8C, 0xBC8C,
    0xBC8C, 0xBC8D, 0xBC8C, 0xBC8C, 0xC4AD, 0xC4ED, 0xC4ED, 0xC4ED,
    0xC4AC, 0xBC8C, 0xBCAC, 0xBCAC, 0xBCAC, 0xBCAC, 0xBCAC, 0xC4AC,
    0xC4CC, 0xC4CC, 0xC4CC, 0xC4CC, 0xC4CD, 0xC4CD, 0xC4CD, 0xC4CD,
    0xC4CD, 0xC4CD, 0xC4CD, 0xC4CD, 0xC4CD, 0xC4CD, 0xC4EE, 0xC48B,
    0x7A62, 0x8403, 0x4904, 0x4125, 0x4922, 0x4943, 0x4943, 0x5143,
    0x5143, 0x5143, 0x5163, 0x5963, 0x5983, 0x5962, 0x6141, 0x5900,
    0x6102, 0x69A7, 0x8B0E, 0xB4F6, 0xDEDD, 0xFFFF, 0xFFFF, 0xFFFF,
    0xFFFF, 0xD5F5, 0x9C4F, 0xCD52, 0xAB8A, 0x7C0D, 0xCE13, 0xDE32,
    0xDDB2, 0xEF5D, 0xF7BF, 0xFFFF, 0xFFFF, 0xFFFF, 0xFFFF, 0xFFFF,
    0xFFFF, 0xFFFF, 0xFFBB, 0xE659, 0xFFFF, 0xFFFF, 0xFFFF, 0xFFFF,
    0xFFFF, 0xFFFF, 0xFFFF, 0xFFFF, 0xFFFF, 0xFFFF, 0xFFFF, 0xFFFF,
    0xFFFF, 0xFFFF, 0xFFFF, 0xFFFF, 0xFFFF, 0xFFFF, 0xFFFF, 0xFFFF,
    0xFFFF, 0xFFFF, 0xFFFF, 0xFFFF, 0xFFFF, 0xFFFF, 0xFFFF, 0xFFFF,
    0xFFFF, 0xFFFF, 0xFFFF, 0xFFFF, 0xFFFF, 0xFFFF, 0xFFFF, 0xFFFF,
    0x30A2, 0x30A2, 0x30A1, 0x30A2, 0x3082, 0x3082, 0x2881, 0x3081,
    0x2882, 0x2881, 0x2881, 0x2881, 0x28A2, 0x2882, 0x2881, 0x2881,
    0x2881, 0x2881, 0x2881, 0x2881, 0x2881, 0x2881, 0x2881, 0x6A88,
    0x4164, 0x2061, 0x2081, 0x28A2, 0x72EA, 0x3103, 0x2061, 0x4102,
    0x1061, 0x1820, 0x1820, 0x1840, 0x1841, 0x1821, 0x1841, 0x1020,
    0x1841, 0x72EA, 0x3123, 0x1840, 0x28A2, 0x2081, 0x2882, 0x2882,
    0x28A2, 0x2061, 0x51E6, 0x49C6, 0x3943, 0x4144, 0x6A68, 0x4964,
    0x4123, 0x4143, 0x4144, 0x4144, 0x4944, 0x5164, 0x6184, 0x71C4,
    0x71E5, 0x71E5, 0x71E5, 0x7205, 0x71E5, 0x8AA7, 0x8AC8, 0x8246,
    0x8A86, 0x92A7, 0x7A66, 0x7205, 0x71E5, 0x69E5, 0x69C5, 0x69C5,
    0x69C5, 0x61A4, 0x61A4, 0x5184, 0x4103, 0x7205, 0x71C6, 0x8A46,
    0x9BC9, 0x41A4, 0x61A4, 0x934B, 0x6985, 0x8A66, 0xB44B, 0xB42B,
    0xB42B, 0xB42B, 0xB40B, 0xB40B, 0xB42B, 0xAB8A, 0x92A7, 0x92C8,
    0x9AC8, 0x9287, 0x9B09, 0xABEB, 0xBC8D, 0x9308, 0x3861, 0x3903,
    0xAC2D, 0xBC4D, 0xB44D, 0xB46D, 0xB44D, 0xB44D, 0xB44D, 0xB46D,
    0xB44D, 0xB46D, 0xB46C, 0xBC6C, 0xB46C, 0xB46C, 0xBC6C, 0xBC8C,
    0xBC8C, 0xBC8C, 0xBC8C, 0xBC8C, 0xBC8C, 0xBC8C, 0xBC8C, 0xBC8C,
    0xBC8C, 0xBC8C, 0xBC8C, 0xBCAC, 0xBCAC, 0xBCAC, 0xBCAC, 0xBCAC,
    0xBCAC, 0xBCAC, 0xBCAC, 0xBCAC, 0xC4AC, 0xC4AC, 0xC4AC, 0xC4AC,
    0xC4CC, 0xC4CD, 0xC4CD, 0xC4CD, 0xC4CC, 0xBCCD, 0xCCEC, 0x8283,
    0x8343, 0x9C82, 0x3962, 0x4129, 0x51A6, 0x4923, 0x4943, 0x5163,
    0x5163, 0x5162, 0x5921, 0x5101, 0x5902, 0x6165, 0x726B, 0x93F2,
    0xBDBA, 0xE75F, 0xFFFF, 0xFFFF, 0xFFFF, 0xFFFF, 0xFFFF, 0xFFFF,
    0xFFFE, 0xFF16, 0xACD1, 0xC5F6, 0xB4ED, 0x836A, 0xAD2E, 0xE5F5,
    0xBD51, 0xD656, 0xFFFF, 0xFFFF, 0xFFFF, 0xFFFF, 0xFFFF, 0xFFFF,
    0xFFFF, 0xFFFF, 0xFFFE, 0xEE56, 0xF7BF, 0xFFFF, 0xFFFF, 0xFFFF,
    0xFFFF, 0xFFFF, 0xFFFF, 0xFFFF, 0xFFFF, 0xFFFF, 0xFFFF, 0xFFFF,
    0xFFFF, 0xFFFF, 0xFFFF, 0xFFFF, 0xFFFF, 0xFFFF, 0xFFFF, 0xFFFF,
    0xFFFF, 0xFFFF, 0xFFFF, 0xFFFF, 0xFFFF, 0xFFFF, 0xFFFF, 0xFFFF,
    0xFFFF, 0xFFFF, 0xFFFF, 0xFFFF, 0xFFFF, 0xFFFF, 0xFFFF, 0xFFFF,
    0x30A2, 0x38A2, 0x38C2, 0x30E2, 0x30A2, 0x30A2, 0x3082, 0x2881,
    0x2881, 0x2881, 0x2881, 0x30A1, 0x28A2, 0x2882, 0x28A1, 0x2882,
    0x2881, 0x2881, 0x2881, 0x2881, 0x2881, 0x2881, 0x2061, 0x28A1,
    0x6A88, 0x3903, 0x2061, 0x2061, 0x3923, 0x6AC9, 0x40C1, 0x30C2,
    0x0820, 0x1840, 0x1820, 0x1040, 0x1841, 0x1841, 0x1021, 0x1841,
    0x1000, 0x1861, 0x72EA, 0x3103, 0x2061, 0x2081, 0x2061, 0x2081,
    0x2081, 0x2041, 0x5207, 0x93CC, 0x72C8, 0x30C2, 0x72C9, 0x6227,
    0x38E2, 0x4123, 0x4143, 0x4943, 0x4964, 0x4964, 0x4964, 0x4964,
    0x5984, 0x69A4, 0x71E5, 0x71E5, 0x71E5, 0x7A05, 0x92A6, 0x9B29,
    0x82C8, 0x7206, 0x7A05, 0x7A05, 0x71E5, 0x71E5, 0x71E5, 0x71E5,
    0x69C5, 0x61A5, 0x5164, 0x4944, 0x49A4, 0x3903, 0x71C4, 0x71C6,
    0x79C5, 0x9B89, 0x41E5, 0x4963, 0x8B2B, 0x6985, 0x92C6, 0xB46C,
    0xB42B, 0xB42B, 0xB40B, 0xBC2C, 0xB42B, 0xA369, 0x92A7, 0x9AE8,
    0x8A46, 0x7A67, 0xB42C, 0xB42C, 0xBC6C, 0x6183, 0x4061, 0x3924,
    0xB44D, 0xB44C, 0xB44D, 0xB44D, 0xB44D, 0xB44D, 0xB44D, 0xB44C,
    0xB44C, 0xB44C, 0xB44C, 0xB46C, 0xB46C, 0xB46C, 0xB46C, 0xBC6C,
    0xBC6C, 0xBC6C, 0xBC6C, 0xBC6C, 0xBC8C, 0xBC8C, 0xBC8C, 0xBC8C,
    0xBC8C, 0xBC8C, 0xBC8C, 0xBC8C, 0xBC8C, 0xBC8C, 0xBC8C, 0xBC8C,
    0xBCAC, 0xBCAC, 0xBCAC, 0xBCAC, 0xBCAC, 0xBCAC, 0xBCAC, 0xC4AC,
    0xC4AC, 0xC4CC, 0xC4CC, 0xC4CC, 0xBCAD, 0xCD2D, 0x92C6, 0x7B03,
    0x9402, 0x9442, 0x5281, 0x30E5, 0x5BC9, 0x5345, 0x4922, 0x48E2,
    0x4922, 0x5165, 0x6AAC, 0x8C13, 0xAD79, 0xD6DE, 0xF7FF, 0xFFFF,
    0xFFFF, 0xFFFF, 0xFFFF, 0xFFFF, 0xFFFF, 0xFFFF, 0xFFFF, 0xFFFF,
    0xF6B4, 0xA46B, 0xBD8E, 0xD52E, 0xC3EA, 0xB44B, 0x9407, 0xB530,
    0xC5B5, 0xACAF, 0xBE1B, 0xFFFF, 0xFFFF, 0xFFFF, 0xFFFF, 0xFFFF,
    0xFFFF, 0xFFFF, 0xFFFF, 0xFEF7, 0xE6FD, 0xFFFF, 0xFFFF, 0xFFFF,
    0xFFFF, 0xFFFF, 0xFFFF, 0xFFFF, 0xFFFF, 0xFFFF, 0xFFFF, 0xFFFF,
    0xFFFF, 0xFFFF, 0xFFFF, 0xFFFF, 0xFFFF, 0xFFFF, 0xFFFF, 0xFFFF,
    0xFFFF, 0xFFFF, 0xFFFF, 0xFFFF, 0xFFFF, 0xFFFF, 0xFFFF, 0xFFFF,
    0xFFFF, 0xFFFF, 0xFFFF, 0xFFFF, 0xFFFF, 0xFFFF, 0xFFFE, 0xFFFE,
    0x38E2, 0x38E2, 0x38C2, 0x30A2, 0x30A1, 0x30A2, 0x3082, 0x2881,
    0x2881, 0x2881, 0x2881, 0x2881, 0x2881, 0x2881, 0x2882, 0x2881,
    0x2881, 0x2881, 0x2881, 0x2881, 0x2881, 0x2881, 0x2881, 0x2061,
    0x30C2, 0x6AA9, 0x3103, 0x2061, 0x1860, 0x4984, 0x7AC9, 0x1020,
    0x1020, 0x1840, 0x1040, 0x1840, 0x1040, 0x1041, 0x1041, 0x1021,
    0x1041, 0x1000, 0x3103, 0x72EA, 0x2061, 0x2061, 0x2081, 0x2061,
    0x28C2, 0x2081, 0x1800, 0x49A5, 0x3924, 0x2040, 0x6226, 0x72A8,
    0x4143, 0x4144, 0x4123, 0x4923, 0x5143, 0x5964, 0x5984, 0x61A4,
    0x61A4, 0x61A4, 0x69A4, 0x71C5, 0x71E5, 0x69C5, 0x69A4, 0x71E4,
    0x8A66, 0x8AA7, 0x7A46, 0x71E5, 0x71E5, 0x71E5, 0x69C5, 0x71C5,
    0x71E5, 0x7205, 0x61C5, 0x51A5, 0x4964, 0x4144, 0x38E3, 0x71A4,
    0x71E6, 0x79A5, 0x9B48, 0x41C5, 0x4943, 0x8B0A, 0x71A5, 0xABA9,
    0xB44B, 0xAC0B, 0xB42B, 0xBC50, 0xB42B, 0x9AE8, 0x9AE8, 0x8A66,
    0x7247, 0xB42B, 0xB42B, 0xBC6C, 0x9B48, 0x4081, 0x48A2, 0x4964,
    0xB46D, 0xB42C, 0xB42C, 0xB42C, 0xB42C, 0xB42C, 0xB42C, 0xB42C,
    0xB42C, 0xB44C, 0xB44C, 0xB44C, 0xB44C, 0xB44C, 0xB44C, 0xB46C,
    0xB46C, 0xB46C, 0xBC6C, 0xBC6C, 0xBC6C, 0xBC6C, 0xBC6C, 0xBC8C,
    0xBC8C, 0xBC8C, 0xBC8C, 0xBC8C, 0xBC8C, 0xBC8C, 0xBC8C, 0xBC8C,
    0xBC8C, 0xBC8C, 0xBC8C, 0xBCAC, 0xBCAC, 0xBCAC, 0xBCAC, 0xBCAC,
    0xBCAC, 0xBCAC, 0xBCAC, 0xBCAC, 0xC52D, 0xAB46, 0x6A66, 0xA443,
    0x7C23, 0x9C22, 0x7C61, 0x2880, 0x3A24, 0x4CC6, 0x5428, 0x6B6B,
    0x944E, 0xB532, 0xE77F, 0xFFFF, 0xFFFF, 0xFFFF, 0xFFFF, 0xFFFF,
    0xFFFF, 0xFFFF, 0xFFFF, 0xFFFF, 0xFFFF, 0xFFFF, 0xFFFF, 0xFF9B,
    0xD5D3, 0xAC8F, 0xB4AF, 0xAC72, 0xDDD2, 0xD4E8, 0x9BAA, 0x9CD1,
    0xCDB1, 0xB555, 0xD71F, 0xFFFF, 0xFFFF, 0xFFFF, 0xFFFF, 0xFFFF,
    0xFFFF, 0xFFFF, 0xFFFF, 0xFFBA, 0xE659, 0xFFFF, 0xFFFF, 0xFFFF,
    0xFFFF, 0xFFFF, 0xFFFF, 0xFFFF, 0xFFFF, 0xFFFF, 0xFFFF, 0xFFFF,
    0xFFFF, 0xFFFF, 0xFFFF, 0xFFFF, 0xFFFF, 0xFFFF, 0xFFFF, 0xFFFF,
    0xFFFF, 0xFFFF, 0xFFFF, 0xFFFF, 0xFFFF, 0xFFFF, 0xFFFF, 0xFFFF,
    0xFFFF, 0xFFFF, 0xFFFF, 0xFFFF, 0xFFFF, 0xFFD9, 0xF6B3, 0xEE93,
    0x38C2, 0x30A2, 0x3081, 0x30A2, 0x30A2, 0x3082, 0x3082, 0x30A2,
    0x2881, 0x2881, 0x28A1, 0x28A2, 0x2882, 0x2881, 0x2881, 0x2881,
    0x2882, 0x2881, 0x2881, 0x2881, 0x2881, 0x2881, 0x2881, 0x2881,
    0x2061, 0x30E2, 0x6A88, 0x3903, 0x1860, 0x3081, 0x6267, 0x41A5,
    0x1000, 0x1840, 0x1040, 0x1040, 0x1040, 0x1040, 0x1040, 0x1041,
    0x1020, 0x1841, 0x1820, 0x5A27, 0x51E6, 0x1840, 0x2041, 0x3924,
    0x6248, 0x5A27, 0x4164, 0x1020, 0x2081, 0x1861, 0x4165, 0x51E6,
    0x28C1, 0x51A4, 0x49A5, 0x4164, 0x4123, 0x4103, 0x4123, 0x4944,
    0x5144, 0x5964, 0x61A4, 0x69E5, 0x71C5, 0x71E5, 0x71E5, 0x71E5,
    0x69C5, 0x71E5, 0x7A05, 0x71E5, 0x71E5, 0x71E5, 0x69C5, 0x61A5,
    0x5984, 0x69A4, 0x79E5, 0x7A05, 0x69E5, 0x59A5, 0x4164, 0x30E3,
    0x71A4, 0x71E6, 0x79A5, 0x9307, 0x39A4, 0x4943, 0x7AA9, 0x8206,
    0xB42B, 0xAC2B, 0xB40A, 0xB531, 0xAC0B, 0x9AC8, 0x8A86, 0x6A06,
    0xAC0B, 0xB42B, 0xABEA, 0x9347, 0x69E4, 0x3881, 0x4881, 0x51A5,
    0xBC6D, 0xB42C, 0xB42C, 0xB42C, 0xB42C, 0xB42C, 0xB42C, 0xB42C,
    0xB42C, 0xB42C, 0xB42C, 0xB44C, 0xB44B, 0xB44B, 0xB44B, 0xB44B,
    0xB44B, 0xB44B, 0xB44B, 0xB44B, 0xBC6B, 0xBC6C, 0xBC6C, 0xBC6C,
    0xBC6C, 0xBC6C, 0xBC6C, 0xBC6C, 0xBC6C, 0xBC8C, 0xBC8C, 0xBC8C,
    0xBC8C, 0xBC8C, 0xBC8C, 0xBC8C, 0xBC8C, 0xBC8C, 0xBCAC, 0xBCAC,
    0xBCAC, 0xBCAC, 0xBCAC, 0xC50D, 0xBBC7, 0x5A26, 0xBC49, 0xA422,
    0x7C01, 0x9303, 0x73A7, 0x734B, 0x83CE, 0xAE92, 0xCFF4, 0xEFF3,
    0xEEB2, 0xD5D1, 0xE6B8, 0xFFDF, 0xFFFF, 0xFFFF, 0xFFFF, 0xFFFF,
    0xFFFF, 0xFFFF, 0xFFFF, 0xFFFF, 0xFFFF, 0xFFFF, 0xFFFF, 0xFFDD,
    0xC50F, 0xCE35, 0xEDAC, 0xC42C, 0xBD4C, 0xBD29, 0xB4AD, 0x940D,
    0xD612, 0xDDB1, 0xE6D9, 0xFFFF, 0xFFFF, 0xFFFF, 0xFFFF, 0xFFFF,
    0xFFFF, 0xFFFF, 0xFFFF, 0xFFFE, 0xEE56, 0xF7BF, 0xFFFF, 0xFFFF,
    0xFFFF, 0xFFFF, 0xFFFF, 0xFFFF, 0xFFFF, 0xFFFF, 0xFFFF, 0xFFFF,
    0xFFFF, 0xFFFF, 0xFFFF, 0xFFB7, 0xFF3A, 0xFFFF, 0xFFFF, 0xFFFF,
    0xFFFF, 0xFFFF, 0xFFFF, 0xFFFF, 0xFFFF, 0xFFFF, 0xFFFF, 0xFFFF,
    0xFFFF, 0xFFFF, 0xFFFF, 0xFFFF, 0xFFB9, 0xF692, 0xE633, 0xE633,
    0x30A2, 0x30A1, 0x30A1, 0x3081, 0x3081, 0x3081, 0x3082, 0x30A1,
    0x2882, 0x2881, 0x30A1, 0x28A1, 0x2881, 0x2881, 0x2881, 0x2881,
    0x2881, 0x2881, 0x2881, 0x2881, 0x2881, 0x2881, 0x2081, 0x2881,
    0x28C2, 0x2061, 0x28A2, 0x6268, 0x4143, 0x38C1, 0x1041, 0x5A47,
    0x3123, 0x1000, 0x1840, 0x1040, 0x1040, 0x1040, 0x1040, 0x1040,
    0x1020, 0x2061, 0x2061, 0x30C2, 0x6AA9, 0x2081, 0x1840, 0x4164,
    0x49C6, 0x2081, 0x5A47, 0x6267, 0x30E2, 0x30E2, 0x51E6, 0x6247,
    0x30C2, 0x4123, 0x4943, 0x5184, 0x51A4, 0x4984, 0x4144, 0x4123,
    0x4143, 0x4123, 0x4943, 0x51A4, 0x5144, 0x5984, 0x6184, 0x69C4,
    0x71C4, 0x7A05, 0x8287, 0x6A06, 0x71C4, 0x71E5, 0x71E5, 0x71E5,
    0x69C5, 0x51A5, 0x4944, 0x5964, 0x69A4, 0x71E5, 0x71E5, 0x5185,
    0x3903, 0x71C4, 0x71E6, 0x79A5, 0x82C7, 0x3943, 0x4984, 0x7248,
    0x9AE7, 0xB46B, 0xABCA, 0xB5EC, 0xAC0A, 0x9266, 0x69E5, 0xA3CB,
    0xB42B, 0xBC4C, 0x8B07, 0x4983, 0x40E2, 0x48C2, 0x4061, 0x59C5,
    0xBC6C, 0xB42B, 0xB42C, 0xB42C, 0xB42B, 0xB42B, 0xB42B, 0xB42B,
    0xB40B, 0xB42B, 0xB42B, 0xB42B, 0xB42B, 0xB42B, 0xB42B, 0xB42B,
    0xB44B, 0xB44B, 0xB44B, 0xBC4B, 0xB44B, 0xB44B, 0xB44B, 0xBC6C,
    0xBC6B, 0xBC6C, 0xBC6C, 0xBC6C, 0xBC6C, 0xBC6C, 0xBC6C, 0xBC8C,
    0xBC8C, 0xBC8C, 0xBC8C, 0xBC8C, 0xBC8C, 0xBC8C, 0xBC8C, 0xBCAC,
    0xBCAC, 0xBC8C, 0xBCED, 0xC449, 0x6204, 0x9BC7, 0xB346, 0x92E7,
    0x838B, 0x9C90, 0xBD72, 0xD613, 0xDE12, 0xD5D1, 0xDF12, 0xFFF2,
    0xFFD2, 0xE651, 0xDE14, 0xEF5D, 0xFFFF, 0xFFFF, 0xFFFF, 0xFFFF,
    0xFFFF, 0xFFFF, 0xFFFF, 0xFFFF, 0xFFFF, 0xFFFF, 0xFFFF, 0xFFFF,
    0xE6D8, 0xCD4C, 0xBC0B, 0x9D10, 0xBC8B, 0x9BAA, 0xACD0, 0xDE98,
    0xC594, 0xBD51, 0xA492, 0xE79F, 0xFFFF, 0xFFFF, 0xFFFF, 0xFFFF,
    0xFFFF, 0xFFFE, 0xFFDE, 0xFFBD, 0xF674, 0xEF1E, 0xFFFF, 0xFFFF,
    0xFFFF, 0xFFFF, 0xFFFF, 0xFFFF, 0xFFFF, 0xFFFF, 0xFFFF, 0xFFFF,
    0xFFFF, 0xFFFF, 0xFFFF, 0xFF98, 0xF693, 0xF77D, 0xFFFF, 0xFFFF,
    0xFFFF, 0xFFFF, 0xFFFF, 0xFFFF, 0xFFFF, 0xFFFF, 0xFFFF, 0xFFFF,
    0xFFFF, 0xFFFF, 0xFFFF, 0xFF97, 0xF652, 0xE633, 0xDE33, 0xDE13,
    0x30A2, 0x30A2, 0x3082, 0x3081, 0x3081, 0x3081, 0x30A1, 0x28A2,
    0x2882, 0x2881, 0x2881, 0x2881, 0x28A2, 0x2882, 0x2881, 0x2881,
    0x2881, 0x2881, 0x2881, 0x2881, 0x2881, 0x2081, 0x2881, 0x2881,
    0x2081, 0x2082, 0x2061, 0x2081, 0x7288, 0x51E6, 0x0000, 0x1861,
    0x6289, 0x2081, 0x1020, 0x1040, 0x1040, 0x1040, 0x1040, 0x1020,
    0x1840, 0x2061, 0x2081, 0x2040, 0x6268, 0x3903, 0x2061, 0x2061,
    0x6268, 0x2882, 0x1000, 0x49A5, 0x6268, 0x2881, 0x51C5, 0x6A67,
    0x38E2, 0x4123, 0x4123, 0x4103, 0x4123, 0x4964, 0x51A4, 0x4984,
    0x4144, 0x4923, 0x4944, 0x4944, 0x4944, 0x4944, 0x4944, 0x4944,
    0x5144, 0x5964, 0x79E4, 0x8AC7, 0x7226, 0x69C4, 0x71E5, 0x71C5,
    0x7A05, 0x7A46, 0x61C5, 0x4164, 0x4123, 0x4964, 0x5964, 0x69A4,
    0x5184, 0x3902, 0x71C4, 0x71E5, 0x79C5, 0x7246, 0x38E2, 0x5A06,
    0x8268, 0xABC9, 0xABCB, 0xCD8B, 0xABA9, 0x6984, 0x9349, 0xBC4B,
    0xABEA, 0xBC6B, 0x61E4, 0x30C1, 0x40E2, 0x50C2, 0x4061, 0x6206,
    0xBC6C, 0xB40B, 0xB42B, 0xB42B, 0xB40B, 0xB40B, 0xB40B, 0xB40B,
    0xB40B, 0xB42B, 0xB42B, 0xB42B, 0xB42B, 0xB42B, 0xB42B, 0xB42B,
    0xB42B, 0xB42B, 0xB44B, 0xBC4B, 0xBC4B, 0xBC4B, 0xBC4B, 0xBC4B,
    0xBC4B, 0xBC6B, 0xBC6B, 0xBC6C, 0xBC6C, 0xBC6C, 0xBC6C, 0xBC6C,
    0xBC6C, 0xBC8C, 0xBC8C, 0xBC8C, 0xBC8C, 0xBC8C, 0xBC8C, 0xBC8C,
    0xBCAC, 0xC4ED, 0xC448, 0x5942, 0x6287, 0x936B, 0x944F, 0xB592,
    0xD613, 0xD5F2, 0xCDB1, 0xC591, 0xC571, 0xC591, 0xC591, 0xE6B2,
    0xFFF3, 0xFFB3, 0xE612, 0xE697, 0xF79E, 0xFFFF, 0xFFFF, 0xFFFF,
    0xFFFF, 0xFFFF, 0xFFFF, 0xFFFF, 0xFFFF, 0xFFFF, 0xFFFF, 0xFFFF,
    0xFFFF, 0xE6FA, 0xB4B1, 0xBD93, 0xB48B, 0x9C49, 0xB550, 0xEF3D,
    0xFFFF, 0xF7FF, 0xEFBF, 0xFFFF, 0xFFBC, 0xFF38, 0xF696, 0xEE75,
    0xE676, 0xE636, 0xE677, 0xEE76, 0xED8F, 0xD5D9, 0xFFFF, 0xFFFF,
    0xFFFF, 0xFFFF, 0xFFFF, 0xFFFF, 0xFFFF, 0xFFFF, 0xFFFF, 0xFFFF,
    0xFFFF, 0xFFFF, 0xFFFF, 0xFFBD, 0xF716, 0xEEB6, 0xF79E, 0xFFFF,
    0xFFFF, 0xFFFF, 0xFFFF, 0xFFFF, 0xFFFF, 0xFFFF, 0xFFFF, 0xFFFF,
    0xFFFF, 0xFFFE, 0xFF55, 0xEE32, 0xDE34, 0xDE13, 0xDDF4, 0xD5F4,
    0x30C2, 0x30A2, 0x3081, 0x3081, 0x30A2, 0x30C2, 0x30A2, 0x2882,
    0x28A1, 0x28A2, 0x30A2, 0x30C2, 0x28A2, 0x2881, 0x2881, 0x2881,
    0x2882, 0x2881, 0x2881, 0x2881, 0x2881, 0x2081, 0x2081, 0x2881,
    0x20A1, 0x2081, 0x20A1, 0x2061, 0x40E2, 0x49E6, 0x49A5, 0x1000,
    0x28C2, 0x6268, 0x1020, 0x1040, 0x1040, 0x1040, 0x1040, 0x1020,
    0x2040, 0x2061, 0x2081, 0x1840, 0x6268, 0x4144, 0x1840, 0x1840,
    0x4144, 0x59E6, 0x1840, 0x2060, 0x59E6, 0x6AA9, 0x49A5, 0x6247,
    0x30C2, 0x4123, 0x4123, 0x4123, 0x4123, 0x4103, 0x4123, 0x4963,
    0x4984, 0x4964, 0x4943, 0x4923, 0x4944, 0x4943, 0x4143, 0x4143,
    0x4943, 0x4143, 0x5144, 0x69A4, 0x8A86, 0x7205, 0x71C4, 0x71C5,
    0x79E5, 0x71E4, 0x71E5, 0x69C5, 0x4144, 0x4123, 0x4944, 0x4944,
    0x5144, 0x3924, 0x4102, 0x79E5, 0x71C5, 0x79C5, 0x4944, 0x4142,
    0x82E9, 0x9B09, 0xAC0B, 0xD48B, 0x8A45, 0x7267, 0xBC4B, 0xAC0A,
    0xB40B, 0xB42A, 0x4122, 0x30A1, 0x38C2, 0x38A2, 0x3061, 0x6A87,
    0xBC6C, 0xB40B, 0xB40B, 0xB40B, 0xB40B, 0xB40B, 0xB40B, 0xB40B,
    0xB42B, 0xB42B, 0xB42B, 0xB42B, 0xB42B, 0xB42B, 0xB42B, 0xB42B,
    0xB42B, 0xB42B, 0xB42B, 0xB42B, 0xB44B, 0xBC4B, 0xB44B, 0xB44B,
    0xBC4B, 0xBC4B, 0xBC4B, 0xB44B, 0xB44B, 0xB46B, 0xBC6C, 0xBC6C,
    0xBC6C, 0xBC6C, 0xBC8C, 0xBC8C, 0xBC8C, 0xBC8C, 0xBC8C, 0xC4EC,
    0xC46A, 0xAB88, 0x7AA8, 0x73AE, 0xB551, 0xC5F2, 0xD5F1, 0xCDB1,
    0xC570, 0xBD71, 0xC591, 0xC591, 0xC591, 0xC591, 0xC5B1, 0xC591,
    0xDE12, 0xFE92, 0xFE12, 0xE633, 0xE6D9, 0xF79E, 0xFFFF, 0xFFFF,
    0xFFFF, 0xFFFF, 0xFFFF, 0xFFFF, 0xFFFF, 0xFFFF, 0xFFFF, 0xFFFF,
    0xFFFF, 0xFFFF, 0xFF5A, 0xA4B2, 0xC553, 0xC4EC, 0xACAB, 0xBD51,
    0xF759, 0xF6B6, 0xD612, 0xC550, 0xD5B4, 0xDE17, 0xE698, 0xEED8,
    0xEEF7, 0xEEF6, 0xEEF7, 0xF717, 0xF6B2, 0xDD93, 0xF7DF, 0xFFFF,
    0xFFFF, 0xFFFF, 0xFFFF, 0xFFFF, 0xFFFF, 0xFFFF, 0xFFFF, 0xFFFF,
    0xFFFF, 0xFFFF, 0xFFDF, 0xFFBD, 0xF75A, 0xF6F6, 0xEEB7, 0xF79E,
    0xFFFF, 0xFFFF, 0xFFFF, 0xFFFF, 0xFFFF, 0xFFFF, 0xFFFF, 0xFFFF,
    0xFFFC, 0xFF14, 0xE633, 0xDE34, 0xDE14, 0xD5F4, 0xD5F4, 0xD5B3,
    0x30C2, 0x30A2, 0x3081, 0x38C1, 0x38E2, 0x30A2, 0x3081, 0x3081,
    0x30A1, 0x30A1, 0x30A1, 0x2881, 0x2881, 0x2881, 0x2881, 0x2881,
    0x2881, 0x2881, 0x2081, 0x2081, 0x2081, 0x2081, 0x28A1, 0x2881,
    0x2081, 0x2081, 0x2081, 0x38C2, 0x28A1, 0x0000, 0x3103, 0x51E7,
    0x2081, 0x3944, 0x49A6, 0x0800, 0x1040, 0x1040, 0x1040, 0x1020,
    0x1840, 0x2081, 0x2081, 0x1840, 0x6268, 0x3103, 0x1840, 0x2081,
    0x1840, 0x51E6, 0x3903, 0x2041, 0x1820, 0x51C5, 0x8B6B, 0x59E6,
    0x30E2, 0x3903, 0x3903, 0x3923, 0x4123, 0x4123, 0x4123, 0x4103,
    0x4123, 0x4943, 0x4984, 0x4164, 0x4123, 0x3944, 0x4944, 0x5164,
    0x4144, 0x4123, 0x3903, 0x38E2, 0x4943, 0x69A4, 0x71C4, 0x71C5,
    0x71E5, 0x71C5, 0x71C5, 0x71C5, 0x61C5, 0x4144, 0x4944, 0x5164,
    0x4964, 0x4944, 0x3103, 0x5123, 0x79E5, 0x79C5, 0x69C5, 0x30C2,
    0x7266, 0x9309, 0xB42B, 0xAB89, 0x69C5, 0xABEA, 0xB40A, 0xB3EA,
    0xB42B, 0xA389, 0x2881, 0x2082, 0x28A2, 0x50E2, 0x4881, 0x8329,
    0xBC4B, 0xB40B, 0xB40B, 0xB40B, 0xB40B, 0xB40B, 0xB40B, 0xB40B,
    0xB40B, 0xB42B, 0xB42B, 0xB42B, 0xB42B, 0xB42B, 0xB42B, 0xB42B,
    0xB42B, 0xB42B, 0xB42B, 0xB42B, 0xB42B, 0xB44B, 0xB44B, 0xB44B,
    0xB44B, 0xB44B, 0xBC4B, 0xB44B, 0xB44B, 0xB44B, 0xB44B, 0xB46C,
    0xB46C, 0xBC6C, 0xBC6C, 0xBC8C, 0xBC8C, 0xBCAC, 0xC46A, 0xAB68,
    0x8B4B, 0x948F, 0xBDD2, 0xD611, 0xCDB0, 0xC570, 0xBD50, 0xBD71,
    0xBD91, 0xC591, 0xC591, 0xC591, 0xC591, 0xC5B1, 0xC5B1, 0xCDB1,
    0xC5B2, 0xD5B2, 0xF5D2, 0xF5F2, 0xDE34, 0xEED9, 0xF79E, 0xFFFF,
    0xFFFF, 0xFFFF, 0xFFFF, 0xFFFF, 0xFFFF, 0xFFFF, 0xFFFF, 0xFFFF,
    0xFFFF, 0xFFFF, 0xFFFF, 0xEEB7, 0xBC4E, 0xAC0D, 0xB42B, 0x8B8A,
    0x944E, 0xD570, 0x9C07, 0x7C10, 0xDFBF, 0xFFB8, 0xF6D2, 0xEE30,
    0xE5EF, 0xDDF0, 0xDDD0, 0xDDD0, 0xE632, 0xE5D0, 0xE6DD, 0xFFFF,
    0xFFFF, 0xFFFF, 0xFFFF, 0xFFFF, 0xFFFF, 0xFFFF, 0xFFFF, 0xFFFF,
    0xFFFF, 0xFFFF, 0xFFDF, 0xFFBE, 0xF77C, 0xF719, 0xEEB6, 0xEE96,
    0xF73C, 0xFFFF, 0xFFFF, 0xFFFF, 0xFFFF, 0xFFFF, 0xFFFE, 0xFFBA,
    0xF6B4, 0xE633, 0xDE34, 0xDDF4, 0xD5D4, 0xD5D4, 0xCDD5, 0xCDF4,
    0x30C2, 0x3081, 0x38A1, 0x38C1, 0x30A1, 0x3081, 0x30A1, 0x3082,
    0x2881, 0x2881, 0x2881, 0x2881, 0x2881, 0x2881, 0x28A1, 0x28A2,
    0x2881, 0x2881, 0x2081, 0x2081, 0x2081, 0x2081, 0x2081, 0x2081,
    0x2081, 0x2081, 0x2881, 0x40C1, 0x5A89, 0x49A5, 0x0000, 0x1841,
    0x49C6, 0x3944, 0x6268, 0x3103, 0x0800, 0x1020, 0x1020, 0x1840,
    0x2061, 0x2081, 0x1840, 0x3103, 0x6268, 0x2060, 0x2081, 0x2081,
    0x2061, 0x2861, 0x49A5, 0x28A2, 0x2061, 0x2881, 0x7B2A, 0x72A9,
    0x30A1, 0x4123, 0x3903, 0x3903, 0x4103, 0x4123, 0x4123, 0x4943,
    0x4123, 0x4124, 0x4923, 0x51C5, 0x51E6, 0x5A66, 0x4A06, 0x5143,
    0x71A4, 0x71E5, 0x61A5, 0x5165, 0x4964, 0x4144, 0x4943, 0x5984,
    0x6984, 0x71C4, 0x71E5, 0x69C5, 0x71E4, 0x69C4, 0x4944, 0x5164,
    0x5184, 0x4944, 0x4944, 0x30E2, 0x6164, 0x71C5, 0x79E5, 0x38E3,
    0x59C4, 0x8AA7, 0xB3EA, 0xA3CA, 0x8B29, 0xB42A, 0xB40B, 0xB40A,
    0xBC4B, 0x8AE6, 0x1841, 0x3102, 0x30C2, 0x38A2, 0x38C2, 0x9BAA,
    0xBC2B, 0xB40B, 0xB40B, 0xB40B, 0xB40B, 0xB40B, 0xB40B, 0xB40B,
    0xB40B, 0xB40B, 0xB40B, 0xB42B, 0xB42B, 0xB42B, 0xB42B, 0xB42B,
    0xB42B, 0xB42B, 0xB42B, 0xB42B, 0xB42B, 0xB42B, 0xB42B, 0xB44B,
    0xB44B, 0xB44B, 0xB42B, 0xB42B, 0xB44B, 0xB44B, 0xB44B, 0xB44B,
    0xB46C, 0xB46C, 0xB46C, 0xBC6C, 0xBC8B, 0xB3A8, 0x8B0A, 0x946F,
    0xBDD2, 0xCDD1, 0xC570, 0xBD50, 0xBD50, 0xBD71, 0xBD71, 0xBD71,
    0xBD91, 0xC591, 0xC591, 0xC591, 0xC5B1, 0xC5B1, 0xCDB1, 0xCDB1,
    0xCDB1, 0xCDD2, 0xCDD2, 0xDDF2, 0xDDF2, 0xDE33, 0xE6D8, 0xF79D,
    0xFFDF, 0xFFFF, 0xFFFF, 0xFFFF, 0xFFFF, 0xFFFF, 0xFFFF, 0xFFFF,
    0xFF9A, 0xF6D5, 0xEE13, 0xE657, 0xF6B6, 0xAC2B, 0xBC2C, 0xC52F,
    0x7B0A, 0x83CC, 0x9283, 0x634C, 0xD651, 0xE5CE, 0xD5B0, 0xD5D1,
    0xD5D1, 0xD5D1, 0xD5D1, 0xD5D1, 0xDDF1, 0xE610, 0xD596, 0xF7DF,
    0xFFFF, 0xFFFF, 0xFFFF, 0xFFFF, 0xFFFF, 0xFFFF, 0xFFFF, 0xFFFF,
    0xFFFF, 0xFFFF, 0xFFFF, 0xFFDE, 0xFF9D, 0xF75A, 0xEED7, 0xEE75,
    0xE654, 0xEEB8, 0xF75B, 0xFF9B, 0xFF59, 0xF6F7, 0xF6B5, 0xEE53,
    0xE614, 0xDE14, 0xDDF4, 0xD615, 0xD635, 0xDE34, 0xD5B0, 0xC48D,
    0x3081, 0x3081, 0x3082, 0x3081, 0x3081, 0x30A2, 0x30A2, 0x28A2,
    0x2881, 0x2881, 0x28A1, 0x2881, 0x2881, 0x30A1, 0x28C2, 0x28A2,
    0x28A2, 0x2082, 0x2081, 0x2881, 0x2081, 0x2081, 0x2081, 0x2081,
    0x2081, 0x2081, 0x38C2, 0x28C2, 0x3103, 0x8BAD, 0x6AC9, 0x2081,
    0x0800, 0x20C2, 0x49C6, 0x836C, 0x28C2, 0x0800, 0x1000, 0x1020,
    0x1840, 0x1840, 0x28C2, 0x6268, 0x30E3, 0x1840, 0x2061, 0x2061,
    0x2081, 0x1861, 0x20A1, 0x3944, 0x30E3, 0x30C2, 0x51C6, 0x93CD,
    0x3903, 0x3923, 0x3903, 0x3903, 0x4103, 0x4123, 0x4123, 0x4923,
    0x5183, 0x5247, 0x4145, 0x40E2, 0x61A4, 0x8B27, 0x6267, 0x3903,
    0x3903, 0x5123, 0x79C4, 0x8206, 0x79E6, 0x71C5, 0x69C5, 0x6A46,
    0x6267, 0x59E5, 0x6164, 0x71A4, 0x71E5, 0x71C5, 0x69C5, 0x5184,
    0x5144, 0x4944, 0x4944, 0x4123, 0x38E2, 0x71C5, 0x79E5, 0x5144,
    0x4163, 0x8266, 0xA348, 0xB40A, 0xAC2B, 0xB44B, 0xB42B, 0xB42B,
    0xBC6B, 0x61E4, 0x1861, 0x4102, 0x4102, 0x2081, 0x4164, 0xB42B,
    0xB40A, 0xB40B, 0xB40B, 0xB40B, 0xB40B, 0xB40B, 0xB40B, 0xB40B,
    0xB40B, 0xB40B, 0xB40B, 0xB42B, 0xB42B, 0xB42B, 0xB42B, 0xB42B,
    0xB42B, 0xB42B, 0xB42B, 0xB42A, 0xB42B, 0xB42B, 0xB42B, 0xB42B,
    0xB42B, 0xB42B, 0xB42B, 0xB42B, 0xB42B, 0xB42B, 0xB44B, 0xB44B,
    0xB44B, 0xB44C, 0xB46C, 0xBC6B, 0xABEA, 0x8BCD, 0xAD71, 0xC591,
    0xBD50, 0xB550, 0xBD50, 0xBD70, 0xBD70, 0xBD71, 0xBD71, 0xBD91,
    0xC591, 0xC591, 0xC591, 0xC591, 0xC5B1, 0xC5B1, 0xCDB1, 0xCDB1,
    0xCDB1, 0xCDB1, 0xCDD2, 0xCDD2, 0xD5D2, 0xD5F1, 0xDE13, 0xE6B7,
    0xF77C, 0xFFFF, 0xFFFF, 0xFFFE, 0xFFBC, 0xFF39, 0xF694, 0xE5F1,
    0xE5D3, 0xEE99, 0xF7BF, 0xFFFF, 0xFFFF, 0xD5F5, 0xADF9, 0xEF9C,
    0xCD4E, 0x6B0B, 0x628A, 0x636B, 0xBDAF, 0xDE11, 0xDE11, 0xDE11,
    0xD5F1, 0xD611, 0xD611, 0xDE11, 0xDE32, 0xE672, 0xE5F1, 0xE71D,
    0xFFFF, 0xFFFF, 0xFFFF, 0xFFFF, 0xFFFF, 0xFFFF, 0xFFFF, 0xFFFF,
    0xFFFF, 0xFFFF, 0xFFFF, 0xFFDF, 0xFFBE, 0xF77B, 0xF6F7, 0xE655,
    0xE655, 0xE634, 0xE634, 0xE634, 0xE614, 0xE634, 0xDE35, 0xDE76,
    0xE695, 0xE655, 0xDE12, 0xD54F, 0xC44B, 0xAB06, 0x89C4, 0x7123,
    0x38A2, 0x30A2, 0x30A2, 0x3081, 0x30A1, 0x30A2, 0x30A2, 0x30A2,
    0x3081, 0x30A2, 0x28A1, 0x28A1, 0x28A2, 0x30A2, 0x30A2, 0x28C2,
    0x28A2, 0x2081, 0x2081, 0x2081, 0x2081, 0x2081, 0x2081, 0x2081,
    0x2081, 0x2081, 0x40E2, 0x1061, 0x0800, 0x1040, 0x6288, 0x7B2B,
    0x41A6, 0x1020, 0x0000, 0x3924, 0x7B4B, 0x4164, 0x3964, 0x4164,
    0x4144, 0x49A5, 0x5206, 0x30C2, 0x1840, 0x2061, 0x2041, 0x30C1,
    0x1861, 0x2081, 0x20A1, 0x28C2, 0x3903, 0x30E3, 0x51A5, 0x7B0A,
    0x6227, 0x30E2, 0x3903, 0x3903, 0x4123, 0x3903, 0x4103, 0x4103,
    0x61C3, 0x72A5, 0x4964, 0x4923, 0x5964, 0x6183, 0x59E6, 0x4986,
    0x4963, 0x3943, 0x38E2, 0x5943, 0x79C4, 0x79E6, 0x71C5, 0x79C5,
    0x8226, 0x8B28, 0x7329, 0x5A06, 0x6164, 0x71A4, 0x79E5, 0x69C5,
    0x4944, 0x4944, 0x4944, 0x4944, 0x3103, 0x5943, 0x79C6, 0x5964,
    0x3923, 0x8AC8, 0x9B69, 0xB42B, 0xB46C, 0xBC6C, 0xB42B, 0xB44B,
    0xB42A, 0x3902, 0x5184, 0x7205, 0x4102, 0x2081, 0x5206, 0xBC4B,
    0xB40A, 0xB40B, 0xB42B, 0xB40B, 0xB40B, 0xB40B, 0xB40B, 0xB40B,
    0xB42B, 0xAC0B, 0xB40B, 0xB40B, 0xB42B, 0xB42B, 0xB42B, 0xB42B,
    0xB42B, 0xB42B, 0xB42A, 0xB42A, 0xB42A, 0xB42A, 0xB42A, 0xB42B,
    0xB42B, 0xB42B, 0xB42B, 0xB42B, 0xB42B, 0xB42B, 0xB44B, 0xB44B,
    0xB44B, 0xB44B, 0xB44B, 0xBCAE, 0xB551, 0xBD90, 0xBD50, 0xB550,
    0xBD50, 0xBD70, 0xBD70, 0xBD70, 0xBD70, 0xBD70, 0xBD91, 0xC591,
    0xC591, 0xC590, 0xC590, 0xC5B1, 0xC5B1, 0xC5B1, 0xCDB1, 0xCDB1,
    0xCDB1, 0xCDB1, 0xCDB1, 0xCDB1, 0xCDD2, 0xD5F2, 0xDDF1, 0xDDD1,
    0xDE12, 0xE635, 0xE656, 0xE615, 0xDDF3, 0xDDD3, 0xDE57, 0xEF3C,
    0xFFFF, 0xFFFF, 0xFFFF, 0xFFFF, 0xFFDC, 0xFFB9, 0xF734, 0xF6B1,
    0xF62F, 0xBCAA, 0x9CF3, 0xB4EF, 0x7B09, 0x9347, 0x9284, 0x8264,
    0x8264, 0x8264, 0x8264, 0x8AA5, 0x92C6, 0x9B07, 0xAB46, 0xB42E,
    0xF7BE, 0xFFFF, 0xFFFF, 0xFFFF, 0xFFFF, 0xFFFF, 0xFFFF, 0xFFFF,
    0xFFFF, 0xFFFF, 0xFFFF, 0xFFFF, 0xFFFF, 0xFFBC, 0xF6B6, 0xE634,
    0xDE14, 0xDE35, 0xDE76, 0xE675, 0xE654, 0xE654, 0xE613, 0xDDB0,
    0xD4ED, 0xC3C8, 0xA265, 0x8184, 0x7124, 0x6104, 0x6124, 0x6144,
    0x38C2, 0x30A1, 0x3081, 0x30A1, 0x30A1, 0x30A1, 0x30A2, 0x3081,
    0x30A1, 0x2881, 0x3081, 0x30C1, 0x30E2, 0x28A2, 0x28A1, 0x2881,
    0x2081, 0x2081, 0x2081, 0x2081, 0x2081, 0x2081, 0x2081, 0x2081,
    0x1881, 0x38C1, 0x28C2, 0x0820, 0x1020, 0x1020, 0x1000, 0x49A5,
    0x6AA9, 0x5A47, 0x3944, 0x0000, 0x3924, 0x5227, 0x2081, 0x3903,
    0x30E3, 0x28C2, 0x2040, 0x1840, 0x2061, 0x1861, 0x20A1, 0x3903,
    0x3103, 0x3103, 0x3103, 0x3903, 0x3903, 0x30E2, 0x51C5, 0x5A06,
    0x72A9, 0x3902, 0x3903, 0x3903, 0x3903, 0x4103, 0x4103, 0x4123,
    0x5143, 0x5163, 0x3902, 0x4923, 0x6184, 0x5984, 0x5143, 0x5A05,
    0x51C7, 0x4903, 0x4123, 0x3103, 0x40E2, 0x6983, 0x79E5, 0x71C5,
    0x69A5, 0x7185, 0x9286, 0xA40A, 0x734A, 0x51C5, 0x5943, 0x71A4,
    0x61A4, 0x4944, 0x5144, 0x4944, 0x4123, 0x4103, 0x71A5, 0x6185,
    0x4164, 0xABEB, 0xABEA, 0xB42B, 0xBC8C, 0xBC6C, 0xB44B, 0xBC6C,
    0x9B68, 0x2081, 0x8265, 0x8A85, 0x4902, 0x1861, 0x72E8, 0xBC4B,
    0xAC0A, 0xB40B, 0xB40B, 0xB40B, 0xB40B, 0xB40B, 0xB40B, 0xB40B,
    0xB40B, 0xB40B, 0xB40B, 0xB40B, 0xB42B, 0xB42B, 0xB42B, 0xB42B,
    0xB42B, 0xB42A, 0xB42A, 0xB42A, 0xB42A, 0xB40A, 0xB40A, 0xB42A,
    0xB42A, 0xB42B, 0xB42B, 0xB42B, 0xB42B, 0xB42B, 0xB42B, 0xB44B,
    0xB44B, 0xB42B, 0xB4EF, 0xBD70, 0xBD30, 0xB530, 0xB550, 0xBD50,
    0xBD50, 0xBD70, 0xBD70, 0xBD70, 0xBD70, 0xBD90, 0xBD90, 0xC590,
    0xC590, 0xC590, 0xC590, 0xC5B0, 0xC5B0, 0xCDB1, 0xCDB0, 0xCDB0,
    0xCDB0, 0xCDB1, 0xCDD2, 0xD5F2, 0xD5B0, 0xC52F, 0xBD0F, 0xBD2F,
    0xBD50, 0xCDB1, 0xDE13, 0xE697, 0xEF5D, 0xFFFF, 0xFFFF, 0xFFFF,
    0xFFFF, 0xFFFC, 0xFF97, 0xFED1, 0xEDED, 0xDCE9, 0xC3C6, 0xA2A4,
    0x81C2, 0x7161, 0x69E4, 0x9C90, 0xABC9, 0x5901, 0x50E2, 0x5102,
    0x50E2, 0x50E1, 0x5102, 0x5922, 0x5902, 0x5902, 0x6102, 0x6101,
    0x932A, 0xE6D8, 0xFFFE, 0xFFFF, 0xFFFF, 0xFFFF, 0xFFFF, 0xFFFF,
    0xFFFF, 0xFFFF, 0xFFFF, 0xFFFE, 0xFF79, 0xF6B5, 0xE634, 0xDE55,
    0xE675, 0xE612, 0xD48A, 0xB328, 0xA307, 0xA2A6, 0x9A46, 0x89E4,
    0x8163, 0x7124, 0x6924, 0x6944, 0x6944, 0x6944, 0x6123, 0x6123,
    0x30A2, 0x30A2, 0x30A2, 0x3082, 0x3081, 0x30A1, 0x3081, 0x30A2,
    0x2882, 0x2881, 0x30A1, 0x30E2, 0x28A2, 0x2882, 0x2881, 0x2081,
    0x2081, 0x2081, 0x2081, 0x2081, 0x20A2, 0x2082, 0x2081, 0x2081,
    0x2081, 0x40E2, 0x1081, 0x1040, 0x1020, 0x1020, 0x1020, 0x0800,
    0x3124, 0x5206, 0x51E6, 0x5A48, 0x1881, 0x49A5, 0x4164, 0x1800,
    0x1841, 0x1840, 0x2061, 0x2061, 0x2061, 0x2061, 0x2061, 0x2081,
    0x28A1, 0x30C2, 0x30E2, 0x3103, 0x3903, 0x30E2, 0x51C5, 0x51C5,
    0x6AA8, 0x4144, 0x3903, 0x3903, 0x3903, 0x3903, 0x4103, 0x4103,
    0x4103, 0x4123, 0x30E2, 0x4102, 0x5164, 0x5144, 0x5943, 0x5963,
    0x59C5, 0x4A08, 0x3904, 0x4922, 0x3924, 0x30E3, 0x5122, 0x71C4,
    0x71C6, 0x71C5, 0x6985, 0x81C5, 0xB388, 0xA44B, 0x6AE9, 0x4985,
    0x5943, 0x4944, 0x4944, 0x4944, 0x4944, 0x38E3, 0x6164, 0x6985,
    0x7A87, 0xB42B, 0xABEA, 0xB46C, 0xBC6C, 0xB46C, 0xB42B, 0xBC6C,
    0x7265, 0x1041, 0x5122, 0x79E4, 0x28A2, 0x20A2, 0x9BAA, 0xB42B,
    0xAC0B, 0xB40B, 0xB40B, 0xB40B, 0xB40B, 0xB40B, 0xB40B, 0xB40B,
    0xB40B, 0xB40B, 0xB40B, 0xB40B, 0xB40B, 0xB40B, 0xB40B, 0xB40B,
    0xB40B, 0xB42A, 0xB42A, 0xB42A, 0xB42A, 0xB42A, 0xB42A, 0xB42A,
    0xB42A, 0xB42A, 0xB42A, 0xB42A, 0xB42B, 0xB42B, 0xB44B, 0xBC4A,
    0xAC0B, 0xB4F0, 0xBD50, 0xB52F, 0xB530, 0xB550, 0xBD50, 0xBD50,
    0xBD50, 0xBD50, 0xBD70, 0xBD70, 0xBD90, 0xBD90, 0xBD90, 0xC590,
    0xC590, 0xC590, 0xC5B1, 0xC5B0, 0xCDB0, 0xCD90, 0xC5B1, 0xCDD1,
    0xD5F1, 0xD5B0, 0xCD6F, 0xBD2F, 0xB52F, 0xBD70, 0xC5B1, 0xCDD1,
    0xD5F1, 0xD5F1, 0xD5F0, 0xDE33, 0xE696, 0xEF3A, 0xFFDD, 0xFFD9,
    0xFF12, 0xEDAB, 0xCC06, 0xA2C3, 0x81C2, 0x6941, 0x6101, 0x5902,
    0x5122, 0x5983, 0x5962, 0x50E0, 0x6162, 0x5942, 0x5942, 0x5942,
    0x5942, 0x5942, 0x5942, 0x5922, 0x5942, 0x5922, 0x5922, 0x6143,
    0x6101, 0x71E4, 0xBCAD, 0xEEB5, 0xFF9B, 0xFFDD, 0xFFBC, 0xFFBC,
    0xFF9A, 0xFF38, 0xF6D6, 0xEEB6, 0xEE95, 0xE694, 0xE632, 0xDD4D,
    0xC3E8, 0xA244, 0x8164, 0x7164, 0x7165, 0x7164, 0x7164, 0x6964,
    0x6964, 0x7164, 0x6923, 0x6103, 0x6123, 0x6123, 0x6143, 0x6122,
    0x38C2, 0x30A2, 0x30A2, 0x30A2, 0x3081, 0x30A1, 0x30A1, 0x28A2,
    0x2881, 0x3081, 0x38C2, 0x30C2, 0x28A2, 0x28A2, 0x2882, 0x2881,
    0x2881, 0x2081, 0x2881, 0x28A1, 0x28A2, 0x2082, 0x2081, 0x2081,
    0x38C1, 0x28C2, 0x0820, 0x1020, 0x1020, 0x1020, 0x1020, 0x1020,
    0x0800, 0x3103, 0x49A6, 0x3103, 0x5A48, 0x49A5, 0x6268, 0x30E2,
    0x2061, 0x2081, 0x2061, 0x2061, 0x2061, 0x2061, 0x2061, 0x2061,
    0x1881, 0x2081, 0x2081, 0x38E2, 0x3903, 0x30E3, 0x4144, 0x72A8,
    0x72A9, 0x3903, 0x3903, 0x3903, 0x3903, 0x3903, 0x4103, 0x4123,
    0x4103, 0x4123, 0x28C2, 0x38E2, 0x5963, 0x82E8, 0x6268, 0x5185,
    0x5943, 0x61E4, 0x5227, 0x3904, 0x4102, 0x4123, 0x3103, 0x38E2,
    0x6983, 0x79C5, 0x71C5, 0x69A5, 0x7185, 0xA327, 0xBC4B, 0x93EA,
    0x5A67, 0x4123, 0x5143, 0x4944, 0x4944, 0x3903, 0x4102, 0x69A5,
    0x8246, 0xB40B, 0xABEA, 0xBC6C, 0xBC8C, 0xB44B, 0xAC2B, 0xB42A,
    0x4102, 0x51A4, 0x51E6, 0x4964, 0x28C2, 0x3924, 0xB42B, 0xAC0B,
    0xB40B, 0xAC0B, 0xAC0B, 0xAC0B, 0xAC0B, 0xAC0B, 0xAC0B, 0xAC0B,
    0xAC0B, 0xAC0B, 0xAC0B, 0xAC0B, 0xAC0B, 0xAC0B, 0xB42B, 0xB40B,
    0xB40B, 0xB40B, 0xB40A, 0xB40A, 0xB40A, 0xB40A, 0xB40A, 0xB40A,
    0xB42A, 0xB42A, 0xB42B, 0xB42B, 0xB42B, 0xB44B, 0xBC2A, 0xA3EC,
    0xAD10, 0xBD4F, 0xB50F, 0xB52F, 0xB52F, 0xB550, 0xBD50, 0xBD50,
    0xBD50, 0xBD70, 0xBD70, 0xBD70, 0xBD70, 0xBD70, 0xBD90, 0xC590,
    0xC590, 0xC590, 0xC5B0, 0xC590, 0xC590, 0xC5D1, 0xD5F1, 0xD590,
    0xC52F, 0xBD2F, 0xBD70, 0xC5B0, 0xCDD1, 0xCDD0, 0xCDB0, 0xCDB0,
    0xCDB0, 0xCDB1, 0xCDD1, 0xD611, 0xDE31, 0xE62F, 0xE58B, 0xCC05,
    0x9A62, 0x7961, 0x6101, 0x5902, 0x5942, 0x5942, 0x5962, 0x5962,
    0x5962, 0x5942, 0x5122, 0x5122, 0x5122, 0x5983, 0x5122, 0x5122,
    0x5122, 0x5122, 0x5122, 0x5122, 0x5102, 0x50E2, 0x48E2, 0x5102,
    0x5922, 0x5922, 0x6102, 0x7A04, 0xABA9, 0xCD70, 0xEE94, 0xEE94,
    0xE674, 0xE674, 0xE653, 0xE611, 0xDD4D, 0xC408, 0xAAA4, 0x8983,
    0x7143, 0x6964, 0x6984, 0x6964, 0x6964, 0x6964, 0x6963, 0x6943,
    0x6923, 0x6103, 0x6123, 0x6123, 0x6142, 0x6102, 0x60E3, 0x6165,
    0x38A2, 0x38A1, 0x30A2, 0x3082, 0x3081, 0x3081, 0x3082, 0x2881,
    0x30A1, 0x30C2, 0x30A2, 0x2881, 0x30A1, 0x28A2, 0x2881, 0x2881,
    0x2081, 0x2081, 0x2881, 0x28A1, 0x20A2, 0x2081, 0x20A2, 0x2881,
    0x40E2, 0x1061, 0x1020, 0x1020, 0x1020, 0x1020, 0x1020, 0x1020,
    0x1020, 0x0800, 0x28E3, 0x49E6, 0x2061, 0x49A5, 0x7B0A, 0x7B2A,
    0x2040, 0x2061, 0x2081, 0x2081, 0x2081, 0x2081, 0x2081, 0x2081,
    0x2081, 0x2081, 0x20A1, 0x3903, 0x30E3, 0x3903, 0x30E2, 0x4984,
    0x4164, 0x38E2, 0x3903, 0x3903, 0x3903, 0x3903, 0x3903, 0x3923,
    0x4103, 0x4123, 0x28A2, 0x3902, 0x4103, 0x71C3, 0xA347, 0x9B6A,
    0x6A88, 0x5144, 0x6183, 0x5A68, 0x3945, 0x3902, 0x4123, 0x3903,
    0x30C2, 0x5943, 0x79C5, 0x71C5, 0x69C5, 0x6985, 0xA327, 0xB42A,
    0xB42B, 0x6B09, 0x4123, 0x5143, 0x4944, 0x4123, 0x28A2, 0x69A5,
    0x71E6, 0xABCA, 0xAC0B, 0xB44C, 0xB44C, 0xAC0B, 0xB46C, 0x9327,
    0x2081, 0x4923, 0x8A86, 0x4902, 0x2061, 0x6206, 0xBC4B, 0xABEA,
    0xAC0B, 0xAC0B, 0xAC0B, 0xB40B, 0xB40B, 0xB40B, 0xB40B, 0xB40B,
    0xB40B, 0xAC0B, 0xAC0B, 0xAC0B, 0xAC0B, 0xAC0B, 0xB40B, 0xB42B,
    0xB42B, 0xB42B, 0xB42A, 0xB40A, 0xB40A, 0xB40A, 0xB40A, 0xB42A,
    0xB42A, 0xB42A, 0xB42B, 0xB42B, 0xB44B, 0xB3EA, 0xA40D, 0xAD30,
    0xBD2F, 0xB50F, 0xB52F, 0xB52F, 0xB530, 0xBD50, 0xBD50, 0xBD50,
    0xBD70, 0xBD70, 0xBD70, 0xBD70, 0xBD90, 0xBD90, 0xC590, 0xC590,
    0xC5B0, 0xC590, 0xC590, 0xC5D1, 0xD5F1, 0xCD8F, 0xBD2E, 0xB54F,
    0xBD90, 0xCDD0, 0xCDD0, 0xCDB0, 0xCDB0, 0xCDD1, 0xCDF1, 0xCE11,
    0xD611, 0xD5CF, 0xD56D, 0xC4CA, 0xB3C6, 0x9263, 0x7161, 0x5901,
    0x5122, 0x5142, 0x5962, 0x5942, 0x5942, 0x5142, 0x5142, 0x5122,
    0x5122, 0x5122, 0x5122, 0x5122, 0x5102, 0x5122, 0x5122, 0x5102,
    0x5122, 0x5102, 0x5102, 0x5122, 0x5102, 0x48E2, 0x48C2, 0x48C2,
    0x48E2, 0x5122, 0x5143, 0x5123, 0x5903, 0x6184, 0x8AE8, 0xB42C,
    0xC50D, 0xC4AB, 0xB366, 0x9223, 0x7962, 0x6943, 0x6984, 0x7184,
    0x7163, 0x6943, 0x6923, 0x6123, 0x6123, 0x6123, 0x5922, 0x6102,
    0x6103, 0x6103, 0x6122, 0x6102, 0x6103, 0x61E8, 0x836D, 0xA4D0,
    0x38A1, 0x30A1, 0x30A1, 0x30A2, 0x3082, 0x3081, 0x3082, 0x30A2,
    0x30C1, 0x28A2, 0x2881, 0x28A2, 0x2882, 0x2881, 0x28A1, 0x28A2,
    0x2882, 0x2081, 0x2881, 0x2881, 0x2881, 0x28A1, 0x2081, 0x38C1,
    0x30C2, 0x1820, 0x1020, 0x1020, 0x1020, 0x1020, 0x1020, 0x1020,
    0x1020, 0x1020, 0x0800, 0x28C2, 0x5A27, 0x2020, 0x28A2, 0x836B,
    0x7B2B, 0x1820, 0x1840, 0x2061, 0x2061, 0x2061, 0x2061, 0x2081,
    0x20A2, 0x20A2, 0x28C2, 0x3903, 0x3903, 0x3903, 0x3903, 0x30C2,
    0x30E2, 0x3903, 0x3903, 0x3902, 0x3903, 0x3903, 0x3903, 0x3903,
    0x4103, 0x4123, 0x28A2, 0x4102, 0x4123, 0x30C2, 0x5143, 0x8265,
    0xA307, 0x8B49, 0x6227, 0x5984, 0x6268, 0x4986, 0x3902, 0x4123,
    0x4123, 0x28C2, 0x5102, 0x71C5, 0x71C5, 0x69A5, 0x7185, 0xA368,
    0xABEA, 0xB40B, 0x6AE8, 0x38E3, 0x5164, 0x4123, 0x2081, 0x5964,
    0x71C6, 0xABCA, 0xB40B, 0xABEA, 0xB40B, 0xAC0B, 0xC44B, 0x5162,
    0x4984, 0x4984, 0x38C1, 0x20A2, 0x1841, 0x9309, 0xB42B, 0xABEB,
    0xAC0B, 0xAC0B, 0xAC0B, 0xAC0B, 0xAC0B, 0xAC0B, 0xAC0B, 0xAC0B,
    0xAC0B, 0xAC0B, 0xAC0B, 0xAC0B, 0xAC0B, 0xAC0B, 0xAC0B, 0xB40B,
    0xAC0B, 0xB40B, 0xB40B, 0xB40B, 0xB42A, 0xB40A, 0xB42A, 0xB42A,
    0xB42A, 0xB42A, 0xB42B, 0xB42A, 0xABEB, 0xACAF, 0xBD70, 0xBD0F,
    0xB50F, 0xB52F, 0xB52F, 0xB52F, 0xB550, 0xBD50, 0xBD50, 0xBD50,
    0xBD70, 0xBD70, 0xBD70, 0xBD90, 0xBD90, 0xC590, 0xC590, 0xC590,
    0xC590, 0xC5D1, 0xD5F1, 0xD5B0, 0xBD0E, 0xAD0F, 0xBDB0, 0xCDD0,
    0xCDB0, 0xCDB0, 0xCDD0, 0xCDF1, 0xD5F1, 0xD56E, 0xC4CA, 0xB3E7,
    0x9AE4, 0x8A43, 0x71A1, 0x6121, 0x5101, 0x4902, 0x5142, 0x5962,
    0x5962, 0x5142, 0x5142, 0x5142, 0x5122, 0x5122, 0x5122, 0x5122,
    0x5122, 0x5122, 0x5122, 0x5122, 0x5122, 0x4902, 0x5122, 0x5122,
    0x5122, 0x5102, 0x5102, 0x5102, 0x48E2, 0x48E1, 0x40C2, 0x40C2,
    0x48C2, 0x48E2, 0x4902, 0x5123, 0x5143, 0x5943, 0x5123, 0x5923,
    0x6163, 0x6143, 0x5903, 0x5984, 0x69A4, 0x6163, 0x6143, 0x6143,
    0x6123, 0x5923, 0x5902, 0x5902, 0x5902, 0x5902, 0x5903, 0x5902,
    0x6103, 0x6164, 0x6143, 0x6A2A, 0x8C2F, 0xB530, 0xCD50, 0xCD2F,
    0x38A1, 0x30A1, 0x30A1, 0x3081, 0x30A1, 0x30C2, 0x30A2, 0x3082,
    0x2881, 0x3081, 0x30C1, 0x28C2, 0x2881, 0x30A1, 0x30C1, 0x2882,
    0x2881, 0x2081, 0x2081, 0x2081, 0x2881, 0x2081, 0x2881, 0x4102,
    0x1061, 0x1820, 0x1020, 0x1020, 0x1020, 0x1020, 0x1020, 0x1020,
    0x1020, 0x1020, 0x1041, 0x1000, 0x3103, 0x5A27, 0x2040, 0x1800,
    0x6A88, 0x8BAD, 0x30C2, 0x1820, 0x2061, 0x2061, 0x2061, 0x2061,
    0x2881, 0x30E2, 0x30E3, 0x30E2, 0x30E2, 0x3903, 0x3902, 0x3902,
    0x4123, 0x4123, 0x4123, 0x3903, 0x3903, 0x3903, 0x3903, 0x4103,
    0x4103, 0x3903, 0x28A2, 0x4123, 0x3903, 0x4123, 0x4143, 0x3903,
    0x5102, 0x81E4, 0x9AE7, 0x7A88, 0x61C5, 0x6A67, 0x51A6, 0x4123,
    0x3903, 0x4123, 0x28E3, 0x40E2, 0x71C5, 0x71C5, 0x69A5, 0x79C5,
    0xABC9, 0xABCA, 0xB42B, 0x5267, 0x4103, 0x4123, 0x2082, 0x5144,
    0x71C5, 0xA3AA, 0xAC0B, 0xABEA, 0xABCA, 0xBC2B, 0x8244, 0x0800,
    0x6227, 0x8B2A, 0x1860, 0x28A2, 0x38C2, 0xABAA, 0xB42B, 0xAC0B,
    0xB40B, 0xB40B, 0xB40B, 0xAC0B, 0xAC0B, 0xB40B, 0xB40B, 0xB42B,
    0xB42B, 0xB42B, 0xB42B, 0xB40B, 0xB40B, 0xAC0B, 0xAC0B, 0xAC0B,
    0xB40B, 0xB40B, 0xB40B, 0xB40B, 0xB42A, 0xB42A, 0xB40A, 0xB42A,
    0xB42A, 0xB42A, 0xB409, 0xAC0C, 0xB530, 0xC56F, 0xB50E, 0xB50F,
    0xB50F, 0xB52F, 0xB52F, 0xB54F, 0xBD4F, 0xBD50, 0xBD50, 0xBD70,
    0xBD70, 0xBD70, 0xBD70, 0xBD90, 0xBD90, 0xBD90, 0xC5B0, 0xC5D1,
    0xCDD1, 0xCD6F, 0xBD0E, 0xB50F, 0xBD90, 0xCDD0, 0xCDB0, 0xC5B0,
    0xCDF1, 0xD610, 0xD58E, 0xCD0B, 0xAC25, 0x8341, 0x6B41, 0x6320,
    0x28A0, 0x30A1, 0x5962, 0x5162, 0x5162, 0x5142, 0x5142, 0x5142,
    0x5142, 0x5142, 0x5142, 0x5122, 0x5122, 0x5122, 0x5122, 0x5122,
    0x5122, 0x5122, 0x4922, 0x4922, 0x4902, 0x4902, 0x4922, 0x4902,
    0x4902, 0x4902, 0x4902, 0x4902, 0x48E2, 0x40C1, 0x40A1, 0x40C2,
    0x40C2, 0x40C2, 0x48E2, 0x48E2, 0x48E3, 0x4903, 0x5123, 0x5144,
    0x5144, 0x5963, 0x5943, 0x5943, 0x5943, 0x5923, 0x5922, 0x5902,
    0x5904, 0x5928, 0x5A07, 0x59C3, 0x5922, 0x5902, 0x5902, 0x6143,
    0x6982, 0x7103, 0x6ACD, 0xB5D0, 0xE58F, 0xCCEF, 0xC4EF, 0xC52F,
    0x30A2, 0x30A1, 0x30A2, 0x38A2, 0x38A2, 0x30A1, 0x3082, 0x2881,
    0x28A1, 0x3082, 0x28A1, 0x2881, 0x2881, 0x2881, 0x2881, 0x2881,
    0x2881, 0x2081, 0x2081, 0x2081, 0x2081, 0x2081, 0x38C2, 0x28C2,
    0x0820, 0x1020, 0x1020, 0x1020, 0x1020, 0x1020, 0x1020, 0x1020,
    0x1020, 0x1020, 0x0800, 0x1840, 0x1020, 0x4164, 0x51E6, 0x1840,
    0x1800, 0x72C9, 0x8B8C, 0x51C5, 0x2040, 0x2041, 0x2861, 0x2061,
    0x1840, 0x30C2, 0x30E3, 0x30E2, 0x30E2, 0x30E2, 0x30E2, 0x30E2,
    0x3902, 0x4123, 0x4923, 0x5143, 0x5143, 0x4963, 0x4123, 0x3903,
    0x3903, 0x3923, 0x30C2, 0x4123, 0x4103, 0x4123, 0x4123, 0x4123,
    0x3903, 0x4103, 0x5923, 0x79E4, 0x71E5, 0x6184, 0x6A67, 0x59C6,
    0x4943, 0x3903, 0x4123, 0x28E3, 0x40E2, 0x71C5, 0x71C5, 0x6985,
    0x8246, 0xAC0A, 0xABCA, 0xA40A, 0x41A5, 0x30A2, 0x28C2, 0x4923,
    0x69A5, 0xA369, 0xAC0A, 0xABCA, 0xB42B, 0x8AA5, 0x1820, 0x1882,
    0x7AC8, 0xBCF0, 0x28E3, 0x1861, 0x5924, 0xABCA, 0xB40B, 0xAC0B,
    0xAC0B, 0xAC0B, 0xB40B, 0xB40B, 0xB40B, 0xB40B, 0xB40B, 0xB40B,
    0xB40B, 0xB40B, 0xB40B, 0xB42B, 0xB40B, 0xB40B, 0xB42B, 0xB40B,
    0xB40B, 0xB40B, 0xB40B, 0xB42A, 0xB42A, 0xB42A, 0xB42A, 0xB40A,
    0xB44A, 0xB3E9, 0xAC2D, 0xBD70, 0xBD2F, 0xB4EE, 0xB50F, 0xB50F,
    0xB50F, 0xB52F, 0xB54F, 0xB54F, 0xBD4F, 0xBD4F, 0xBD70, 0xBD70,
    0xBD70, 0xBD70, 0xBD70, 0xBD90, 0xC5B1, 0xCDB1, 0xCD90, 0xC550,
    0xBD4F, 0xB54F, 0xBD90, 0xCDD0, 0xCDD1, 0xCDF1, 0xCDF1, 0xD5F0,
    0xCD4C, 0xB429, 0x9C09, 0x7AA0, 0x7220, 0x8221, 0x8A21, 0x82C2,
    0x7381, 0x2920, 0x38E1, 0x5982, 0x5142, 0x5142, 0x5142, 0x5142,
    0x5142, 0x4942, 0x4922, 0x5122, 0x5122, 0x5122, 0x5101, 0x4902,
    0x4922, 0x4922, 0x4922, 0x4902, 0x4902, 0x4902, 0x4902, 0x4902,
    0x4902, 0x4902, 0x4902, 0x4902, 0x48E2, 0x40C1, 0x40A1, 0x40A1,
    0x40C2, 0x40C2, 0x40C2, 0x40E2, 0x48E2, 0x48E2, 0x48E2, 0x4903,
    0x4923, 0x5122, 0x5122, 0x5102, 0x5102, 0x5102, 0x5102, 0x5102,
    0x5103, 0x5926, 0x530A, 0x7445, 0xAB22, 0x8162, 0x6122, 0x60E1,
    0x60E4, 0x6B0D, 0xB52F, 0xCD2E, 0xCD0F, 0xCD0F, 0xC50F, 0xC50E,
    0x38A2, 0x38C2, 0x38E2, 0x30C2, 0x3082, 0x30A1, 0x30A2, 0x30A2,
    0x28A1, 0x2881, 0x2881, 0x2881, 0x2881, 0x2881, 0x2881, 0x2881,
    0x2881, 0x2881, 0x2081, 0x2081, 0x2081, 0x2881, 0x40E2, 0x1061,
    0x1020, 0x1020, 0x1021, 0x1021, 0x1020, 0x1020, 0x1020, 0x1020,
    0x0800, 0x5A68, 0x6A88, 0x3103, 0x28A2, 0x1800, 0x51E6, 0x3903,
    0x1820, 0x2061, 0x6268, 0x6268, 0x6A88, 0x28C2, 0x1800, 0x2061,
    0x2061, 0x30C2, 0x30E3, 0x30E2, 0x30E2, 0x30E2, 0x30E2, 0x30E2,
    0x38E2, 0x4102, 0x4123, 0x4123, 0x4943, 0x5163, 0x5964, 0x5163,
    0x5164, 0x3923, 0x30C3, 0x4123, 0x3903, 0x3902, 0x3902, 0x3902,
    0x4103, 0x3923, 0x4103, 0x5123, 0x6984, 0x61A4, 0x6184, 0x6A67,
    0x61A6, 0x5184, 0x3943, 0x3902, 0x28C3, 0x40E2, 0x71C5, 0x69A5,
    0x6965, 0x9B07, 0xABEA, 0xB3CA, 0x8369, 0x20A2, 0x28A2, 0x4923,
    0x69A5, 0xA389, 0xABEA, 0xB40B, 0x9B26, 0x2040, 0x1861, 0x59C5,
    0x8A66, 0xB3A9, 0x59E5, 0x1861, 0x71C5, 0xA389, 0xB42B, 0xAC0B,
    0xB40B, 0xB40B, 0xB42B, 0xB42B, 0xB42B, 0xB42B, 0xB42B, 0xB42B,
    0xB42B, 0xB42B, 0xB42B, 0xB42B, 0xB42B, 0xB42B, 0xB40B, 0xB40B,
    0xB40B, 0xB40B, 0xB40B, 0xB40A, 0xB42A, 0xB40A, 0xB40A, 0xB44B,
    0xB3C8, 0x9C2E, 0xBD90, 0xBD0E, 0xB4EE, 0xB50F, 0xB50F, 0xB52F,
    0xB52F, 0xB52F, 0xB54F, 0xBD4F, 0xBD4F, 0xBD6F, 0xBD6F, 0xBD6F,
    0xBD8F, 0xBD90, 0xC5B1, 0xCDB1, 0xC570, 0xBD4F, 0xB54F, 0xBD8F,
    0xC5B0, 0xCDF1, 0xCE11, 0xCDF0, 0xCD8E, 0xC50C, 0xBCCB, 0xAC08,
    0x9B86, 0xA409, 0xB304, 0xA8E1, 0xB9C2, 0xC281, 0xC281, 0xB961,
    0xB101, 0x9201, 0x30C0, 0x3901, 0x5962, 0x5142, 0x5142, 0x5142,
    0x5142, 0x4922, 0x5142, 0x5122, 0x5122, 0x4922, 0x4901, 0x48E1,
    0x4922, 0x4902, 0x4922, 0x4902, 0x4902, 0x4902, 0x4902, 0x4902,
    0x4902, 0x4902, 0x4902, 0x4902, 0x48E2, 0x40C1, 0x40A1, 0x38A1,
    0x40A1, 0x40A1, 0x40A2, 0x40C2, 0x40C2, 0x40E2, 0x48E3, 0x4902,
    0x4902, 0x4922, 0x5102, 0x5102, 0x50E2, 0x50E2, 0x50E2, 0x50E2,
    0x5102, 0x50E2, 0x5102, 0x6A02, 0xA2C3, 0xA142, 0x70C2, 0x59A8,
    0x7BEE, 0xBD4E, 0xCCEE, 0xC4EE, 0xC50E, 0xC50F, 0xC50F, 0xC52F,
    0x38C2, 0x38C2, 0x30C2, 0x3082, 0x30A2, 0x30A1, 0x30A1, 0x30A1,
    0x2881, 0x2881, 0x2881, 0x2881, 0x2881, 0x2881, 0x2881, 0x2881,
    0x2881, 0x2081, 0x2081, 0x2081, 0x2081, 0x38C1, 0x28C2, 0x0820,
    0x1820, 0x18A0, 0x10C3, 0x1022, 0x1020, 0x1020, 0x1020, 0x1020,
    0x0800, 0x2081, 0x72EA, 0x6AA9, 0x51C6, 0x51C6, 0x5A47, 0x3924,
    0x1840, 0x1841, 0x30E2, 0x5A27, 0x4143, 0x72CA, 0x4165, 0x1000,
    0x1840, 0x28A1, 0x30C2, 0x30E2, 0x30E3, 0x30E3, 0x30E2, 0x30E2,
    0x30E2, 0x38E2, 0x3902, 0x4123, 0x4923, 0x4963, 0x4144, 0x4103,
    0x5143, 0x5983, 0x6227, 0x61C7, 0x59C5, 0x51C6, 0x4965, 0x4144,
    0x4123, 0x4123, 0x3923, 0x3903, 0x4123, 0x6163, 0x61A4, 0x69C4,
    0x6A67, 0x61A5, 0x5984, 0x4143, 0x4123, 0x28A2, 0x4902, 0x71C5,
    0x69A5, 0x79C5, 0xABC9, 0xA3AA, 0xB40A, 0x4A06, 0x1841, 0x4123,
    0x71C5, 0xA3A9, 0xB40B, 0xA367, 0x2860, 0x1041, 0x39A6, 0x8AA8,
    0x8225, 0x6122, 0x50E1, 0x30C2, 0x79E6, 0x92C7, 0xB42B, 0xAC0B,
    0xB40B, 0xB40B, 0xB42B, 0xB42B, 0xB42B, 0xB44B, 0xB42B, 0xB42B,
    0xB42B, 0xB42B, 0xB42B, 0xB42B, 0xB42B, 0xB42B, 0xB42B, 0xB42B,
    0xB40B, 0xB40B, 0xB40B, 0xB40B, 0xB40A, 0xB42B, 0xBC6B, 0xAB67,
    0x8BCD, 0xBDB1, 0xBD0E, 0xB50F, 0xB50F, 0xB50F, 0xB52F, 0xB52F,
    0xB52F, 0xB54F, 0xBD4F, 0xBD4F, 0xBD6F, 0xBD6F, 0xBD90, 0xBD90,
    0xC590, 0xC570, 0xBD50, 0xBD6F, 0xBD8F, 0xC5B0, 0xCDD1, 0xCE11,
    0xD610, 0xD56D, 0xBC8A, 0xABE7, 0xA3C7, 0xA407, 0xAC68, 0xB4A9,
    0xC509, 0xCB65, 0xB0A0, 0xCC82, 0xE622, 0xEE22, 0xEE22, 0xEDC2,
    0xC3A2, 0xB1A1, 0xB0A1, 0x4040, 0x3921, 0x5962, 0x5142, 0x5142,
    0x5142, 0x4922, 0x5122, 0x5122, 0x5122, 0x4922, 0x4921, 0x48C1,
    0x4902, 0x4922, 0x4902, 0x4902, 0x4902, 0x4102, 0x40E2, 0x4102,
    0x40E2, 0x40E2, 0x40E1, 0x40E1, 0x40E2, 0x40C1, 0x38A1, 0x3881,
    0x3881, 0x3881, 0x4081, 0x40A1, 0x40A1, 0x40C1, 0x40C2, 0x4902,
    0x5122, 0x50E2, 0x48E2, 0x50E2, 0x50E2, 0x50E2, 0x48E2, 0x48C2,
    0x48E2, 0x50E2, 0x50C1, 0x50C3, 0x58E5, 0x698A, 0x840F, 0xAD2F,
    0xCD2E, 0xC4CE, 0xC4EE, 0xC4EE, 0xC50F, 0xC50E, 0xC50E, 0xC50E,
    0x38A2, 0x38A2, 0x30C2, 0x30A2, 0x30A2, 0x3082, 0x30A1, 0x30A2,
    0x2881, 0x2881, 0x2881, 0x2881, 0x2881, 0x2881, 0x2881, 0x2881,
    0x2081, 0x2081, 0x2081, 0x2081, 0x2881, 0x40E2, 0x1061, 0x1020,
    0x2020, 0x28C0, 0x18A1, 0x1020, 0x1020, 0x1020, 0x1020, 0x1020,
    0x1020, 0x1020, 0x1840, 0x5A27, 0x4985, 0x2061, 0x28C2, 0x2081,
    0x2081, 0x1881, 0x1860, 0x4185, 0x5207, 0x1861, 0x6288, 0x5A47,
    0x1840, 0x2081, 0x2082, 0x2881, 0x30A2, 0x30C2, 0x30E2, 0x30E2,
    0x30E3, 0x30E2, 0x30E2, 0x38E2, 0x40E2, 0x4942, 0x4123, 0x4123,
    0x3903, 0x4101, 0x72E4, 0x6A46, 0x79C4, 0xAB68, 0xA38B, 0x8B2A,
    0x7A68, 0x69C5, 0x61A4, 0x59A4, 0x5184, 0x4964, 0x61C4, 0x69A4,
    0x69A4, 0x6A88, 0x5985, 0x6184, 0x4144, 0x3102, 0x2082, 0x6143,
    0x71C5, 0x6165, 0x92C7, 0xABEA, 0xABCA, 0x8B69, 0x1882, 0x51C5,
    0x7A26, 0xB40B, 0xAB88, 0x3080, 0x1041, 0x30E2, 0x8B08, 0xA3EC,
    0x6983, 0x1861, 0x2020, 0x5902, 0x71E6, 0x8206, 0xABA9, 0xB44B,
    0xB44C, 0xB42B, 0xB42B, 0xB42B, 0xB42B, 0xB42B, 0xB42B, 0xB42B,
    0xB42B, 0xB42B, 0xB42B, 0xB42B, 0xB42B, 0xB42B, 0xB42B, 0xB42B,
    0xB44B, 0xB42B, 0xAC2B, 0xB44B, 0xBC6B, 0xBBE8, 0x9285, 0x83CE,
    0xBDB1, 0xBD0E, 0xB50F, 0xB50F, 0xB50F, 0xB52F, 0xB52F, 0xB54F,
    0xB54F, 0xBD4F, 0xBD4F, 0xBD4F, 0xBD90, 0xC590, 0xC570, 0xBD50,
    0xBD4F, 0xBD8F, 0xBD8F, 0xC5B0, 0xCDF1, 0xCDF0, 0xCD6D, 0xC488,
    0xA363, 0x72C3, 0x9428, 0xBCE9, 0xC529, 0xCD29, 0xCD09, 0xCCE8,
    0xC4EA, 0xBA23, 0xB261, 0xEE62, 0xF562, 0xEDA2, 0xEDA2, 0xF5C2,
    0xEDC2, 0xD542, 0xBBE2, 0xA920, 0x3820, 0x3942, 0x5962, 0x5142,
    0x5142, 0x4942, 0x5122, 0x5122, 0x5122, 0x4922, 0x4922, 0x48A1,
    0x4902, 0x4922, 0x4902, 0x4902, 0x4902, 0x40E2, 0x40E2, 0x4102,
    0x40E2, 0x40E2, 0x40E2, 0x40E1, 0x40E1, 0x40C1, 0x38A1, 0x3881,
    0x3881, 0x3881, 0x3881, 0x3881, 0x3881, 0x4081, 0x40A1, 0x4081,
    0x40C2, 0x48C2, 0x48E2, 0x48E2, 0x48C2, 0x48C2, 0x48C2, 0x48C2,
    0x48C2, 0x48C2, 0x48C2, 0x50E3, 0x5926, 0x52CC, 0x9E93, 0xFEEF,
    0xDD6E, 0xCD0E, 0xC4EE, 0xC4EE, 0xC4EF, 0xC50F, 0xC50F, 0xC50E,
    0x38A1, 0x38A1, 0x38C2, 0x30C2, 0x30A2, 0x30A1, 0x30A2, 0x2882,
    0x30A1, 0x28A2, 0x2882, 0x2881, 0x2881, 0x2881, 0x2881, 0x2881,
    0x2882, 0x2881, 0x2081, 0x2081, 0x38C1, 0x28C2, 0x0820, 0x1820,
    0x1820, 0x1820, 0x1020, 0x1020, 0x1020, 0x1020, 0x1020, 0x1020,
    0x1000, 0x1840, 0x1841, 0x1820, 0x5A27, 0x4185, 0x1000, 0x2061,
    0x2061, 0x2081, 0x2081, 0x2040, 0x5A06, 0x5227, 0x1840, 0x5207,
    0x72EA, 0x3923, 0x2082, 0x28C2, 0x2082, 0x2081, 0x28A1, 0x30A2,
    0x30C2, 0x30E2, 0x3902, 0x38E3, 0x38E2, 0x38E2, 0x3902, 0x3902,
    0x38E2, 0x40C1, 0x71C2, 0x4142, 0x4102, 0x6942, 0x9244, 0xAB68,
    0x9B8A, 0x6A68, 0x5144, 0x6163, 0x6184, 0x69A4, 0x69A4, 0x61A4,
    0x6184, 0x71E4, 0x6A89, 0x5985, 0x5164, 0x4143, 0x28E2, 0x2881,
    0x71A4, 0x69A5, 0x79C5, 0xABC9, 0xA3A9, 0xB3EA, 0x3984, 0x7287,
    0xA3AB, 0xB3C8, 0x38C1, 0x1041, 0x3902, 0x7205, 0x8225, 0x9AE6,
    0x5143, 0x1881, 0x4A47, 0x58C2, 0x9308, 0x8AC8, 0x9B28, 0xB44B,
    0xB46B, 0xB42B, 0xB42B, 0xB42B, 0xB42B, 0xB42B, 0xB42B, 0xB42B,
    0xB42B, 0xB42B, 0xB42B, 0xB42B, 0xB46D, 0xB42B, 0xB42B, 0xAC0B,
    0xB44C, 0xBC8C, 0xBC6B, 0xB3A8, 0x8AC5, 0x5963, 0x638E, 0xC5F1,
    0xBD0E, 0xAD0F, 0xB50F, 0xB50F, 0xB52F, 0xB52F, 0xB54F, 0xBD4F,
    0xBD4F, 0xBD6F, 0xBD4F, 0xC591, 0xC50E, 0xB50F, 0xB54F, 0xBD8F,
    0xC5B0, 0xC5B0, 0xCDF1, 0xCDCF, 0xC50B, 0xAC29, 0xA3C3, 0x7B60,
    0x6BE4, 0x94C9, 0xCD49, 0xCD29, 0xCD09, 0xC509, 0xC509, 0xC4E8,
    0xCD29, 0xB161, 0xC402, 0xFE62, 0xBA21, 0xBC24, 0xF5E2, 0xEE02,
    0xE481, 0xAA61, 0xEE82, 0xD522, 0xA9E1, 0x3000, 0x3942, 0x5962,
    0x4942, 0x5142, 0x5142, 0x5122, 0x4922, 0x4922, 0x4922, 0x4901,
    0x4902, 0x4902, 0x4902, 0x4901, 0x4901, 0x4902, 0x4102, 0x4102,
    0x40E2, 0x40E2, 0x40E2, 0x40E2, 0x40E2, 0x40C1, 0x38A1, 0x38A1,
    0x3881, 0x3881, 0x3881, 0x3881, 0x3881, 0x3881, 0x3881, 0x38A2,
    0x40A1, 0x40A1, 0x40C2, 0x40E2, 0x48E2, 0x48C2, 0x40A2, 0x40C2,
    0x4902, 0x48C2, 0x40A2, 0x48C2, 0x5103, 0x5983, 0x6AA6, 0xD62F,
    0xFDEE, 0xDCEE, 0xC4EE, 0xC4EE, 0xC510, 0xC50F, 0xC52F, 0xC52E,
    0x40E2, 0x4185, 0x3906, 0x30A2, 0x30A1, 0x30A2, 0x30A1, 0x30A2,
    0x30A2, 0x28A2, 0x2881, 0x2881, 0x2881, 0x2881, 0x2881, 0x28A1,
    0x2881, 0x2081, 0x2081, 0x2881, 0x38E2, 0x1061, 0x1020, 0x1020,
    0x1020, 0x1040, 0x1041, 0x1020, 0x1020, 0x1040, 0x1020, 0x1020,
    0x2081, 0x28A2, 0x1820, 0x1820, 0x1820, 0x5A47, 0x49A5, 0x1000,
    0x1841, 0x2060, 0x2081, 0x2081, 0x1840, 0x5A27, 0x51C6, 0x1840,
    0x49A5, 0x7B2B, 0x49A5, 0x2881, 0x30E3, 0x28C2, 0x20A2, 0x2082,
    0x2081, 0x2881, 0x28A2, 0x30C2, 0x38E2, 0x3902, 0x38E2, 0x3903,
    0x30C2, 0x30A1, 0x40E3, 0x3903, 0x3103, 0x30E2, 0x38E2, 0x5922,
    0x8224, 0x9B07, 0x8309, 0x6207, 0x5164, 0x5163, 0x5184, 0x5964,
    0x6184, 0x6184, 0x7205, 0x6A69, 0x5144, 0x5164, 0x4143, 0x20C2,
    0x4902, 0x71C5, 0x6165, 0x9B07, 0xABCA, 0xB3CA, 0x72E8, 0xA3EA,
    0xB3A7, 0x40C1, 0x1041, 0x30C1, 0x4102, 0x8225, 0x81E4, 0x5922,
    0x38E2, 0x1861, 0xA3EA, 0x7226, 0x92C7, 0xB46C, 0xABEB, 0xB42B,
    0xB42B, 0xB42B, 0xB44B, 0xB44B, 0xB44B, 0xB44B, 0xB44B, 0xB44B,
    0xB44B, 0xB44B, 0xB42B, 0xB42B, 0xB46C, 0xB46C, 0xBC8C, 0xBC6B,
    0xB3E9, 0x9B06, 0x7A65, 0x6A85, 0x7A85, 0x840F, 0xCE11, 0xBD0E,
    0xB50F, 0xB52F, 0xB52F, 0xB52F, 0xB52F, 0xB54F, 0xBD4F, 0xBD4F,
    0xBD6F, 0xBD4F, 0xBDB1, 0xC52F, 0xBCF8, 0xC571, 0xC5AF, 0xC5B0,
    0xC5F1, 0xCDAE, 0xBCAA, 0xA407, 0xA448, 0xBCC7, 0x9C63, 0x8CC8,
    0xBD49, 0xD529, 0xCD29, 0xCD29, 0xCD29, 0xCD29, 0xC52A, 0xCD05,
    0xB361, 0xB101, 0xD5A3, 0xF622, 0xC362, 0xAC08, 0xDD03, 0xEDE2,
    0xF5A2, 0xAA21, 0xD542, 0xF5E2, 0xEDE2, 0xBAE1, 0x2800, 0x4122,
    0x5962, 0x4942, 0x5142, 0x5142, 0x5122, 0x4922, 0x4922, 0x5142,
    0x5102, 0x4902, 0x4902, 0x4901, 0x4101, 0x4102, 0x40E2, 0x4101,
    0x40E1, 0x40E2, 0x40E2, 0x40E2, 0x40E2, 0x38C1, 0x38A1, 0x38A1,
    0x3081, 0x3081, 0x3081, 0x3081, 0x3881, 0x3881, 0x3881, 0x3882,
    0x38E2, 0x40C1, 0x38A1, 0x38A1, 0x40A2, 0x40A2, 0x40C1, 0x40A2,
    0x40C2, 0x40E2, 0x48C2, 0x40A2, 0x48C3, 0x5124, 0x5941, 0x69E6,
    0xBD0F, 0xD50E, 0xC4EE, 0xC4EE, 0xC50F, 0xC50E, 0xC50F, 0xC52F,
    0x7347, 0x4267, 0x38C3, 0x30A1, 0x30A2, 0x30A1, 0x30A1, 0x30A1,
    0x2881, 0x2881, 0x2881, 0x2881, 0x2881, 0x2881, 0x2881, 0x2881,
    0x2081, 0x2081, 0x2081, 0x38C2, 0x28C2, 0x0800, 0x1820, 0x1020,
    0x1820, 0x1840, 0x1040, 0x1040, 0x1020, 0x1020, 0x1020, 0x1841,
    0x6A88, 0x5206, 0x51E6, 0x2081, 0x1020, 0x1820, 0x6268, 0x3944,
    0x1020, 0x1840, 0x1840, 0x2081, 0x2081, 0x1861, 0x5A68, 0x4984,
    0x2060, 0x3903, 0x7B0A, 0x6227, 0x2881, 0x30C3, 0x30C3, 0x30C2,
    0x28C2, 0x20A2, 0x28A2, 0x28C2, 0x28A2, 0x28A2, 0x30C2, 0x3903,
    0x28A2, 0x30E2, 0x3903, 0x4923, 0x4963, 0x4943, 0x4943, 0x4123,
    0x4123, 0x4902, 0x71C3, 0x8A86, 0x7A66, 0x61A4, 0x61C4, 0x5164,
    0x5164, 0x5984, 0x5983, 0x7A86, 0x5A28, 0x5143, 0x5164, 0x4143,
    0x28E2, 0x6984, 0x69A5, 0x79E5, 0xABEA, 0xA3AA, 0xB40B, 0x9B46,
    0x3880, 0x3041, 0x2081, 0x30A1, 0x38E2, 0x6183, 0x48C1, 0x60E2,
    0x30A1, 0x3903, 0x9B28, 0xABEB, 0x9329, 0xB44B, 0xB42B, 0xB42B,
    0xB44B, 0xB44B, 0xB44B, 0xB44B, 0xB44B, 0xB44B, 0xB44B, 0xB44B,
    0xB44C, 0xB46C, 0xBC8C, 0xBCAC, 0xC46B, 0xB3E9, 0x9B06, 0x7A45,
    0x6245, 0x72C6, 0x93A8, 0xB386, 0x938D, 0xC5F2, 0xC52E, 0xB50F,
    0xB52F, 0xB52F, 0xB52F, 0xB52F, 0xB54F, 0xBD4F, 0xBD4F, 0xBD4F,
    0xBD70, 0xC5B1, 0xCD6F, 0xAD0E, 0xCE17, 0xCEFB, 0xC5F0, 0xCDCF,
    0xBC89, 0xA3A7, 0xA428, 0xBD09, 0xD549, 0xBCC7, 0xA4E9, 0xCD49,
    0xD529, 0xCD29, 0xCD29, 0xCD29, 0xCD29, 0xCD29, 0xCD48, 0xC442,
    0xA0E1, 0xBAA1, 0xD4A2, 0xEE02, 0xE523, 0xC489, 0xC466, 0xE542,
    0xF602, 0xD401, 0xBC82, 0xF5E2, 0xED82, 0xFE22, 0xCBA1, 0x28A0,
    0x4142, 0x59A2, 0x5141, 0x5142, 0x5142, 0x4922, 0x4922, 0x5122,
    0x5902, 0x4902, 0x4922, 0x4901, 0x4101, 0x4102, 0x4102, 0x4101,
    0x4101, 0x4102, 0x40E2, 0x40E2, 0x40E1, 0x40C2, 0x38C1, 0x38A1,
    0x3081, 0x3081, 0x3081, 0x3081, 0x3081, 0x3081, 0x3081, 0x3082,
    0x30E2, 0x4121, 0x48C1, 0x38A1, 0x3881, 0x38A1, 0x3882, 0x38A1,
    0x38A2, 0x38C2, 0x40C2, 0x40A1, 0x4082, 0x48E3, 0x51A3, 0x6961,
    0x7228, 0xB50F, 0xCCEE, 0xC4EE, 0xC4EE, 0xC4EE, 0xC50E, 0xC50E,
    0x59E4, 0x38C2, 0x38C1, 0x30A2, 0x30A2, 0x30A1, 0x30A2, 0x3082,
    0x28A1, 0x28A2, 0x2881, 0x2881, 0x2881, 0x2881, 0x2881, 0x2881,
    0x2081, 0x2081, 0x2881, 0x38E2, 0x1041, 0x1020, 0x1020, 0x1020,
    0x1040, 0x1040, 0x1040, 0x1020, 0x1020, 0x1020, 0x1040, 0x1020,
    0x4185, 0x49A5, 0x3103, 0x6268, 0x3903, 0x1000, 0x2061, 0x6288,
    0x28A2, 0x1840, 0x1861, 0x1841, 0x2081, 0x2081, 0x20A1, 0x6268,
    0x3923, 0x2081, 0x28C2, 0x6AA9, 0x6AA9, 0x28A2, 0x28C2, 0x30C3,
    0x30E2, 0x30E3, 0x30E2, 0x38E2, 0x4123, 0x3923, 0x28E3, 0x28A2,
    0x2061, 0x38C2, 0x3902, 0x38E2, 0x4902, 0x6163, 0x5984, 0x5185,
    0x4964, 0x4923, 0x4123, 0x4122, 0x5963, 0x69A4, 0x69A4, 0x61A4,
    0x61C5, 0x5985, 0x59A4, 0x69A3, 0x72A7, 0x59C6, 0x5163, 0x5164,
    0x3923, 0x4102, 0x71C5, 0x6165, 0x9B68, 0xBC6C, 0x92C4, 0x2840,
    0x3061, 0x3881, 0x1861, 0x30A1, 0x30E2, 0x5183, 0x38C1, 0x70E2,
    0x58E2, 0x6185, 0x9308, 0xB44B, 0xB44B, 0xB42B, 0xB42B, 0xB44B,
    0xB44B, 0xB44B, 0xB44B, 0xB44B, 0xB44B, 0xB46C, 0xBC8C, 0xBCAC,
    0xC4AC, 0xBC4A, 0xAB87, 0x8AC6, 0x7224, 0x6225, 0x6AA6, 0x8B67,
    0xAC08, 0xC428, 0xC3E6, 0x8AEA, 0xADB3, 0xCD6F, 0xB50F, 0xB52F,
    0xB52F, 0xB52F, 0xB54F, 0xBD4F, 0xBD4F, 0xBD4F, 0xBD4E, 0xBD90,
    0xCD90, 0xBD0E, 0xBD8F, 0xC5B0, 0xC5B0, 0xD7D3, 0xC5AA, 0xA3A7,
    0xA428, 0xBD09, 0xCD49, 0xCD29, 0xCD29, 0xC549, 0xD549, 0xCD49,
    0xCD49, 0xCD49, 0xCD49, 0xCD49, 0xCD49, 0xCD4A, 0xCD25, 0xB1A0,
    0xB222, 0xDD01, 0x9020, 0xD562, 0xF544, 0xCCA9, 0xC4C8, 0xCCA3,
    0xEDE2, 0xF5E2, 0xD4E2, 0xEDE2, 0xF5E2, 0xED82, 0xFE62, 0xBAA0,
    0x2021, 0x51E3, 0x5961, 0x5142, 0x5142, 0x5142, 0x4922, 0x5142,
    0x5922, 0x4901, 0x4921, 0x4921, 0x4101, 0x4102, 0x4101, 0x4102,
    0x4102, 0x40E2, 0x40E1, 0x40E1, 0x40E2, 0x38C2, 0x38C1, 0x38A1,
    0x3881, 0x3081, 0x3081, 0x3081, 0x3081, 0x3081, 0x3081, 0x3081,
    0x3081, 0x30A1, 0x40A1, 0x3881, 0x3881, 0x38A2, 0x38A2, 0x38A1,
    0x38A1, 0x38A2, 0x38C2, 0x40A2, 0x50A2, 0x50A2, 0x48A1, 0x5942,
    0x68E1, 0x7249, 0xBD2F, 0xC4EE, 0xC4EE, 0xC4EE, 0xC50E, 0xC50E,
    0x38A1, 0x38C2, 0x38C2, 0x38A2, 0x30A2, 0x3082, 0x3081, 0x30A2,
    0x30A1, 0x2882, 0x2881, 0x2881, 0x2881, 0x2881, 0x2881, 0x2881,
    0x2882, 0x2081, 0x38C1, 0x28C2, 0x0820, 0x1820, 0x1020, 0x1020,
    0x1020, 0x1020, 0x1020, 0x1020, 0x1020, 0x1040, 0x1020, 0x1840,
    0x1840, 0x49A5, 0x51E6, 0x28A2, 0x6268, 0x4164, 0x1020, 0x3945,
    0x5A27, 0x1820, 0x2061, 0x2081, 0x2081, 0x20A1, 0x2061, 0x28E2,
    0x6288, 0x28E2, 0x28A1, 0x28A1, 0x6247, 0x7B0A, 0x30E2, 0x28C2,
    0x30C2, 0x30C2, 0x30E3, 0x30C2, 0x30C2, 0x40E2, 0x5943, 0x4143,
    0x28E2, 0x28E3, 0x28A2, 0x30A1, 0x38C2, 0x40E2, 0x5103, 0x8A86,
    0x8B8B, 0x49C7, 0x5123, 0x5163, 0x3923, 0x4103, 0x5143, 0x6184,
    0x6A05, 0x61E5, 0x6185, 0x5964, 0x61A4, 0x7289, 0x5164, 0x5164,
    0x5164, 0x3903, 0x6984, 0x6985, 0x92C7, 0x8AE6, 0x1000, 0x3062,
    0x3881, 0x3881, 0x1861, 0x28A1, 0x38E2, 0x4922, 0x30A1, 0x70C2,
    0x6123, 0x71C5, 0x9B69, 0xB44B, 0xB42B, 0xB42B, 0xB42B, 0xB42B,
    0xB44B, 0xB46C, 0xBC8C, 0xBCAC, 0xBC8B, 0xBC4A, 0xB3E8, 0x9B26,
    0x7A44, 0x61A3, 0x6245, 0x7327, 0x93A8, 0xB428, 0xC448, 0xC408,
    0xBC08, 0xBC48, 0x9AE7, 0x9CF1, 0xCDB0, 0xB52F, 0xB52F, 0xB52F,
    0xB54F, 0xBD4F, 0xBD4F, 0xBD4F, 0xBD6F, 0xBD4F, 0xBD90, 0xCDB0,
    0xB4CE, 0xB590, 0xC58F, 0xC5B1, 0xD5EF, 0x9B64, 0xB668, 0xC549,
    0xCD49, 0xCD29, 0xCD29, 0xCD49, 0xCD49, 0xCD49, 0xCD49, 0xCD49,
    0xCD49, 0xCD49, 0xCD69, 0xCD49, 0xCD4A, 0xD568, 0xBC21, 0xA0C1,
    0xCCC2, 0xFE62, 0xA920, 0xA2A1, 0xED46, 0xC4C9, 0xC4E9, 0xC4A4,
    0xE521, 0xE4C2, 0xEE02, 0xE421, 0xB2C1, 0xEE02, 0xF602, 0xCA20,
    0x8222, 0x41A2, 0x4921, 0x5962, 0x5142, 0x5142, 0x4922, 0x5962,
    0x5922, 0x4922, 0x4901, 0x4901, 0x4921, 0x4102, 0x4101, 0x4102,
    0x4101, 0x4102, 0x40E2, 0x40E1, 0x40E1, 0x38E2, 0x38E2, 0x38C1,
    0x38A1, 0x3081, 0x3081, 0x3081, 0x3081, 0x3081, 0x3081, 0x3081,
    0x30A1, 0x3081, 0x3081, 0x3081, 0x3081, 0x30C2, 0x4102, 0x3881,
    0x30A1, 0x3881, 0x3081, 0x3902, 0x50C3, 0x68A4, 0x58A3, 0x48A2,
    0x50E1, 0x58A1, 0x6A89, 0xBD2F, 0xC4EE, 0xC4EE, 0xC50E, 0xC50E,
    0x40E2, 0x38C2, 0x38A2, 0x38A2, 0x30A2, 0x3081, 0x30A1, 0x30A1,
    0x30A1, 0x28A1, 0x2881, 0x2881, 0x2881, 0x2881, 0x28A1, 0x28E2,
    0x20A2, 0x2881, 0x40E2, 0x1041, 0x1020, 0x1820, 0x1020, 0x1020,
    0x1020, 0x1020, 0x1020, 0x1020, 0x1020, 0x1020, 0x1020, 0x1820,
    0x2040, 0x1820, 0x4144, 0x5A47, 0x3103, 0x6A68, 0x3924, 0x28A2,
    0x6288, 0x2082, 0x1861, 0x2061, 0x2081, 0x2081, 0x20A1, 0x1861,
    0x3103, 0x6288, 0x20A1, 0x2081, 0x2881, 0x51E6, 0x7B4B, 0x3923,
    0x28A1, 0x30C2, 0x30C2, 0x30C2, 0x30E3, 0x28C2, 0x28A2, 0x2081,
    0x48E2, 0x6984, 0x5185, 0x3944, 0x28C3, 0x28A2, 0x30A2, 0x50E2,
    0x9A65, 0xA3AA, 0x5A28, 0x4904, 0x5144, 0x4944, 0x3903, 0x4103,
    0x6163, 0x61A4, 0x61E5, 0x5985, 0x5144, 0x7207, 0x5A08, 0x5944,
    0x5164, 0x4123, 0x5143, 0x71A5, 0x8246, 0x4142, 0x1841, 0x3081,
    0x3861, 0x3881, 0x3061, 0x2081, 0x2881, 0x1861, 0x30A1, 0x68C2,
    0x6964, 0x79E5, 0xA3CA, 0xB44B, 0xB42B, 0xB42B, 0xB46C, 0xBCAC,
    0xC48B, 0xBC09, 0xA367, 0x8AC5, 0x8285, 0x7244, 0x69E4, 0x6A04,
    0x82A6, 0xA3A8, 0xBC28, 0xCC28, 0xC408, 0xBC08, 0xBC28, 0xBC27,
    0xBC07, 0xB304, 0x83AE, 0xCDF1, 0xBD2F, 0xB570, 0xBD4F, 0xBD4F,
    0xBD4F, 0xBD4F, 0xBD4F, 0xBD6F, 0xBD6F, 0xBD90, 0xCDB0, 0xB4EE,
    0xB590, 0xC58F, 0xC5D0, 0xCD8D, 0xB3A7, 0x7B47, 0xEE2A, 0xF569,
    0xC509, 0xCD49, 0xCD49, 0xCD49, 0xCD49, 0xCD6A, 0xCD69, 0xCD69,
    0xCD69, 0xCD8A, 0xCD28, 0xC407, 0xCD4A, 0xCD03, 0x9360, 0xA941,
    0xDD82, 0xF603, 0xE4A1, 0x90C1, 0xC4C8, 0xCD29, 0xC4E9, 0xCD24,
    0xD340, 0x9081, 0xDE02, 0xECC1, 0x90C0, 0xD5A2, 0xF623, 0xDC41,
    0xA1E4, 0xBCA2, 0x3040, 0x4962, 0x5962, 0x5142, 0x4942, 0x6182,
    0x5921, 0x4922, 0x4922, 0x4922, 0x4901, 0x4101, 0x4102, 0x4102,
    0x4102, 0x4102, 0x4102, 0x40E1, 0x40E2, 0x38E2, 0x40E2, 0x38E2,
    0x38C1, 0x38A1, 0x3081, 0x3881, 0x3881, 0x3081, 0x3081, 0x30A1,
    0x3081, 0x3081, 0x3081, 0x3081, 0x3082, 0x3082, 0x3882, 0x38A2,
    0x3881, 0x3922, 0x5141, 0x38A2, 0x38A2, 0x4082, 0x4886, 0x5187,
    0x58C2, 0x50E2, 0x5081, 0x6AAA, 0xBD2F, 0xC4EE, 0xC50F, 0xC52E,
    0x40E2, 0x38E2, 0x38C2, 0x30A2, 0x30A2, 0x30A1, 0x30A2, 0x3082,
    0x30A1, 0x30A1, 0x2881, 0x2882, 0x2881, 0x3081, 0x38E1, 0x28E2,
    0x20A2, 0x38E2, 0x28E4, 0x0821, 0x1820, 0x1020, 0x1020, 0x1020,
    0x1020, 0x1020, 0x1020, 0x1020, 0x1020, 0x1020, 0x1000, 0x2881,
    0x30E2, 0x1820, 0x1820, 0x30C2, 0x5206, 0x51E6, 0x6268, 0x49A5,
    0x5A06, 0x2081, 0x28A2, 0x2082, 0x1882, 0x1861, 0x2061, 0x2081,
    0x1860, 0x3923, 0x6288, 0x2081, 0x2081, 0x2081, 0x4984, 0x836B,
    0x4144, 0x28A1, 0x30E2, 0x30C2, 0x30C2, 0x30E2, 0x30C2, 0x2081,
    0x28A2, 0x28A2, 0x48C2, 0x6143, 0x61A4, 0x5185, 0x3945, 0x20C3,
    0x3082, 0x7142, 0x9AE7, 0x6227, 0x4924, 0x4944, 0x4944, 0x4145,
    0x3104, 0x38E3, 0x4943, 0x5164, 0x5185, 0x5167, 0x6268, 0x4986,
    0x4944, 0x4144, 0x38E3, 0x71A5, 0x69C5, 0x2881, 0x4061, 0x2881,
    0x2881, 0x4061, 0x3881, 0x1861, 0x1882, 0x4985, 0x2861, 0x68E2,
    0x69A4, 0x8226, 0xAC0B, 0xB44C, 0xBC8C, 0xC48B, 0xB3C8, 0x8AC5,
    0x6A03, 0x59C4, 0x61E5, 0x7245, 0x8265, 0x9285, 0xA306, 0xB3C8,
    0xC449, 0xC408, 0xBC08, 0xBC28, 0xBC07, 0xBBC6, 0xB365, 0xAAE5,
    0xAAA4, 0x8228, 0xAD92, 0xC56F, 0xB550, 0xBD6F, 0xBD6F, 0xBD6F,
    0xBD4F, 0xBD4F, 0xBD6F, 0xBD6F, 0xBD70, 0xCDB0, 0xBCEE, 0xB58F,
    0xC58F, 0xC5D1, 0xCD4B, 0x8AC5, 0x9449, 0xC549, 0xCD09, 0xD529,
    0xCD49, 0xCD4A, 0xCD6A, 0xCD69, 0xCD69, 0xCD69, 0xCD69, 0xD569,
    0xD58A, 0xD508, 0xC407, 0xBC48, 0xD526, 0xA480, 0x8301, 0xB1C2,
    0xE603, 0xEDA3, 0xF602, 0xCC24, 0xBCCA, 0xCD49, 0xC50A, 0xC4E5,
    0xE521, 0x9000, 0xB3A2, 0xFE82, 0xB180, 0xB402, 0xF622, 0xF623,
    0xB285, 0xCCA2, 0xBC41, 0x2020, 0x5162, 0x5162, 0x5182, 0x69A2,
    0x5122, 0x4942, 0x4922, 0x48E1, 0x4902, 0x4922, 0x4122, 0x4102,
    0x4101, 0x4102, 0x4102, 0x4102, 0x40E2, 0x40E2, 0x4102, 0x40E2,
    0x38E2, 0x38C1, 0x3081, 0x3081, 0x3883, 0x3082, 0x3061, 0x30A1,
    0x30A1, 0x3081, 0x30A1, 0x3081, 0x30A1, 0x3081, 0x3082, 0x30A2,
    0x3082, 0x30C2, 0x40C1, 0x3082, 0x3882, 0x38A1, 0x38A2, 0x40A5,
    0x40E6, 0x4985, 0x5182, 0x5081, 0x6A8A, 0xBD2F, 0xC4EE, 0xC50E,
    0x40C2, 0x38E2, 0x38E2, 0x38C2, 0x38A2, 0x3902, 0x30C2, 0x3082,
    0x30A1, 0x30A1, 0x28A1, 0x2881, 0x2881, 0x3081, 0x3081, 0x28A1,
    0x3901, 0x5286, 0x1127, 0x1001, 0x1040, 0x1020, 0x1841, 0x1042,
    0x1020, 0x1020, 0x1020, 0x1020, 0x1020, 0x1020, 0x1000, 0x28A1,
    0x836C, 0x5A07, 0x28A2, 0x1820, 0x1840, 0x4164, 0x834B, 0x8B8C,
    0x1820, 0x2061, 0x2881, 0x28A2, 0x28A2, 0x20C2, 0x20A2, 0x1881,
    0x2081, 0x1840, 0x3943, 0x6268, 0x20A1, 0x28C2, 0x2081, 0x4144,
    0x836B, 0x4984, 0x2881, 0x30E2, 0x30C2, 0x30A2, 0x2881, 0x2881,
    0x38E3, 0x30E3, 0x28C3, 0x28A2, 0x38A2, 0x5902, 0x6983, 0x69C5,
    0x4185, 0x20A3, 0x48A2, 0x79C4, 0x61E6, 0x4985, 0x4944, 0x5165,
    0x4965, 0x3945, 0x3104, 0x3103, 0x4164, 0x49E6, 0x51E5, 0x49E7,
    0x4104, 0x4944, 0x30E3, 0x6185, 0x5124, 0x2841, 0x4082, 0x3861,
    0x2881, 0x2081, 0x1861, 0x1861, 0x59A5, 0x8A67, 0x4924, 0x50A1,
    0x69A5, 0x8AA8, 0xC4CC, 0xBC09, 0x9B05, 0x69E3, 0x5184, 0x59E5,
    0x7A66, 0x92C6, 0xA2C6, 0xA2A5, 0xAB06, 0xB3C8, 0xBC49, 0xBC48,
    0xBC27, 0xBC07, 0xBBA6, 0xB325, 0xAAC5, 0xA285, 0xA2A6, 0xA2E6,
    0x9A45, 0x8C2F, 0xCDD1, 0xBD50, 0xBD70, 0xBD6F, 0xBD6F, 0xBD6F,
    0xBD6F, 0xBD6F, 0xBD6F, 0xBD70, 0xCDB0, 0xB4AD, 0xB58F, 0xCDAF,
    0xC5D1, 0xD56B, 0x8AC5, 0x9CCA, 0xD569, 0xCD29, 0xCD49, 0xCD49,
    0xCD4A, 0xCD8A, 0xCD28, 0xCCC9, 0xCD8A, 0xCD69, 0xD56A, 0xD58A,
    0xD528, 0xC427, 0xBC88, 0xCC87, 0xBC81, 0x84A0, 0x9281, 0xBA62,
    0xEE22, 0xEDA2, 0xEDC2, 0xE547, 0xCD4A, 0xCD49, 0xCD29, 0xC4C3,
    0xEE22, 0xC2C1, 0x88E1, 0xEE63, 0xDBC1, 0x99E1, 0xEE42, 0xEE07,
    0xECE3, 0x9141, 0xF6A3, 0xABA1, 0x2040, 0x4942, 0x61E3, 0x6982,
    0x5122, 0x5142, 0x4942, 0x5101, 0x4902, 0x4922, 0x4922, 0x4902,
    0x4102, 0x4102, 0x4102, 0x4102, 0x4102, 0x4102, 0x4102, 0x40E2,
    0x40E2, 0x40E2, 0x38A1, 0x3081, 0x3081, 0x3102, 0x3121, 0x28A1,
    0x30A1, 0x30A1, 0x30A1, 0x3081, 0x3081, 0x3081, 0x3082, 0x30A2,
    0x30A2, 0x3082, 0x3082, 0x30A2, 0x3882, 0x38A2, 0x3881, 0x3882,
    0x4104, 0x4225, 0x52E3, 0x5A42, 0x50C1, 0x6A8A, 0xBD4F, 0xC4EE,
    0x40C2, 0x40E2, 0x38E2, 0x38C2, 0x40E2, 0x38E2, 0x30A1, 0x30A1,
    0x30A2, 0x3081, 0x2881, 0x2881, 0x2881, 0x2881, 0x2881, 0x3081,
    0x8242, 0x5AC5, 0x08C4, 0x1821, 0x1020, 0x2080, 0x1902, 0x1062,
    0x1020, 0x1020, 0x1020, 0x1020, 0x1020, 0x1020, 0x1820, 0x1820,
    0x28C2, 0x72EA, 0x6268, 0x49A5, 0x30E2, 0x1000, 0x3103, 0x72EA,
    0x4144, 0x1820, 0x1840, 0x2061, 0x2081, 0x28C1, 0x3902, 0x3103,
    0x20C3, 0x20A2, 0x1840, 0x3944, 0x6AA9, 0x30E2, 0x28A2, 0x2881,
    0x3923, 0x834B, 0x49A5, 0x2881, 0x30E2, 0x28C2, 0x1861, 0x2881,
    0x30A2, 0x30A2, 0x38C2, 0x4103, 0x3903, 0x30C3, 0x28A2, 0x40C2,
    0x5922, 0x5184, 0x28E3, 0x30C2, 0x6184, 0x69E5, 0x51C6, 0x4965,
    0x5164, 0x5165, 0x4965, 0x3924, 0x3144, 0x39A3, 0x5143, 0x7268,
    0x41A7, 0x4985, 0x3145, 0x4903, 0x4103, 0x3041, 0x4082, 0x3882,
    0x3061, 0x30E3, 0x4124, 0x20A2, 0x8A06, 0x9B8A, 0x8B29, 0x50E2,
    0x7A05, 0x8A65, 0x8284, 0x59A3, 0x59C5, 0x7A66, 0x9AC6, 0xA2C6,
    0xA2C6, 0xA2C6, 0xAB87, 0xB408, 0xBC28, 0xC3E7, 0xBC07, 0xB345,
    0xB2E5, 0xAAC5, 0xA2A6, 0xA2C6, 0xA2E6, 0xA2E6, 0xA2E6, 0xAAA4,
    0x8B0B, 0xBDF3, 0xC56F, 0xBD70, 0xBD70, 0xBD70, 0xBD6F, 0xBD6F,
    0xBD6F, 0xBD8F, 0xBD6F, 0xC5D1, 0xBCCD, 0xAD6F, 0xCDAF, 0xC5D0,
    0xD58C, 0x9305, 0x9CA9, 0xD549, 0xC529, 0xCD49, 0xCD49, 0xCD4A,
    0xCD89, 0xCCE8, 0xC3C7, 0xC448, 0xD5AA, 0xD56A, 0xD58A, 0xD568,
    0xCC27, 0xC4A9, 0xC488, 0xC463, 0x8C60, 0x84A1, 0x99A1, 0xCBE2,
    0xEE02, 0xEDE2, 0xF5A4, 0xD50A, 0xCD6A, 0xCD6A, 0xC529, 0xD502,
    0xF602, 0xF5C2, 0xA140, 0xBC22, 0xFE42, 0xA160, 0xC4E4, 0xF607,
    0xF662, 0xC2E1, 0xB402, 0xFF03, 0x9A81, 0x3922, 0x7223, 0x6162,
    0x5142, 0x5142, 0x4922, 0x5142, 0x5122, 0x4922, 0x4922, 0x4902,
    0x4922, 0x4122, 0x4102, 0x4102, 0x4102, 0x4102, 0x4102, 0x4102,
    0x40E2, 0x4102, 0x40E1, 0x38A1, 0x3081, 0x3081, 0x3141, 0x4981,
    0x40C1, 0x28A1, 0x3082, 0x30A2, 0x3081, 0x30A1, 0x30A2, 0x30A2,
    0x30A2, 0x30A2, 0x30A2, 0x30A2, 0x38A1, 0x3882, 0x4142, 0x50E1,
    0x3881, 0x4122, 0x4242, 0x4B01, 0x5B01, 0x5141, 0x6A8A, 0xBD4F,
    0x40A2, 0x38C1, 0x38C1, 0x38C2, 0x38A2, 0x30A2, 0x30C2, 0x30A2,
    0x3082, 0x2881, 0x2881, 0x2881, 0x2881, 0x2881, 0x28A1, 0x48A2,
    0x79E2, 0x2901, 0x1840, 0x1840, 0x2020, 0x30C1, 0x18A1, 0x1020,
    0x1020, 0x1020, 0x1020, 0x1020, 0x1020, 0x1020, 0x1020, 0x2040,
    0x2040, 0x28A1, 0x6268, 0x51C5, 0x49A5, 0x51E6, 0x20A2, 0x1020,
    0x4185, 0x5A07, 0x28C2, 0x1020, 0x1841, 0x1861, 0x2061, 0x38C1,
    0x4122, 0x3923, 0x2903, 0x2081, 0x4144, 0x6A88, 0x30E2, 0x28A2,
    0x30E2, 0x30E3, 0x834B, 0x49A5, 0x28A1, 0x28C2, 0x2081, 0x30C2,
    0x28A2, 0x28A2, 0x2882, 0x30A2, 0x38C2, 0x40E2, 0x4102, 0x3903,
    0x30E3, 0x38E2, 0x30E2, 0x3123, 0x3923, 0x5944, 0x7205, 0x61E6,
    0x5185, 0x5185, 0x5185, 0x5185, 0x51E5, 0x4184, 0x28C3, 0x61A3,
    0x82A8, 0x69E7, 0x7B6A, 0x41A6, 0x2881, 0x4061, 0x4881, 0x40A2,
    0x2040, 0x5164, 0x6165, 0x51E6, 0x8AA8, 0xB42B, 0xABE9, 0x5102,
    0x5163, 0x51A4, 0x6A25, 0x92A6, 0xA2C5, 0xA2A5, 0xA2C5, 0xAB46,
    0xB386, 0xBBC8, 0xC3A6, 0xB305, 0xB2E5, 0xAAA5, 0xAAC5, 0xAB48,
    0xA307, 0xA306, 0xA306, 0xA2C5, 0xA2C5, 0xA2C6, 0xAB27, 0xAB68,
    0xA4F1, 0xD5F0, 0xBD50, 0xBD70, 0xBD70, 0xBD70, 0xBD6F, 0xBD6F,
    0xC58F, 0xBD6F, 0xC5D1, 0xC50D, 0xAD2F, 0xCDAF, 0xC5B0, 0xCDAD,
    0x9B66, 0xA4A9, 0xD549, 0xCD29, 0xCD49, 0xCD49, 0xCD6A, 0xD589,
    0xCC87, 0xC408, 0xBC47, 0xC4C9, 0xD5AA, 0xD58A, 0xD589, 0xCC48,
    0xC4A9, 0xC4C8, 0xC423, 0x8C60, 0x8461, 0x8460, 0xA161, 0xDD42,
    0xF5E3, 0xED42, 0xE548, 0xCD8C, 0xCD8B, 0xCD6B, 0xCD67, 0xB261,
    0xC3E2, 0xFE83, 0xE4E2, 0xA261, 0xEE63, 0xDBC2, 0xA308, 0xF683,
    0xEE03, 0xF5E3, 0xB382, 0xEE23, 0xC2A3, 0x6A03, 0x71E2, 0x6162,
    0x5162, 0x5142, 0x5142, 0x5121, 0x5122, 0x4922, 0x4922, 0x4922,
    0x4922, 0x4922, 0x4902, 0x4102, 0x4102, 0x4102, 0x4102, 0x4102,
    0x4102, 0x4102, 0x4102, 0x38C2, 0x30A1, 0x3081, 0x3081, 0x4101,
    0x60C1, 0x38A1, 0x30A1, 0x30A2, 0x30A2, 0x30A2, 0x30A1, 0x30A1,
    0x30A1, 0x30A2, 0x30A2, 0x30A2, 0x30A1, 0x30A1, 0x38C1, 0x40A2,
    0x38A2, 0x3881, 0x40A1, 0x41A1, 0x4AC1, 0x7341, 0x91C1, 0x7AA8,
    0x38C2, 0x38C1, 0x38C2, 0x38A2, 0x38A1, 0x38C2, 0x30A2, 0x3081,
    0x3081, 0x2881, 0x2881, 0x2881, 0x2881, 0x2881, 0x2881, 0x48C2,
    0x38C2, 0x1020, 0x1020, 0x1020, 0x2020, 0x2040, 0x1840, 0x1020,
    0x1020, 0x1020, 0x1020, 0x1020, 0x1020, 0x1020, 0x1020, 0x2040,
    0x2861, 0x2041, 0x28A1, 0x6248, 0x3944, 0x30C2, 0x5A07, 0x49C6,
    0x2081, 0x28C2, 0x5206, 0x49A5, 0x1881, 0x1861, 0x1862, 0x1861,
    0x2881, 0x38C2, 0x4922, 0x4144, 0x28E3, 0x3964, 0x62A9, 0x3103,
    0x2881, 0x28A2, 0x30E3, 0x834B, 0x4164, 0x1840, 0x28A2, 0x30C2,
    0x30C2, 0x30E2, 0x30C2, 0x28A2, 0x2882, 0x2881, 0x3081, 0x38C2,
    0x40E2, 0x4123, 0x3923, 0x4123, 0x3903, 0x3903, 0x5143, 0x71E5,
    0x6A06, 0x5185, 0x5184, 0x5185, 0x69C5, 0x4964, 0x3924, 0x30E3,
    0x69A4, 0x7207, 0x8226, 0x93CB, 0x2903, 0x4061, 0x4882, 0x3861,
    0x1041, 0x69C5, 0x79E6, 0x9B28, 0xB409, 0x9B26, 0x69E4, 0x4102,
    0x7A45, 0x9AA6, 0xA2A6, 0x9A65, 0x9A64, 0xA2C5, 0xAAC5, 0xAAC5,
    0xAAC8, 0xAB07, 0xA2A6, 0xA2C6, 0xA2E6, 0xA307, 0xA328, 0xB347,
    0xAAE5, 0xA2C5, 0xAAE6, 0xAB67, 0xB3C8, 0xB409, 0xC4A9, 0xBCED,
    0xC5B2, 0xC570, 0xC591, 0xBD6F, 0xC570, 0xBD6F, 0xC58F, 0xBD70,
    0xC58F, 0xC5B0, 0xD590, 0xACEE, 0xC5B0, 0xCDD0, 0xCD8D, 0xAC88,
    0xB4E9, 0xD529, 0xCD09, 0xCD29, 0xCD29, 0xCD8A, 0xD548, 0xCC47,
    0xBC28, 0xBCA8, 0xBC27, 0xCD4A, 0xD5AA, 0xD5A9, 0xCC68, 0xC4A9,
    0xC4E9, 0xC443, 0x9460, 0x8481, 0x8C61, 0x84C0, 0x9A41, 0xD3C2,
    0xF662, 0xD424, 0xC52B, 0xD5AB, 0xCD8C, 0xCD4A, 0xC443, 0xE583,
    0x9921, 0xBBA2, 0xFEA3, 0xD4A2, 0xCD22, 0xFE48, 0xB2E3, 0xD542,
    0xF623, 0xEE43, 0xEDC3, 0xAAC3, 0x69E3, 0x7223, 0x71A1, 0x38A1,
    0x5182, 0x5162, 0x5142, 0x5922, 0x5142, 0x4942, 0x4942, 0x4922,
    0x4922, 0x4922, 0x4922, 0x4122, 0x4102, 0x4102, 0x4102, 0x4102,
    0x4102, 0x4102, 0x4102, 0x4102, 0x38C1, 0x30A1, 0x30A1, 0x30A2,
    0x30A2, 0x38A2, 0x30A2, 0x30A1, 0x30A2, 0x30A2, 0x30A2, 0x30A2,
    0x30A2, 0x30A2, 0x38A1, 0x30A2, 0x30A2, 0x30A2, 0x38A2, 0x38A1,
    0x38A2, 0x38A2, 0x3882, 0x3881, 0x40E1, 0x7221, 0xE2E1, 0xE981,
    0x40E2, 0x3903, 0x38A3, 0x38A2, 0x38C2, 0x30A2, 0x30A1, 0x30A1,
    0x3081, 0x2881, 0x2881, 0x2881, 0x2881, 0x2881, 0x2881, 0x40E2,
    0x1861, 0x2020, 0x2040, 0x1840, 0x1020, 0x1020, 0x1020, 0x1020,
    0x1840, 0x1840, 0x1040, 0x1020, 0x1020, 0x1020, 0x1020, 0x1020,
    0x1820, 0x2040, 0x2041, 0x2061, 0x6268, 0x4164, 0x1000, 0x3103,
    0x51C6, 0x49A5, 0x28C2, 0x3944, 0x5A06, 0x3924, 0x2081, 0x2082,
    0x28A2, 0x2082, 0x2882, 0x38C1, 0x4922, 0x4102, 0x49A5, 0x6ACA,
    0x3944, 0x2081, 0x2081, 0x3923, 0x7B4B, 0x28C2, 0x28A2, 0x30C2,
    0x30C2, 0x30C2, 0x30C2, 0x38C2, 0x30E2, 0x30C2, 0x28A2, 0x2882,
    0x28A2, 0x30C2, 0x4983, 0x4144, 0x4144, 0x3924, 0x3103, 0x4103,
    0x69A4, 0x7226, 0x51A5, 0x5144, 0x5964, 0x4144, 0x4124, 0x3924,
    0x3103, 0x71E5, 0x7207, 0x9287, 0x3922, 0x4061, 0x48A2, 0x2040,
    0x3103, 0x8A06, 0x8A25, 0x8A65, 0x7224, 0x7205, 0x8A66, 0x51A4,
    0x9265, 0x9285, 0x92A6, 0x9AA6, 0x9AA6, 0x9AA5, 0x9AA7, 0xA309,
    0xAB27, 0xA2C6, 0xA2E6, 0xA2E6, 0xA2C5, 0xA306, 0xAC09, 0xAB67,
    0xAB47, 0xB3C8, 0xBC08, 0xBC28, 0xBC29, 0xC4EA, 0xC4A9, 0xC531,
    0xCDB1, 0xBD90, 0xC5D0, 0xC590, 0xBD70, 0xC58F, 0xC590, 0xC590,
    0xC58F, 0xCDD0, 0xBCEE, 0xBD70, 0xCDF0, 0xCCEA, 0xA407, 0xBD09,
    0xCD29, 0xCD09, 0xCD29, 0xCD4A, 0xCD89, 0xCCE7, 0xC407, 0xBC48,
    0xC4A9, 0xC467, 0xC489, 0xD5CA, 0xD5A9, 0xCC88, 0xC4A9, 0xC4EA,
    0xCC66, 0xAC40, 0x84A1, 0x8C81, 0x8481, 0x8CA0, 0x8C01, 0xBA22,
    0xEE03, 0xED89, 0xCD8C, 0xCD8C, 0xD5CB, 0xCC24, 0xD563, 0xF623,
    0xEDA3, 0x99A1, 0xC423, 0xFE62, 0xE5C7, 0xF666, 0xE4A1, 0xAB82,
    0xF684, 0xFE63, 0xD383, 0x71E4, 0x7A44, 0x79E3, 0x7B03, 0x7201,
    0x2881, 0x5982, 0x5962, 0x5942, 0x4942, 0x5142, 0x4942, 0x4942,
    0x4942, 0x4922, 0x4922, 0x4922, 0x4122, 0x4122, 0x4122, 0x4102,
    0x4102, 0x4102, 0x4102, 0x4102, 0x4102, 0x38C2, 0x30A2, 0x30C2,
    0x30A2, 0x30A2, 0x30A2, 0x30A2, 0x30A2, 0x30A2, 0x30C2, 0x38C2,
    0x38C2, 0x30C2, 0x30A2, 0x30A2, 0x38A2, 0x30A2, 0x38A2, 0x38A2,
    0x38A1, 0x38A2, 0x38A2, 0x38A2, 0x3882, 0x4082, 0x7122, 0xB942,
    0x49C4, 0x3944, 0x40C2, 0x38E2, 0x38C2, 0x30A2, 0x30A2, 0x30A2,
    0x3081, 0x2881, 0x28A2, 0x2881, 0x2881, 0x2881, 0x40C2, 0x38E2,
    0x0820, 0x1820, 0x2041, 0x2041, 0x1840, 0x1840, 0x1040, 0x1020,
    0x1020, 0x1020, 0x1020, 0x1820, 0x1820, 0x1020, 0x1040, 0x1020,
    0x0820, 0x1020, 0x1820, 0x1820, 0x2040, 0x6268, 0x49C5, 0x1000,
    0x1840, 0x30E3, 0x51C6, 0x4185, 0x3944, 0x49C6, 0x49A5, 0x28C2,
    0x2061, 0x28A2, 0x28A2, 0x2082, 0x2082, 0x30A2, 0x38C1, 0x5163,
    0x7AE9, 0x5227, 0x28C2, 0x2061, 0x4185, 0x72E9, 0x2881, 0x30A2,
    0x30A2, 0x30C2, 0x30C2, 0x30C2, 0x30C2, 0x38C2, 0x38E2, 0x38E2,
    0x30E2, 0x28A2, 0x30A2, 0x3902, 0x5143, 0x61A4, 0x61E5, 0x51E6,
    0x3124, 0x6163, 0x7226, 0x4165, 0x3903, 0x4144, 0x4124, 0x4144,
    0x3964, 0x38E3, 0x6163, 0x5943, 0x2061, 0x4081, 0x4881, 0x2040,
    0x6183, 0x71A3, 0x5183, 0x69C5, 0x8A45, 0x9A65, 0x9265, 0x8A86,
    0x9286, 0x9A86, 0x9AA6, 0x9AA5, 0x9AA6, 0x9AC8, 0xA328, 0xA2E6,
    0xA2A5, 0xA2A5, 0xA2A5, 0xAAE6, 0xAB26, 0xB3A7, 0xCD29, 0xCCE9,
    0xBC08, 0xBC08, 0xBC08, 0xBC8A, 0xC52B, 0xCD29, 0xBC4B, 0xC5B2,
    0xC590, 0xC590, 0xC590, 0xD5D1, 0xC590, 0xC590, 0xC590, 0xC590,
    0xC5B0, 0xCD8F, 0xACCE, 0xCE11, 0xC4A8, 0x9346, 0xBD29, 0xCD09,
    0xCD09, 0xCD29, 0xCD49, 0xCD48, 0xCC47, 0xC408, 0xBC88, 0xC488,
    0xC488, 0xC448, 0xCD8B, 0xD5CA, 0xD4A8, 0xC489, 0xC4E9, 0xC4E9,
    0xBB42, 0x7B40, 0x8420, 0x8C61, 0x94A1, 0x8C81, 0x84E1, 0xA261,
    0xDC46, 0xD5AC, 0xCD8C, 0xD5CB, 0xD487, 0xB282, 0xD4C2, 0xF623,
    0xF603, 0xF5E4, 0xBB81, 0xD547, 0xF627, 0xED42, 0xFE64, 0xD4E3,
    0xE623, 0xD3A3, 0x71C4, 0x8243, 0x8223, 0x6A23, 0xA404, 0xF463,
    0x69A0, 0x28E2, 0x61A2, 0x5162, 0x5162, 0x5162, 0x5142, 0x5142,
    0x4942, 0x4942, 0x4942, 0x4942, 0x4942, 0x4942, 0x4922, 0x4122,
    0x4122, 0x4122, 0x4122, 0x4122, 0x4102, 0x40E2, 0x38A2, 0x30C2,
    0x30A2, 0x30A2, 0x38A2, 0x30A2, 0x30C2, 0x30C2, 0x30A2, 0x30C2,
    0x38C2, 0x38C2, 0x38C2, 0x30A2, 0x38A2, 0x38A2, 0x38A2, 0x38A2,
    0x38A2, 0x38A2, 0x38A1, 0x38A1, 0x38A2, 0x38A2, 0x38C2, 0x40E2,
    0x5163, 0x40E2, 0x40E2, 0x40E2, 0x38C2, 0x38C2, 0x30A2, 0x30A1,
    0x3082, 0x3082, 0x2882, 0x2882, 0x2881, 0x2881, 0x4902, 0x1882,
    0x1800, 0x2881, 0x1841, 0x1020, 0x1820, 0x1820, 0x1840, 0x1841,
    0x1840, 0x1040, 0x1020, 0x1020, 0x1020, 0x1020, 0x1020, 0x1020,
    0x1040, 0x1820, 0x3903, 0x4164, 0x1840, 0x1820, 0x6248, 0x51C6,
    0x1820, 0x1841, 0x1840, 0x30E2, 0x49A5, 0x49C5, 0x49C6, 0x5A06,
    0x4164, 0x2081, 0x2081, 0x28A2, 0x28A2, 0x2082, 0x28C2, 0x28A1,
    0x38C1, 0x7247, 0x7AC9, 0x4985, 0x1020, 0x6AA9, 0x51C6, 0x2061,
    0x30A2, 0x30A2, 0x30C2, 0x30C2, 0x30A2, 0x2881, 0x30A1, 0x38C1,
    0x40E2, 0x4102, 0x3902, 0x3102, 0x28A2, 0x30A1, 0x48E1, 0x6962,
    0x61C4, 0x3943, 0x5942, 0x7205, 0x4185, 0x4123, 0x4143, 0x4123,
    0x4143, 0x3103, 0x28E2, 0x3944, 0x1882, 0x4061, 0x48A1, 0x2041,
    0x5123, 0x59A4, 0x8225, 0x9A45, 0x9245, 0x9245, 0x9265, 0x9285,
    0x9AA6, 0x9AA5, 0x9A85, 0x9AA7, 0xA309, 0xA327, 0xA2E6, 0xA306,
    0xAB46, 0xAB46, 0xB387, 0xB3A7, 0xB3C7, 0xBBE7, 0xC408, 0xC408,
    0xBC29, 0xBCCB, 0xC54A, 0xCD2A, 0xCCEA, 0xC468, 0xB44D, 0xCDD2,
    0xC590, 0xC590, 0xC590, 0xC590, 0xC5B0, 0xC5B0, 0xC590, 0xC58F,
    0xCDF1, 0xB4AC, 0xB591, 0xDDAC, 0x8AA4, 0xACE9, 0xD509, 0xCD09,
    0xCD2A, 0xCD49, 0xCCC7, 0xC3E7, 0xBC28, 0xBC88, 0xC468, 0xC4A8,
    0xC447, 0xCD2A, 0xD5EA, 0xD4C8, 0xC489, 0xC4E9, 0xC4C9, 0xCC46,
    0x79A0, 0x0900, 0x2160, 0x3180, 0x4260, 0x7CA1, 0x8CA0, 0x8C24,
    0xCCCC, 0xD5CC, 0xD5AB, 0xCC88, 0xBBE4, 0xCCC2, 0xB2A2, 0xBB82,
    0xED83, 0xF623, 0xF607, 0xDD68, 0xF663, 0xD342, 0xAB22, 0xFE83,
    0xC323, 0x7A24, 0x8264, 0x8264, 0x7A03, 0x8363, 0xBA01, 0xC363,
    0xF463, 0x6900, 0x4101, 0x5982, 0x59E3, 0x61C2, 0x5142, 0x5162,
    0x5162, 0x4962, 0x4963, 0x4943, 0x4943, 0x4142, 0x4142, 0x4123,
    0x4123, 0x4923, 0x4122, 0x4122, 0x4102, 0x4122, 0x40E2, 0x30A2,
    0x38C2, 0x30C2, 0x38A2, 0x38A2, 0x30A2, 0x38C2, 0x38C2, 0x30C2,
    0x30C2, 0x38C2, 0x30C2, 0x38C2, 0x38C2, 0x38C2, 0x38C2, 0x38C2,
    0x38A2, 0x38A2, 0x38A2, 0x38A2, 0x38A2, 0x38A2, 0x40A2, 0x40C2,
    0x40E2, 0x40E2, 0x40C2, 0x40C2, 0x40C2, 0x38C2, 0x38A2, 0x30E2,
    0x30C3, 0x3082, 0x3081, 0x30A2, 0x2881, 0x38A1, 0x4102, 0x0821,
    0x2840, 0x2860, 0x1820, 0x1840, 0x1040, 0x1820, 0x1820, 0x1020,
    0x1820, 0x2861, 0x2061, 0x2061, 0x1841, 0x1041, 0x1041, 0x1020,
    0x1020, 0x1820, 0x5A27, 0x5A07, 0x51E6, 0x2061, 0x1820, 0x6248,
    0x4985, 0x1820, 0x2081, 0x1840, 0x1840, 0x30C2, 0x4164, 0x5206,
    0x6AA9, 0x5A47, 0x30E3, 0x2061, 0x2082, 0x28A2, 0x28A2, 0x28A2,
    0x2082, 0x2061, 0x4144, 0x6247, 0x6226, 0x82E9, 0x72A9, 0x30E3,
    0x28E3, 0x28A2, 0x28A2, 0x30A2, 0x30A2, 0x28A2, 0x2061, 0x2881,
    0x30A1, 0x30A2, 0x40C2, 0x40E2, 0x38E2, 0x38E2, 0x28C2, 0x2082,
    0x3081, 0x40E2, 0x28C2, 0x48E2, 0x71C3, 0x4964, 0x38E2, 0x4102,
    0x4102, 0x4102, 0x30C2, 0x81E4, 0x4943, 0x3840, 0x4881, 0x4143,
    0x8A25, 0x9225, 0x9225, 0x9245, 0x9245, 0x9265, 0x9285, 0x9285,
    0x9AA5, 0x9AC7, 0x9B09, 0xAB48, 0xAB26, 0xA326, 0xAB47, 0xAB66,
    0xB366, 0xB366, 0xB366, 0xB367, 0xB3A7, 0xB408, 0xBC89, 0xC4E9,
    0xCD2A, 0xCD6A, 0xCCC9, 0xBC48, 0xBC89, 0xC468, 0x9C2D, 0xCDF2,
    0xC590, 0xC5B0, 0xC5B1, 0xC5B0, 0xC590, 0xCDB0, 0xC58F, 0xC5D1,
    0xCD4E, 0xA48E, 0xD650, 0xAB04, 0x9408, 0xD529, 0xC4E9, 0xCD29,
    0xCD08, 0xCC26, 0xC3C7, 0xBC48, 0xC468, 0xC468, 0xC4A8, 0xC447,
    0xCCEA, 0xD5EA, 0xD4C8, 0xC489, 0xC4E9, 0xC4A8, 0xC4A8, 0xBB02,
    0x2920, 0x1160, 0x1960, 0x1100, 0x2B41, 0x94E0, 0x8462, 0xA52B,
    0xD5EC, 0xD58A, 0xCC89, 0xBBE6, 0xCD23, 0xF623, 0xF603, 0xD4C3,
    0xC421, 0xD527, 0xEDE8, 0xF603, 0xEDE4, 0xF664, 0xBAA1, 0xA203,
    0x8264, 0x8284, 0x8284, 0x8A23, 0x7243, 0xC4A5, 0xD302, 0x9941,
    0xB2E3, 0x8323, 0x5140, 0x30E2, 0x61A2, 0x5162, 0x5183, 0x5183,
    0x5183, 0x5163, 0x4963, 0x4963, 0x4143, 0x4143, 0x4143, 0x4143,
    0x4123, 0x4923, 0x4943, 0x4922, 0x4122, 0x4123, 0x4922, 0x38C2,
    0x30C2, 0x38C2, 0x38C2, 0x38C2, 0x38C2, 0x30C2, 0x38C2, 0x38E2,
    0x38C2, 0x38C2, 0x38C2, 0x30C2, 0x38C2, 0x38C2, 0x38C2, 0x38A2,
    0x38A2, 0x38A2, 0x38A2, 0x38A2, 0x38A2, 0x40A2, 0x40A2, 0x40A2,
    0x40E2, 0x40E2, 0x40E2, 0x40E2, 0x38C2, 0x38A2, 0x48E1, 0x3922,
    0x30A2, 0x30A1, 0x30A2, 0x2882, 0x2881, 0x4902, 0x20A2, 0x1000,
    0x2020, 0x1820, 0x1840, 0x1840, 0x1840, 0x1840, 0x1820, 0x1020,
    0x1020, 0x1820, 0x1820, 0x2040, 0x2040, 0x2061, 0x2061, 0x2041,
    0x2061, 0x1840, 0x3903, 0x51C6, 0x3923, 0x6248, 0x2061, 0x1840,
    0x6A88, 0x3924, 0x1820, 0x2061, 0x2061, 0x1861, 0x1020, 0x28A2,
    0x4185, 0x6268, 0x7B0A, 0x5A27, 0x28A2, 0x2061, 0x28A2, 0x28A2,
    0x28A2, 0x28A2, 0x1861, 0x1840, 0x3944, 0x4985, 0x40E2, 0x4902,
    0x4943, 0x4143, 0x3923, 0x30E3, 0x28A2, 0x30A2, 0x30A2, 0x2881,
    0x30A1, 0x38E2, 0x3902, 0x38E3, 0x30C2, 0x30A1, 0x38A1, 0x38E2,
    0x38E2, 0x30C2, 0x30C2, 0x28A2, 0x40A1, 0x6963, 0x4123, 0x38E2,
    0x40E2, 0x4102, 0x30E2, 0x40C1, 0x38E2, 0x4061, 0x4081, 0x71E4,
    0x9225, 0x8A25, 0x9245, 0x9245, 0x9265, 0x9265, 0x9A65, 0x9AA7,
    0x9B09, 0xA329, 0xAB26, 0xA2C5, 0xA2E6, 0xAB26, 0xAB47, 0xAB47,
    0xAB87, 0xB3E8, 0xB449, 0xBCC9, 0xC4E9, 0xC4E9, 0xCCE8, 0xC468,
    0xBC08, 0xC468, 0xC428, 0xBC48, 0xC489, 0xC427, 0x9C2D, 0xD5F2,
    0xC590, 0xCD92, 0xCDB1, 0xCDCF, 0xC5B0, 0xCDB0, 0xC5B0, 0xD5D0,
    0xAC4D, 0xC652, 0xC407, 0x8347, 0xCD49, 0xCD09, 0xCD28, 0xCC66,
    0xC3C6, 0xBBE7, 0xBC48, 0xC448, 0xC468, 0xC488, 0xC447, 0xC4AA,
    0xD5EA, 0xD4C8, 0xC469, 0xC4E9, 0xC488, 0xBC89, 0xCC45, 0x69A0,
    0x1140, 0x2160, 0x1940, 0x19C0, 0x74A0, 0x8C62, 0x9CEA, 0xDDCC,
    0xD529, 0xCC29, 0xBC68, 0xBBE4, 0xE504, 0xEDA3, 0xF603, 0xE4A1,
    0xD4C7, 0xE5E8, 0xF643, 0xEE04, 0xF664, 0xFDC3, 0xBB43, 0x7A44,
    0x8AA4, 0x8A64, 0x8A43, 0x7A63, 0x8222, 0xC384, 0xEC83, 0xA182,
    0x5A43, 0xCC84, 0xE403, 0x4100, 0x3923, 0x59A3, 0x5183, 0x5183,
    0x5183, 0x5183, 0x4963, 0x4963, 0x4963, 0x4963, 0x4163, 0x4143,
    0x4143, 0x4143, 0x4943, 0x4923, 0x4922, 0x4122, 0x4123, 0x4102,
    0x38C2, 0x38C2, 0x38C2, 0x38C2, 0x38C2, 0x38C2, 0x38C3, 0x38C2,
    0x38C2, 0x38C2, 0x38C2, 0x38C2, 0x38C2, 0x38C2, 0x38C2, 0x38C2,
    0x38A2, 0x38A2, 0x38A2, 0x38A2, 0x40A2, 0x40A2, 0x38A2, 0x40E2,
    0x4943, 0x48E2, 0x40E2, 0x40E2, 0x38C2, 0x40C2, 0x40E2, 0x30C2,
    0x30A2, 0x30C2, 0x30A2, 0x2881, 0x38C1, 0x4923, 0x1041, 0x1820,
    0x1820, 0x1820, 0x1840, 0x1820, 0x1820, 0x1820, 0x1820, 0x1820,
    0x1020, 0x1020, 0x1020, 0x1020, 0x1020, 0x1020, 0x1020, 0x1820,
    0x1840, 0x2061, 0x1820, 0x4985, 0x49A5, 0x3923, 0x6268, 0x2040,
    0x28A1, 0x6AA9, 0x2881, 0x1841, 0x2061, 0x2061, 0x1861, 0x2061,
    0x2061, 0x2882, 0x4144, 0x72C9, 0x836B, 0x5A06, 0x2081, 0x2061,
    0x20A2, 0x28A2, 0x1861, 0x2081, 0x2081, 0x1861, 0x2081, 0x2081,
    0x30A1, 0x38C1, 0x40E2, 0x4922, 0x4123, 0x3903, 0x30E2, 0x30C2,
    0x30A2, 0x2881, 0x38A1, 0x48E1, 0x5122, 0x5163, 0x4143, 0x3923,
    0x30E3, 0x38C2, 0x38C2, 0x38C2, 0x30C2, 0x38A1, 0x5122, 0x4102,
    0x38E2, 0x38E2, 0x4102, 0x28A2, 0x30E2, 0x3861, 0x40E2, 0x8A45,
    0x8A25, 0x9245, 0x9244, 0x9244, 0x9245, 0x9287, 0x9B0A, 0x9B08,
    0xA307, 0xA2A5, 0x9AC6, 0xA2E6, 0xA326, 0xAB87, 0xB408, 0xBC28,
    0xBC88, 0xC488, 0xC467, 0xC447, 0xC3E7, 0xBBA7, 0xBBA7, 0xBBC7,
    0xB3C8, 0xBC08, 0xC408, 0xBC28, 0xC469, 0xBBE6, 0x9BAC, 0xCDF2,
    0xCDB0, 0xCE13, 0xCE32, 0xCDB0, 0xCDB0, 0xCDB0, 0xD5F1, 0xBC8D,
    0xB5D1, 0xD487, 0x8306, 0xC56A, 0xCD08, 0xCCA7, 0xC3C6, 0xBBC7,
    0xBC27, 0xBC47, 0xC448, 0xC468, 0xC488, 0xC427, 0xC4A9, 0xD5EA,
    0xD4C8, 0xCC48, 0xC4E9, 0xC488, 0xBC48, 0xCCC8, 0xAAC1, 0x1900,
    0x1960, 0x1960, 0x1920, 0x3300, 0x8CC3, 0x9D0A, 0xDDCB, 0xD4C8,
    0xC429, 0xC4A9, 0xC3A4, 0xD464, 0xDC65, 0xDC85, 0xE4E4, 0xE508,
    0xC427, 0xC301, 0xD443, 0xF624, 0xF503, 0xAA84, 0x8264, 0x92A4,
    0x8A84, 0x8A84, 0x8203, 0x8D65, 0xE5E4, 0xA9E2, 0xB283, 0x6A63,
    0x9262, 0xD3E4, 0xE444, 0xD302, 0x3881, 0x4163, 0x59A3, 0x5183,
    0x5183, 0x5183, 0x4963, 0x4963, 0x4963, 0x4963, 0x4963, 0x4943,
    0x4943, 0x4943, 0x4943, 0x4943, 0x4943, 0x4923, 0x4923, 0x4923,
    0x4102, 0x38C2, 0x38E2, 0x38C2, 0x38C2, 0x38E2, 0x38C2, 0x3903,
    0x38E2, 0x38C2, 0x38C2, 0x38C2, 0x38C2, 0x38C2, 0x38C2, 0x40C2,
    0x40A2, 0x38A2, 0x38A2, 0x38A2, 0x38A2, 0x38A2, 0x40C2, 0x40C2,
    0x4902, 0x48E2, 0x40E2, 0x40C2, 0x40E2, 0x40C2, 0x38C2, 0x38C2,
    0x38C2, 0x30A2, 0x3081, 0x30A1, 0x48E2, 0x30E2, 0x1020, 0x2040,
    0x2040, 0x1820, 0x1820, 0x1820, 0x1820, 0x1820, 0x1820, 0x1820,
    0x1820, 0x1820, 0x1020, 0x1020, 0x1020, 0x1020, 0x1020, 0x1020,
    0x1020, 0x0800, 0x1820, 0x1020, 0x4165, 0x4184, 0x3944, 0x5A07,
    0x1000, 0x4164, 0x51C6, 0x1000, 0x1861, 0x1841, 0x1861, 0x2081,
    0x28A1, 0x2882, 0x2061, 0x2061, 0x3944, 0x72EA, 0x834C, 0x49A6,
    0x2882, 0x2081, 0x1861, 0x28A2, 0x20A1, 0x30E2, 0x3103, 0x28E3,
    0x28E3, 0x28E3, 0x28E2, 0x28A2, 0x30A1, 0x38C2, 0x4102, 0x3902,
    0x38E2, 0x30E2, 0x28A2, 0x2881, 0x2861, 0x4081, 0x58E1, 0x6942,
    0x69C4, 0x61C4, 0x4964, 0x4144, 0x3903, 0x28C3, 0x30A2, 0x3081,
    0x38C2, 0x38C2, 0x40E2, 0x38E2, 0x28A1, 0x3081, 0x5942, 0x9A44,
    0x9224, 0x9224, 0x9246, 0x92A8, 0x9AE9, 0xA328, 0xAB06, 0xA2A4,
    0x8A03, 0x9285, 0xA2E6, 0xA306, 0xAB46, 0xAB66, 0xB366, 0xB346,
    0xB346, 0xB326, 0xB346, 0xB366, 0xB367, 0xB3A7, 0xB3A7, 0xBBC7,
    0xBBC7, 0xBC29, 0xBC08, 0xBC08, 0xBC49, 0xBBC6, 0x8B4A, 0xD612,
    0xCD90, 0xD611, 0xE691, 0xD5D0, 0xC590, 0xCDF1, 0xC4EE, 0xAD70,
    0xCCA8, 0x82E6, 0xBD29, 0xD4C7, 0xC406, 0xBB86, 0xBBE7, 0xBC27,
    0xBC28, 0xBC48, 0xC468, 0xC488, 0xC407, 0xC4A9, 0xD5EA, 0xD4A7,
    0xCC46, 0xC487, 0xC468, 0xC448, 0xC4C9, 0xCC05, 0x30E0, 0x0900,
    0x2160, 0x2160, 0x1120, 0x5425, 0xB58B, 0xDD69, 0xCC47, 0xC428,
    0xC4C9, 0xC443, 0xABA1, 0xD3C4, 0xE4C4, 0xDC45, 0xDC69, 0xE4A7,
    0xECC4, 0xD484, 0xBAC2, 0xAA43, 0x9AA4, 0x8AA4, 0x92A4, 0x8A84,
    0x8AA4, 0x89E2, 0x7B44, 0xDF05, 0xFE24, 0xA222, 0x61E3, 0xAC44,
    0xDBE3, 0xC384, 0xDC64, 0xE444, 0xC202, 0x3080, 0x4163, 0x59A3,
    0x5183, 0x5183, 0x5183, 0x4983, 0x4963, 0x4963, 0x4963, 0x4963,
    0x4943, 0x4943, 0x4943, 0x4943, 0x4943, 0x4943, 0x4943, 0x4923,
    0x4923, 0x40E2, 0x38E2, 0x38C2, 0x38C2, 0x38E2, 0x38E2, 0x3902,
    0x38E3, 0x38C3, 0x38E2, 0x38E2, 0x38C2, 0x38C2, 0x38C2, 0x40C2,
    0x40C2, 0x40C2, 0x40A2, 0x38C2, 0x40A2, 0x40A2, 0x40A2, 0x40A2,
    0x48E1, 0x48E2, 0x48E2, 0x40E2, 0x40E2, 0x40C2, 0x40E2, 0x3902,
    0x30C2, 0x30A2, 0x30A2, 0x30A2, 0x5122, 0x1882, 0x2020, 0x2041,
    0x2041, 0x2040, 0x1840, 0x1820, 0x1820, 0x1820, 0x1820, 0x1820,
    0x1820, 0x1020, 0x1020, 0x1020, 0x1020, 0x1020, 0x1020, 0x1000,
    0x51E6, 0x6268, 0x2081, 0x1800, 0x1000, 0x3964, 0x49C6, 0x51E6,
    0x4185, 0x1820, 0x5A47, 0x1861, 0x1840, 0x1840, 0x1840, 0x1840,
    0x1840, 0x2060, 0x2061, 0x2061, 0x2060, 0x1840, 0x4144, 0x6A89,
    0x30C3, 0x1040, 0x2081, 0x28A2, 0x2082, 0x2881, 0x38E2, 0x4923,
    0x4943, 0x5164, 0x5184, 0x51C4, 0x4964, 0x4143, 0x4103, 0x40E2,
    0x40E2, 0x38E2, 0x30E2, 0x30C1, 0x30A2, 0x2881, 0x2041, 0x3081,
    0x3881, 0x48A1, 0x6101, 0x7162, 0x79A4, 0x6163, 0x30C1, 0x28C2,
    0x30A1, 0x38C2, 0x30C2, 0x38E2, 0x30C2, 0x3860, 0x40C2, 0x6144,
    0x71C6, 0x8A88, 0x9AC8, 0x9A85, 0x9223, 0x81C3, 0x79A3, 0x6963,
    0x5184, 0x9AE6, 0xAB06, 0xAB26, 0xAB26, 0xAB46, 0xAB66, 0xB387,
    0xB3A7, 0xB3A7, 0xB3C8, 0xB3C8, 0xBBC8, 0xBBE8, 0xBBE8, 0xBC08,
    0xBC08, 0xC4C9, 0xC489, 0xC449, 0xC469, 0xC427, 0x8B29, 0xCDF2,
    0xCD90, 0xD5D0, 0xDDF0, 0xD5B0, 0xCDD1, 0xCD4F, 0xB50E, 0xBC27,
    0x8B06, 0xBCC8, 0xCC06, 0xBB66, 0xBBA7, 0xBC07, 0xBC07, 0xBC28,
    0xBC28, 0xC468, 0xC467, 0xC407, 0xCCEA, 0xD5CA, 0xD486, 0xC466,
    0xBCA6, 0xC428, 0xC468, 0xC4A9, 0xCC86, 0xC568, 0x7CC9, 0x2A64,
    0x1120, 0x08E1, 0x2307, 0xB58A, 0xDCC7, 0xC407, 0xBC68, 0xC4C8,
    0xC3A4, 0xAB20, 0x8421, 0x9AC0, 0xDB85, 0xE4A9, 0xE485, 0xDC64,
    0xDCA4, 0xE443, 0xC324, 0x8AA4, 0x92C4, 0x92A4, 0x9284, 0x92A4,
    0x8A03, 0x7C24, 0xDF04, 0xE483, 0xA203, 0x7243, 0x8262, 0xD3E4,
    0xE424, 0xDC04, 0xDC84, 0xDAE3, 0xDBC5, 0xBBE3, 0x30C1, 0x4983,
    0x59A3, 0x5183, 0x5183, 0x5163, 0x5183, 0x5163, 0x4963, 0x4963,
    0x4943, 0x4963, 0x4963, 0x4943, 0x4943, 0x4943, 0x4943, 0x4943,
    0x4923, 0x4923, 0x4102, 0x38C2, 0x38C2, 0x38C2, 0x38E2, 0x38E2,
    0x38C3, 0x38E3, 0x38E2, 0x38E2, 0x38C2, 0x38C2, 0x40C2, 0x38C2,
    0x40C2, 0x40C2, 0x40A2, 0x40C2, 0x40A2, 0x40A2, 0x40C2, 0x40C2,
    0x4943, 0x4903, 0x48E2, 0x40E2, 0x40E2, 0x40E2, 0x4102, 0x4102,
    0x38E2, 0x38C2, 0x30C2, 0x38A1, 0x38E2, 0x0800, 0x2861, 0x2061,
    0x2061, 0x2041, 0x2040, 0x2040, 0x1840, 0x1820, 0x1820, 0x1820,
    0x1820, 0x1020, 0x1020, 0x1020, 0x1020, 0x1020, 0x1020, 0x1020,
    0x2061, 0x5A07, 0x836C, 0x5206, 0x2081, 0x1000, 0x30E2, 0x51E6,
    0x6AA9, 0x28A2, 0x51E6, 0x28E2, 0x1820, 0x1841, 0x1841, 0x1841,
    0x1841, 0x1841, 0x1841, 0x1841, 0x1840, 0x1840, 0x1820, 0x1820,
    0x1861, 0x2061, 0x2882, 0x2882, 0x28A2, 0x20A2, 0x2081, 0x30A1,
    0x40E2, 0x5123, 0x5963, 0x61A3, 0x6A24, 0x61A4, 0x6A05, 0x6226,
    0x59A6, 0x5185, 0x5164, 0x4944, 0x4924, 0x4124, 0x4984, 0x4943,
    0x3103, 0x28E3, 0x20A2, 0x28A2, 0x38C2, 0x30A3, 0x28A2, 0x4103,
    0x4123, 0x4123, 0x4123, 0x4923, 0x4924, 0x28E5, 0x5208, 0x5A47,
    0x5A26, 0x61C4, 0x5963, 0x5943, 0x5943, 0x5943, 0x48E2, 0x4122,
    0x8285, 0xA2C6, 0xA2C6, 0xA2E6, 0xAB06, 0xAB26, 0xAB47, 0xB387,
    0xB3A7, 0xBBA7, 0xBBE7, 0xBC07, 0xBC27, 0xC448, 0xC448, 0xC448,
    0xC448, 0xC468, 0xCC89, 0xBC29, 0xBC49, 0xC469, 0x82E8, 0xC592,
    0xCDB1, 0xCDB1, 0xCD90, 0xCDB1, 0xD590, 0xB48B, 0xA386, 0x8B46,
    0xBC27, 0xC366, 0xB3A7, 0xBBE7, 0xBBE7, 0xBC07, 0xBC07, 0xBC28,
    0xBC48, 0xBC27, 0xBC08, 0xCD2A, 0xD589, 0xD4E6, 0xC505, 0xBCA7,
    0xBC08, 0xBC48, 0xC489, 0xCC88, 0xC526, 0xBE89, 0xDE68, 0xC5A8,
    0x7C27, 0x5C28, 0xC549, 0xD447, 0xC428, 0xC488, 0xC4A8, 0xBC04,
    0xCC42, 0xD3A2, 0xCB62, 0xBB66, 0xCBC7, 0xDC43, 0xDCA3, 0xE483,
    0xDB63, 0xA284, 0x8AA4, 0x9AE4, 0x9AC4, 0x92A4, 0x92A4, 0x8A23,
    0x8303, 0xD563, 0xE423, 0x9203, 0x7223, 0xA645, 0xE4E3, 0xB2A3,
    0xDC44, 0xDC04, 0xDB83, 0xCA84, 0xDE66, 0xFE84, 0xB201, 0x2061,
    0x51C3, 0x59A3, 0x5183, 0x5183, 0x5183, 0x5183, 0x5163, 0x4963,
    0x4963, 0x4963, 0x4963, 0x4963, 0x4943, 0x4943, 0x4943, 0x4943,
    0x4923, 0x4943, 0x4943, 0x40E2, 0x38C2, 0x38C2, 0x38E2, 0x38E2,
    0x38E2, 0x38E2, 0x38E2, 0x38E2, 0x38C2, 0x38C2, 0x40C2, 0x40C2,
    0x40C2, 0x40C2, 0x40C2, 0x40A2, 0x40A2, 0x40A2, 0x40C2, 0x40C2,
    0x5184, 0x48E2, 0x48E2, 0x4902, 0x48E2, 0x40E2, 0x48E2, 0x4102,
    0x40E2, 0x38E2, 0x38C2, 0x7267, 0x5A68, 0x3923, 0x2841, 0x2841,
    0x2861, 0x2041, 0x2041, 0x2041, 0x2041, 0x2041, 0x1840, 0x1820,
    0x1820, 0x1820, 0x1820, 0x1820, 0x1020, 0x1020, 0x1020, 0x1820,
    0x1861, 0x1020, 0x28E3, 0x72EA, 0x6AA9, 0x49C6, 0x20A2, 0x1861,
    0x5227, 0x7B2A, 0x5A47, 0x20A2, 0x1020, 0x1840, 0x1840, 0x1840,
    0x1840, 0x1840, 0x1840, 0x1840, 0x1840, 0x1840, 0x1841, 0x1840,
    0x1020, 0x1840, 0x2060, 0x2061, 0x2081, 0x2881, 0x28A2, 0x28A2,
    0x28A2, 0x30A2, 0x40E2, 0x5122, 0x6163, 0x6204, 0x7224, 0x9285,
    0x9B27, 0x9B48, 0x9328, 0x9308, 0x8AE8, 0x8B69, 0x8B07, 0x7A25,
    0x71E4, 0x69C4, 0x61C4, 0x59A4, 0x6204, 0x61E4, 0x5963, 0x5984,
    0x69A4, 0x5984, 0x5164, 0x5A07, 0x5227, 0x5226, 0x61E4, 0x5963,
    0x5143, 0x5143, 0x5963, 0x5143, 0x5102, 0x38C1, 0x3923, 0x69A4,
    0x81C4, 0x81C3, 0x89C3, 0x91E4, 0x9A24, 0xA264, 0xA284, 0xA285,
    0xAAE5, 0xAB06, 0xB346, 0xB366, 0xB366, 0xBBA6, 0xBBA6, 0xBBA7,
    0xBBC7, 0xBBC7, 0xBBE7, 0xBBE7, 0xBBE7, 0xCC68, 0x92A5, 0xACCF,
    0xD613, 0xC591, 0xCE12, 0xD56E, 0xA3A8, 0x8AE5, 0x9B47, 0xBBE7,
    0xBBA7, 0xB428, 0xBBE7, 0xBBE7, 0xBC07, 0xBC08, 0xBC48, 0xBC27,
    0xBC07, 0xC469, 0xCD29, 0xD526, 0xCD65, 0xBD45, 0xBC67, 0xC408,
    0xBC48, 0xC489, 0xC4E9, 0xCD06, 0xB4E3, 0xBB42, 0xC2C3, 0xCB86,
    0xDD28, 0xDCA8, 0xCC08, 0xBC88, 0xC488, 0xC4A8, 0xC425, 0xCCC2,
    0xEDA2, 0xF5C4, 0xF5E7, 0xF5C5, 0xF5C1, 0xF5E2, 0xED02, 0xC303,
    0x9284, 0x92E4, 0x9AC4, 0x92C4, 0x92C4, 0x92A4, 0x8A43, 0x8B63,
    0xCC03, 0xBA43, 0x81C3, 0x7A63, 0x9BE3, 0xECC3, 0xECE3, 0xCB63,
    0xCBC4, 0xDC03, 0xD263, 0xD485, 0xED82, 0xB9C2, 0xBAC4, 0x99A1,
    0x2061, 0x51A3, 0x5983, 0x5183, 0x5183, 0x5163, 0x5163, 0x5163,
    0x5163, 0x5163, 0x5163, 0x5163, 0x5163, 0x4943, 0x4943, 0x4943,
    0x4923, 0x4943, 0x4943, 0x4943, 0x40E2, 0x38E2, 0x40E2, 0x38E2,
    0x38E2, 0x38E2, 0x38E2, 0x38C2, 0x38C2, 0x38C2, 0x40C2, 0x40C2,
    0x40C2, 0x40C2, 0x40C2, 0x40A2, 0x40C2, 0x40C2, 0x40C2, 0x40C2,
    0x48E2, 0x5102, 0x5122, 0x4902, 0x48E2, 0x4902, 0x4902, 0x4102,
    0x40E2, 0x38C2, 0x4943, 0x830A, 0x28E2, 0x5A06, 0x6A48, 0x38C2,
    0x2020, 0x2861, 0x2041, 0x2041, 0x2040, 0x2041, 0x2041, 0x1841,
    0x1840, 0x1841, 0x1840, 0x1820, 0x1820, 0x1820, 0x1820, 0x2061,
    0x2061, 0x28A1, 0x2081, 0x20A1, 0x5A47, 0x6AC8, 0x6268, 0x5A68,
    0x3123, 0x5A47, 0x6AC9, 0x20C2, 0x1882, 0x18A2, 0x18A2, 0x1882,
    0x1882, 0x1882, 0x1882, 0x1882, 0x1861, 0x1861, 0x1861, 0x1040,
    0x1841, 0x1841, 0x1841, 0x1840, 0x1841, 0x1841, 0x2061, 0x2061,
    0x2081, 0x2081, 0x2881, 0x30A1, 0x40C2, 0x50E2, 0x61E3, 0x6244,
    0x6963, 0x81C3, 0x81E3, 0x8224, 0x92E5, 0x8A23, 0x79A3, 0x71A3,
    0x6983, 0x6163, 0x6163, 0x6184, 0x79C4, 0x71E5, 0x71E5, 0x71E5,
    0x6A05, 0x71E4, 0x61C4, 0x5983, 0x4943, 0x4923, 0x5143, 0x5143,
    0x5143, 0x4922, 0x40E2, 0x38A1, 0x28A2, 0x4984, 0x8A85, 0x9285,
    0x9286, 0x9266, 0x8A46, 0x8A46, 0x8A25, 0x89E5, 0x91E5, 0x91E5,
    0x9A25, 0x9A45, 0xA224, 0xA244, 0xAA64, 0xAA84, 0xAA84, 0xAAC5,
    0xB2C5, 0xB2C5, 0xB306, 0xB2E6, 0xB307, 0xBB47, 0xAB27, 0x82E8,
    0xCD91, 0xD5F1, 0xC448, 0x8243, 0x7AA5, 0xAB87, 0xBBC7, 0xB3C7,
    0xBBC7, 0xBC27, 0xBBE7, 0xBBE7, 0xBC08, 0xBC28, 0xBC07, 0xBC08,
    0xCCC8, 0xD547, 0xCD65, 0xBDA5, 0xB506, 0xBC07, 0xBC08, 0xBC48,
    0xBC89, 0xC4E9, 0xC3E4, 0xBAE1, 0xBAC3, 0xD4A6, 0xDD28, 0xCCA8,
    0xC408, 0xBC48, 0xC4A8, 0xC488, 0xC488, 0xBBA4, 0xC421, 0xED82,
    0xED26, 0xD466, 0xCB82, 0xC320, 0xC261, 0xBA43, 0xA284, 0x92C4,
    0x9AE4, 0x9AC4, 0x9AC4, 0x92C4, 0x9AC3, 0x9283, 0x9443, 0xC403,
    0x9A23, 0x8283, 0x8363, 0xA443, 0xE3E2, 0xE3A2, 0xE3C3, 0xDBC3,
    0xDBE3, 0xDB63, 0xCA84, 0xE624, 0xCA82, 0xAA23, 0xD283, 0xE445,
    0x9341, 0x2881, 0x59A3, 0x5162, 0x5163, 0x5163, 0x5163, 0x5163,
    0x5183, 0x5183, 0x5163, 0x5163, 0x5163, 0x5143, 0x5143, 0x4943,
    0x4943, 0x4943, 0x4943, 0x5143, 0x5123, 0x40E2, 0x40E2, 0x40E2,
    0x38C2, 0x38C2, 0x38C2, 0x38C2, 0x38C2, 0x40C2, 0x40C2, 0x40C2,
    0x40C2, 0x40C2, 0x40C2, 0x40C2, 0x40A2, 0x40C2, 0x40E2, 0x40E3,
    0x5102, 0x5122, 0x4902, 0x4922, 0x4903, 0x4902, 0x4902, 0x4102,
    0x40E2, 0x40E2, 0x48E2, 0x72A8, 0x2061, 0x2800, 0x4103, 0x72A9,
    0x4964, 0x2020, 0x2041, 0x2041, 0x2040, 0x2041, 0x2041, 0x2041,
    0x2041, 0x1840, 0x1841, 0x1841, 0x1821, 0x1840, 0x2061, 0x2041,
    0x2061, 0x2041, 0x2061, 0x2041, 0x1840, 0x5206, 0x49C5, 0x3123,
    0x6268, 0x4A06, 0x49C5, 0x5206, 0x2903, 0x1881, 0x20A1, 0x28A2,
    0x28C2, 0x28C2, 0x20A2, 0x20A2, 0x1861, 0x1861, 0x1040, 0x1840,
    0x2081, 0x1861, 0x1840, 0x1840, 0x1860, 0x1860, 0x1840, 0x1860,
    0x1860, 0x1860, 0x2060, 0x2060, 0x2060, 0x2880, 0x3060, 0x5961,
    0x59C1, 0x40C1, 0x5162, 0x5A23, 0x5963, 0x5943, 0x5984, 0x61A5,
    0x61E7, 0x6A27, 0x7269, 0x7247, 0x7A46, 0x7A45, 0x71E4, 0x69A4,
    0x6984, 0x6183, 0x5963, 0x4923, 0x4923, 0x4902, 0x40E2, 0x40C2,
    0x38A1, 0x3081, 0x2881, 0x3103, 0x6205, 0x9265, 0x9245, 0x9265,
    0x9A85, 0x9AA5, 0x9AC6, 0xA306, 0xA2E6, 0xA2E6, 0xA2E7, 0xA327,
    0xA327, 0xA326, 0xAB26, 0xAB46, 0xAB46, 0xAB46, 0xB367, 0xB387,
    0xB3A7, 0xB3C7, 0xBBE8, 0xBBE8, 0xBC09, 0xBC29, 0xC48A, 0xAC29,
    0x9366, 0x9AC4, 0x8224, 0x9B27, 0xBBC8, 0xBBA7, 0xB3A7, 0xBBE7,
    0xBBC7, 0xBBE7, 0xBC08, 0xBC07, 0xBC07, 0xBBE7, 0xC446, 0xCC85,
    0xC483, 0xAC82, 0x9C64, 0xAC47, 0xC3E8, 0xBC28, 0xBC28, 0xC489,
    0xC4C9, 0xC464, 0xC3E3, 0xCC67, 0xDD69, 0xD4C8, 0xC408, 0xC448,
    0xC488, 0xC488, 0xC489, 0xC468, 0xBC03, 0xD4E1, 0xDD25, 0xED88,
    0xF5C5, 0xEDA1, 0xE542, 0xCBC3, 0x9AA4, 0x8AA4, 0x9AE4, 0x9AE4,
    0x9AC4, 0x9AC4, 0x9AC4, 0x92C3, 0x9283, 0x9323, 0xA303, 0x9243,
    0x8A22, 0x7961, 0xACA3, 0xF644, 0xE584, 0xDC83, 0xDBC2, 0xDB83,
    0xDBE3, 0xD2A2, 0xD384, 0xE523, 0xD283, 0xD283, 0xD3A4, 0xDDA3,
    0xEC62, 0x7120, 0x28A1, 0x59A3, 0x5962, 0x5162, 0x5162, 0x5163,
    0x5163, 0x5183, 0x5163, 0x5163, 0x5163, 0x5143, 0x5143, 0x5143,
    0x5163, 0x5143, 0x4943, 0x4943, 0x4943, 0x5123, 0x40E2, 0x40E2,
    0x40E2, 0x38C2, 0x38C2, 0x38C2, 0x40C2, 0x40E2, 0x48E2, 0x40C2,
    0x40C2, 0x40C2, 0x40A2, 0x40C2, 0x40C2, 0x40C2, 0x40C2, 0x40E3,
    0x50E2, 0x5102, 0x5942, 0x4922, 0x48E2, 0x4902, 0x4902, 0x40E2,
    0x40E2, 0x38E2, 0x48C1, 0x49A5, 0x51C6, 0x1820, 0x2020, 0x2880,
    0x6248, 0x51A5, 0x2000, 0x2041, 0x2041, 0x2041, 0x2041, 0x2041,
    0x2041, 0x1840, 0x1840, 0x1841, 0x1840, 0x2061, 0x2081, 0x2061,
    0x2061, 0x2061, 0x2081, 0x2061, 0x2061, 0x1840, 0x5A27, 0x4985,
    0x1000, 0x4164, 0x5A27, 0x6247, 0x5A67, 0x3944, 0x1840, 0x1881,
    0x20A1, 0x2081, 0x1882, 0x20C2, 0x2902, 0x20E3, 0x18E3, 0x18C3,
    0x18A2, 0x18A3, 0x18A3, 0x1883, 0x1882, 0x1862, 0x1862, 0x1862,
    0x1862, 0x1841, 0x1862, 0x1862, 0x1862, 0x1883, 0x1883, 0x1884,
    0x30A5, 0x62C8, 0x6B8A, 0x59E8, 0x6A49, 0x7AA7, 0x7A88, 0x7A67,
    0x7A86, 0x7A25, 0x69E4, 0x6183, 0x6163, 0x5943, 0x5963, 0x5963,
    0x5963, 0x5942, 0x4902, 0x38C1, 0x3081, 0x2881, 0x2882, 0x2881,
    0x2881, 0x3103, 0x51C5, 0x8245, 0x9265, 0x9245, 0x9245, 0x9265,
    0x9265, 0x9A85, 0x9A85, 0xA2C6, 0xA2C6, 0xA2C6, 0xA2C6, 0xA2E6,
    0xAB06, 0xAB26, 0xAB47, 0xAB46, 0xB366, 0xB366, 0xB366, 0xB386,
    0xBB87, 0xBBA7, 0xBBA7, 0xBBE8, 0xBBE8, 0xBBE8, 0xBBC7, 0xC3C7,
    0xBB47, 0xA347, 0xBBC8, 0xBBA7, 0xB3A8, 0xB3EA, 0xB3E9, 0xBBC7,
    0xBBE7, 0xBBE8, 0xBC08, 0xC3E7, 0xC3E5, 0xC404, 0xAC21, 0x9440,
    0x7BC3, 0x83A6, 0xABC8, 0xBC08, 0xBC28, 0xBC28, 0xC489, 0xC4E9,
    0xC468, 0xC4C8, 0xDD49, 0xD4A8, 0xC408, 0xC428, 0xC488, 0xC488,
    0xC489, 0xC489, 0xC426, 0xC402, 0xDD24, 0xDCA7, 0xDCE6, 0xDC42,
    0xDC01, 0xD383, 0xB2C4, 0x9284, 0x9AE4, 0x9AE4, 0x9AC4, 0x9AC4,
    0x9AC4, 0x9AA4, 0x92C4, 0x92C3, 0x8A63, 0x9284, 0x9243, 0x8A22,
    0x9CC4, 0xCD84, 0xBBC3, 0xBC23, 0xDDC4, 0xE624, 0xDD84, 0xDC83,
    0xDBE3, 0xD282, 0xD3C3, 0xDB23, 0xD243, 0xD2C3, 0xDD63, 0xD362,
    0xAA83, 0xD463, 0x71C0, 0x2881, 0x61A2, 0x5962, 0x5962, 0x5963,
    0x5163, 0x5163, 0x5163, 0x5163, 0x5163, 0x5162, 0x5142, 0x5143,
    0x5123, 0x5142, 0x5142, 0x4942, 0x4942, 0x5122, 0x5122, 0x40E2,
    0x40E2, 0x40E2, 0x40C2, 0x38C2, 0x40C2, 0x40C2, 0x40C2, 0x48E2,
    0x48C2, 0x40A2, 0x40C2, 0x40C2, 0x40E2, 0x48E3, 0x48E2, 0x40E3,
    0x50E2, 0x5902, 0x5102, 0x48E2, 0x4902, 0x4902, 0x40E2, 0x40C2,
    0x40E2, 0x38C2, 0x4902, 0x1040, 0x59E6, 0x4124, 0x1800, 0x1820,
    0x1820, 0x5A27, 0x51C6, 0x1800, 0x1840, 0x2040, 0x2040, 0x2040,
    0x2061, 0x2061, 0x2061, 0x2881, 0x2881, 0x2881, 0x2881, 0x2081,
    0x2881, 0x2081, 0x2081, 0x2081, 0x2061, 0x1841, 0x1840, 0x6AA9,
    0x4165, 0x1000, 0x2061, 0x3944, 0x6268, 0x7B2A, 0x5A47, 0x2081,
    0x1800, 0x2061, 0x2061, 0x2881, 0x30A1, 0x28A1, 0x3901, 0x3922,
    0x3922, 0x3922, 0x3963, 0x3983, 0x41A4, 0x4184, 0x41A4, 0x41A4,
    0x39A5, 0x41E6, 0x4A06, 0x5227, 0x5207, 0x5A67, 0x5A87, 0x6287,
    0x62E8, 0x9B47, 0x9B87, 0x8307, 0x7A03, 0x7182, 0x6142, 0x5101,
    0x48E1, 0x48E2, 0x48E2, 0x4902, 0x4902, 0x4902, 0x40E1, 0x40C1,
    0x3080, 0x2840, 0x2040, 0x1840, 0x1840, 0x2081, 0x28A1, 0x28A2,
    0x28C2, 0x6142, 0x89A3, 0x91E4, 0x9244, 0x9A65, 0x9265, 0x9265,
    0x9265, 0x9285, 0x9A85, 0x9A85, 0x9AA6, 0xA2C6, 0xA2C6, 0xA2E6,
    0xA307, 0xA326, 0xAB26, 0xAB66, 0xAB26, 0xB366, 0xB366, 0xB366,
    0xB386, 0xBBA7, 0xBBA7, 0xBBA7, 0xBB87, 0xB347, 0xB327, 0xB387,
    0xB387, 0xBBA7, 0xB387, 0xB3A7, 0xB3A7, 0xBC4A, 0xBCAA, 0xBC08,
    0xBBC6, 0xC3A5, 0xBBA5, 0xABC3, 0x9BC2, 0x8382, 0x73A4, 0x8406,
    0xA407, 0xBC08, 0xC407, 0xBC07, 0xBC29, 0xC489, 0xC4CA, 0xC4A9,
    0xCC68, 0xCC48, 0xC408, 0xBC29, 0xBC88, 0xC488, 0xC489, 0xC4A8,
    0xC468, 0xBBE5, 0xC485, 0xE5A9, 0xF609, 0xEDA3, 0xE4A1, 0xC343,
    0xA2A4, 0x9284, 0x9AE4, 0x9AE4, 0x9AC4, 0x9AC4, 0x9AC4, 0x9AC4,
    0x9AC4, 0x9AA3, 0x9A83, 0x9283, 0x9283, 0x8A02, 0x7AA2, 0x81C1,
    0xAA41, 0xD402, 0xE5C3, 0xE644, 0xE5E4, 0xE5C4, 0xE5E3, 0xEE24,
    0xE563, 0xD2A2, 0xD2E2, 0xD283, 0xD242, 0xD362, 0xDC22, 0xD3C3,
    0xD4A3, 0xDCE4, 0xE544, 0x6180, 0x28A2, 0x61A2, 0x5162, 0x5962,
    0x5963, 0x5163, 0x5163, 0x5163, 0x5163, 0x5162, 0x5142, 0x4942,
    0x4942, 0x4942, 0x4942, 0x4942, 0x4922, 0x5122, 0x5122, 0x5102,
    0x40C2, 0x40C2, 0x40E2, 0x40E2, 0x40E2, 0x40C2, 0x40C2, 0x40C2,
    0x48C2, 0x40C2, 0x40A2, 0x40C2, 0x40C2, 0x40E2, 0x48E3, 0x5123,
    0x5122, 0x5102, 0x4902, 0x5122, 0x5103, 0x48E2, 0x40E2, 0x40E2,
    0x38C2, 0x40C2, 0x38E2, 0x1820, 0x2840, 0x5A27, 0x38C2, 0x1800,
    0x2061, 0x1800, 0x51E6, 0x51E6, 0x1000, 0x1840, 0x1840, 0x2061,
    0x2061, 0x2061, 0x2061, 0x2861, 0x2861, 0x2881, 0x2881, 0x2881,
    0x2881, 0x2081, 0x2881, 0x3103, 0x4144, 0x4164, 0x2081, 0x28A1,
    0x72EA, 0x28A1, 0x2081, 0x1840, 0x2061, 0x3944, 0x72C9, 0x8B8C,
    0x51E6, 0x1840, 0x1881, 0x2081, 0x1040, 0x1841, 0x2061, 0x2041,
    0x2061, 0x2061, 0x2061, 0x2861, 0x2861, 0x2861, 0x3081, 0x48E1,
    0x5902, 0x6163, 0x6142, 0x6922, 0x6142, 0x6122, 0x5902, 0x69A2,
    0x6182, 0x48C1, 0x48C1, 0x5981, 0x3942, 0x2882, 0x30A2, 0x30C2,
    0x30C1, 0x30A1, 0x2881, 0x2860, 0x2060, 0x2040, 0x1820, 0x1020,
    0x1020, 0x1020, 0x1841, 0x1861, 0x2082, 0x30A2, 0x30C2, 0x38E2,
    0x38E2, 0x30A2, 0x30A2, 0x40E2, 0x5902, 0x6942, 0x81A3, 0x9203,
    0x9A44, 0x9A85, 0x9AA6, 0x9AA6, 0x9AA6, 0x9AA6, 0x9AC6, 0xA2C6,
    0xA327, 0xAB47, 0xAB26, 0xB386, 0xB346, 0xB345, 0xB325, 0xB305,
    0xB2E5, 0xB326, 0xB366, 0xB306, 0xAB26, 0xAB26, 0xB346, 0xB367,
    0xB367, 0xB387, 0xB3A7, 0xB387, 0xBB86, 0xBBA6, 0xCC65, 0xBBC3,
    0xAB62, 0x9B82, 0x83A2, 0x7B82, 0x7384, 0x83E6, 0xA408, 0xBBE7,
    0xC3E7, 0xBBE7, 0xB3E8, 0xBC29, 0xC4A9, 0xC4A9, 0xC468, 0xC408,
    0xC408, 0xBC29, 0xBC69, 0xC489, 0xC468, 0xC488, 0xC468, 0xBC07,
    0xBC47, 0xD588, 0xF648, 0xF584, 0xE441, 0xC303, 0xA284, 0x92A4,
    0x9AE4, 0x9AE4, 0x9AC4, 0x9AE4, 0x9AE4, 0x9AC3, 0x9AA3, 0x9263,
    0x8A42, 0x8222, 0x8202, 0x81E2, 0x7981, 0x7322, 0xBD83, 0xE5C3,
    0xD503, 0xBC63, 0xBCA3, 0xD462, 0xE523, 0xEE03, 0xE502, 0xCBA2,
    0xDD23, 0xE443, 0xD242, 0xD283, 0xD262, 0xD362, 0xD3A2, 0xDC63,
    0xDC83, 0xDC63, 0xDD04, 0xE563, 0x5960, 0x30C1, 0x6182, 0x5162,
    0x5963, 0x5963, 0x5183, 0x5163, 0x5163, 0x5162, 0x5142, 0x5142,
    0x4942, 0x4942, 0x5142, 0x4922, 0x4922, 0x5122, 0x5122, 0x5122,
    0x5102, 0x48E2, 0x40C2, 0x40C2, 0x40E2, 0x4902, 0x48E2, 0x40C2,
    0x40A2, 0x40A2, 0x40A1, 0x40A2, 0x40A2, 0x40C2, 0x40C2, 0x48E2,
    0x5122, 0x5102, 0x5942, 0x5142, 0x40E2, 0x48E2, 0x4923, 0x4102,
    0x38C2, 0x48E2, 0x28A2, 0x2040, 0x2020, 0x2861, 0x6227, 0x3923,
    0x1800, 0x2041, 0x1000, 0x51E6, 0x51E6, 0x1000, 0x2040, 0x2061,
    0x2061, 0x2061, 0x2061, 0x2061, 0x1861, 0x1841, 0x1841, 0x2041,
    0x2040, 0x20A1, 0x82C9, 0x7AC9, 0x8BAC, 0xB511, 0x832A, 0x6AA9,
    0x730B, 0x28E3, 0x20A3, 0x20C3, 0x20A3, 0x1882, 0x1862, 0x4185,
    0x7B6C, 0x838C, 0x49A5, 0x1020, 0x1861, 0x20A3, 0x20A2, 0x20A2,
    0x20A2, 0x20A2, 0x20A3, 0x20C3, 0x20C3, 0x28E3, 0x20E3, 0x28E3,
    0x3103, 0x30E3, 0x28E3, 0x28E3, 0x28A2, 0x28A2, 0x3942, 0x4122,
    0x20A2, 0x28A2, 0x28A2, 0x2881, 0x4141, 0x3121, 0x20A1, 0x2881,
    0x2060, 0x2060, 0x1840, 0x1820, 0x1820, 0x1020, 0x1840, 0x1841,
    0x2061, 0x2081, 0x28A2, 0x30C2, 0x30C2, 0x30C2, 0x38C2, 0x38C2,
    0x30C2, 0x38E2, 0x38E2, 0x38E2, 0x30C2, 0x30C2, 0x38C2, 0x40C2,
    0x5102, 0x6942, 0x81C3, 0x9223, 0x9A64, 0xA284, 0xA2A5, 0xA2A5,
    0xA2E5, 0xA2A4, 0x9A23, 0xA244, 0x9A44, 0x9A65, 0xA285, 0xA2A5,
    0xAAE6, 0xAB06, 0xB346, 0xAB06, 0xAB26, 0xAB26, 0xAB26, 0xB326,
    0xB366, 0xBB65, 0xBB44, 0xB343, 0xAB62, 0x9B62, 0x93A1, 0x8B81,
    0x7382, 0x7362, 0x7364, 0x8BC7, 0xAC68, 0xC447, 0xC3C6, 0xBBC6,
    0xBBC7, 0xBBE8, 0xBC49, 0xC489, 0xC468, 0xC448, 0xBC08, 0xBC29,
    0xBC48, 0xBC48, 0xBC48, 0xC468, 0xC448, 0xBC08, 0xBC4A, 0xCD8A,
    0xEDE7, 0xED04, 0xD362, 0xAA83, 0x9264, 0x92C4, 0x9AE4, 0x9AE4,
    0x9AE4, 0x9AC3, 0x9AA3, 0x9263, 0x8A42, 0x8A22, 0x8222, 0x8222,
    0x8222, 0x81C2, 0x7A22, 0x7A62, 0x8181, 0xA1C1, 0xB202, 0xB302,
    0xC463, 0xE604, 0xF684, 0xCBE2, 0xA222, 0xB2E2, 0xCCC3, 0xCCA3,
    0xB2A1, 0xBA81, 0xD2A2, 0xD262, 0xD282, 0xD362, 0xDBE2, 0xDC83,
    0xDC63, 0xDC63, 0xD463, 0xDCC3, 0xECE2, 0x5120, 0x30C2, 0x6182,
    0x5162, 0x5963, 0x5962, 0x5162, 0x5162, 0x5162, 0x5142, 0x5142,
    0x5142, 0x5142, 0x5143, 0x5142, 0x4922, 0x5122, 0x5122, 0x5122,
    0x5122, 0x5122, 0x4902, 0x48E2, 0x40C2, 0x48E2, 0x50E2, 0x48C2,
    0x48C2, 0x40A2, 0x40A2, 0x40A2, 0x40A2, 0x40A2, 0x40A2, 0x40C2,
    0x5122, 0x5922, 0x5122, 0x48E2, 0x4902, 0x5143, 0x4902, 0x40E2,
    0x40C2, 0x4902, 0x1881, 0x2861, 0x2861, 0x2020, 0x2861, 0x5A27,
    0x4144, 0x1800, 0x1841, 0x1000, 0x51E6, 0x51E6, 0x1800, 0x2041,
    0x2041, 0x2041, 0x1841, 0x1841, 0x2040, 0x2040, 0x2040, 0x2041,
    0x1840, 0x2081, 0x72C9, 0x2881, 0x2081, 0x4985, 0x72C9, 0x59E5,
    0x30C1, 0x38E2, 0x3902, 0x4102, 0x4123, 0x4143, 0x4144, 0x3903,
    0x3903, 0x6247, 0x838C, 0x730A, 0x51C6, 0x3903, 0x3923, 0x4985,
    0x4164, 0x4984, 0x4984, 0x4964, 0x4964, 0x4943, 0x4943, 0x4922,
    0x4922, 0x4102, 0x38E2, 0x30C1, 0x28C1, 0x4101, 0x38E1, 0x2081,
    0x20A1, 0x2081, 0x2881, 0x2061, 0x2040, 0x3080, 0x30C1, 0x1840,
    0x1820, 0x1841, 0x1841, 0x1861, 0x2081, 0x2082, 0x28A2, 0x28A2,
    0x30C2, 0x30C2, 0x30C2, 0x30C2, 0x30C2, 0x30C2, 0x30E2, 0x30C2,
    0x30C2, 0x30C2, 0x38C2, 0x38E2, 0x38E2, 0x38E2, 0x38E2, 0x38E2,
    0x38E2, 0x38E2, 0x38E2, 0x40C2, 0x5102, 0x60E1, 0x6922, 0x7142,
    0x79A2, 0x9244, 0x9285, 0x9AC6, 0x9AE6, 0xA2E6, 0xA2C6, 0xA2C6,
    0xAAE6, 0xAB46, 0xAAE5, 0xAB06, 0xAB06, 0xAB06, 0xAB06, 0xAB46,
    0xAB84, 0x9B43, 0x9364, 0x8363, 0x7B84, 0x7B64, 0x7B65, 0x8B85,
    0x8B86, 0x9BC7, 0xB469, 0xCC88, 0xC3E6, 0xBB85, 0xB386, 0xB3A6,
    0xBBE7, 0xBC28, 0xBC27, 0xBC07, 0xBBE7, 0xBC08, 0xBC08, 0xBC28,
    0xBC28, 0xBC48, 0xBC48, 0xBC09, 0xC429, 0xCD09, 0xDD46, 0xDC23,
    0xB2A2, 0x9A63, 0x92A4, 0x92E4, 0x9AE3, 0xA2C3, 0x9AA3, 0x9A83,
    0x9263, 0x8A43, 0x8223, 0x8243, 0x8A43, 0x8A63, 0x9242, 0x9202,
    0x8222, 0x83A3, 0xA583, 0xDE43, 0xE623, 0xDE24, 0xDE24, 0xDE24,
    0xDDE4, 0xDDA3, 0xE4E2, 0xDD03, 0xD4E3, 0xCC62, 0xCCA2, 0xE4A2,
    0xDBA2, 0xC301, 0xBAA2, 0xCA42, 0xD282, 0xD382, 0xDC23, 0xDC63,
    0xDC43, 0xDC43, 0xDC63, 0xD443, 0xDC83, 0xDC83, 0x4900, 0x30C2,
    0x61A2, 0x5962, 0x5963, 0x5963, 0x5163, 0x5142, 0x5142, 0x5142,
    0x5142, 0x5142, 0x5142, 0x5143, 0x5162, 0x5123, 0x5122, 0x5122,
    0x5123, 0x5143, 0x5122, 0x5102, 0x48C2, 0x40C2, 0x48C2, 0x48E2,
    0x48C2, 0x48C2, 0x40A2, 0x40A1, 0x40A2, 0x40A2, 0x40A2, 0x40A2,
    0x5142, 0x5102, 0x4902, 0x5102, 0x5982, 0x4903, 0x40E2, 0x4102,
    0x48E2, 0x4102, 0x1841, 0x2860, 0x2861, 0x2840, 0x2840, 0x2040,
    0x51C6, 0x51C6, 0x2020, 0x1800, 0x1000, 0x5A06, 0x59E6, 0x1800,
    0x2061, 0x2041, 0x30A1, 0x3123, 0x20C4, 0x1883, 0x1841, 0x1821,
    0x1820, 0x1800, 0x3923, 0x6268, 0x1840, 0x0800, 0x20A2, 0x5227,
    0x3924, 0x1000, 0x1840, 0x1840, 0x2040, 0x2040, 0x2860, 0x2860,
    0x30A1, 0x2860, 0x2040, 0x5184, 0x7AE9, 0x832A, 0x5984, 0x3080,
    0x30A1, 0x38C1, 0x30A1, 0x2881, 0x2880, 0x2881, 0x2040, 0x1840,
    0x1861, 0x1861, 0x1861, 0x2081, 0x30A0, 0x2840, 0x1840, 0x2061,
    0x2040, 0x2060, 0x2041, 0x1841, 0x2061, 0x1841, 0x2881, 0x28E2,
    0x20C2, 0x28A2, 0x28E2, 0x30E2, 0x30E2, 0x30E2, 0x30C2, 0x30C2,
    0x30C2, 0x30C2, 0x30C2, 0x30C2, 0x30C2, 0x30C2, 0x38E2, 0x30E2,
    0x38E2, 0x30C2, 0x30C2, 0x38C2, 0x38E2, 0x38E2, 0x38E2, 0x38E2,
    0x40E2, 0x4102, 0x4102, 0x4122, 0x4143, 0x3902, 0x3902, 0x4102,
    0x4102, 0x6162, 0x79C2, 0x8A43, 0x9AA3, 0xAB04, 0xB325, 0xB346,
    0xAB26, 0xBBA7, 0xB346, 0xAB26, 0xAB06, 0xAAE6, 0xAAE6, 0xAB06,
    0xAB26, 0xAB67, 0xABA7, 0xB3A7, 0xBBC7, 0xBBE8, 0xBC08, 0xC428,
    0xC468, 0xCC87, 0xC3A5, 0xB345, 0xB345, 0xB365, 0xB385, 0xBBA6,
    0xBBC6, 0xBBA6, 0xBB86, 0xB3A7, 0xBBC8, 0xB408, 0xBC48, 0xBC88,
    0xC447, 0xBBE8, 0xC3E9, 0xC3E8, 0xBBA5, 0xB303, 0x9A22, 0x8A43,
    0x92A4, 0x9AC3, 0x9AA3, 0x9A83, 0x9242, 0x8A22, 0x8A23, 0x8223,
    0x8A43, 0x8A63, 0x9263, 0x9263, 0x9222, 0x89E2, 0x8222, 0x82C3,
    0x9BC3, 0xCCC3, 0xECC3, 0xECC3, 0xE4E3, 0xE503, 0xE543, 0xED63,
    0xE5A3, 0xE5A3, 0xC442, 0xB3C2, 0xB3C2, 0xBBA2, 0xC321, 0xC2E1,
    0xCB22, 0xDB82, 0xDBA2, 0xD282, 0xD2C2, 0xD3E2, 0xDC63, 0xDC43,
    0xDC43, 0xDC43, 0xDC63, 0xDC63, 0xD483, 0xDC02, 0xDB43, 0x4940,
    0x30A2, 0x61A3, 0x5162, 0x5962, 0x5963, 0x5162, 0x5142, 0x5142,
    0x5142, 0x5142, 0x5142, 0x5142, 0x5163, 0x5963, 0x5143, 0x5142,
    0x5122, 0x5143, 0x5963, 0x5922, 0x48C2, 0x40C2, 0x40C2, 0x48C2,
    0x48C2, 0x48C2, 0x48A2, 0x48A2, 0x40A2, 0x40A2, 0x40C2, 0x40A2,
    0x5122, 0x5102, 0x5102, 0x5942, 0x4922, 0x4902, 0x4902, 0x40E2,
    0x5102, 0x30E3, 0x1820, 0x2861, 0x2041, 0x2040, 0x2040, 0x2040,
    0x1800, 0x4144, 0x6247, 0x30E2, 0x1000, 0x1800, 0x6247, 0x51C6,
    0x1800, 0x2061, 0x2840, 0x48C1, 0x5962, 0x51A4, 0x4185, 0x3145,
    0x20C4, 0x1883, 0x1062, 0x3945, 0x5A68, 0x28C2, 0x1000, 0x1820,
    0x5A07, 0x4985, 0x1000, 0x1840, 0x1840, 0x1040, 0x1040, 0x1040,
    0x1040, 0x1040, 0x1861, 0x1020, 0x1020, 0x3985, 0x7B4B, 0x6B0A,
    0x3103, 0x1000, 0x1020, 0x1861, 0x2061, 0x2061, 0x2081, 0x2081,
    0x2081, 0x2061, 0x2081, 0x28A2, 0x18A2, 0x20C3, 0x2903, 0x20C2,
    0x2082, 0x28A2, 0x28A2, 0x28C2, 0x30C2, 0x30C2, 0x30E2, 0x38E2,
    0x4142, 0x3902, 0x30E2, 0x30E2, 0x30E2, 0x30E2, 0x30E2, 0x30C2,
    0x30C2, 0x30C2, 0x30C2, 0x30C2, 0x30C2, 0x30C2, 0x38C2, 0x30C2,
    0x38E2, 0x30C2, 0x30C2, 0x38C2, 0x38E2, 0x38E2, 0x38E2, 0x3902,
    0x3902, 0x38E2, 0x3902, 0x4102, 0x4102, 0x4102, 0x4102, 0x4122,
    0x4122, 0x4102, 0x40E2, 0x40E2, 0x4902, 0x5102, 0x6142, 0x71E3,
    0x8A83, 0x9A43, 0xA2A3, 0xAAE4, 0xB325, 0xB365, 0xBB86, 0xBBE7,
    0xBC27, 0xC407, 0xBC08, 0xBBE7, 0xBBE7, 0xBBE7, 0xBBE8, 0xBBE7,
    0xBB45, 0xB2A5, 0xAAC6, 0xAB26, 0xAB46, 0xB366, 0xB367, 0xB387,
    0xB3C7, 0xB428, 0xBC68, 0xC4A8, 0xC4A7, 0xC467, 0xC427, 0xBBE8,
    0xB347, 0xAAE5, 0xB2E4, 0xA282, 0x9242, 0x9263, 0x9283, 0x9242,
    0x8A22, 0x8A02, 0x8A02, 0x8A22, 0x8A23, 0x8A43, 0x9243, 0x9243,
    0x9243, 0x9202, 0x91E2, 0x8202, 0x7A22, 0x8AC2, 0xAC02, 0xD543,
    0xED43, 0xE4A3, 0xDC43, 0xDC03, 0xDBC3, 0xDBC3, 0xDBE3, 0xDBE2,
    0xDC02, 0xDC22, 0xDCA2, 0xDCA2, 0xDC42, 0xDBE2, 0xDBA2, 0xDBA2,
    0xDBA2, 0xDB62, 0xDB82, 0xD382, 0xD362, 0xD423, 0xDC63, 0xDC43,
    0xDC63, 0xDC43, 0xDC63, 0xDCA3, 0xDC43, 0xD3C7, 0xCDC6, 0xCE05,
    0x51C0, 0x30A2, 0x59A3, 0x5162, 0x5142, 0x5162, 0x5162, 0x5142,
    0x5142, 0x5142, 0x5142, 0x5142, 0x5142, 0x5162, 0x5942, 0x5143,
    0x5942, 0x5123, 0x5123, 0x5122, 0x5102, 0x48E2, 0x48C2, 0x40C2,
    0x48C1, 0x40A2, 0x40A2, 0x40A2, 0x48C2, 0x40C2, 0x40A2, 0x40C2,
    0x5122, 0x5122, 0x5902, 0x4902, 0x48E2, 0x4902, 0x48E2, 0x48E2,
    0x5142, 0x20A2, 0x2061, 0x2861, 0x2841, 0x2041, 0x2041, 0x1841,
    0x1841, 0x1000, 0x2881, 0x51E6, 0x51C5, 0x2881, 0x1800, 0x6248,
    0x49A5, 0x1800, 0x2041, 0x1820, 0x2820, 0x3880, 0x50E1, 0x6162,
    0x59A4, 0x51A5, 0x51C5, 0x3945, 0x41C6, 0x6ACA, 0x49E8, 0x18A3,
    0x1042, 0x5228, 0x49C6, 0x1021, 0x1861, 0x1841, 0x1841, 0x1841,
    0x1841, 0x1861, 0x1861, 0x1861, 0x2061, 0x1820, 0x1841, 0x51E6,
    0x836C, 0x732B, 0x4165, 0x2061, 0x2082, 0x20C3, 0x20E3, 0x2904,
    0x3144, 0x3985, 0x49C5, 0x51C5, 0x59E4, 0x59A3, 0x4122, 0x30E2,
    0x38E2, 0x38E2, 0x38E2, 0x38E2, 0x38E2, 0x3922, 0x38E2, 0x38E2,
    0x38C2, 0x38E2, 0x38E2, 0x38E2, 0x38E2, 0x30E2, 0x38E2, 0x38E2,
    0x30E2, 0x30C2, 0x30C2, 0x30C2, 0x30C2, 0x30C2, 0x30C2, 0x30C2,
    0x30C2, 0x30E2, 0x30E2, 0x30E2, 0x38E2, 0x38E2, 0x38E2, 0x38E2,
    0x38E2, 0x38E2, 0x3902, 0x3902, 0x38E2, 0x4102, 0x4102, 0x4102,
    0x4102, 0x4902, 0x4922, 0x4922, 0x5122, 0x4922, 0x4922, 0x4922,
    0x5942, 0x48E2, 0x50E1, 0x50E1, 0x5901, 0x6121, 0x7161, 0x79A1,
    0x92A3, 0xAB64, 0xB3E5, 0xBC25, 0xC426, 0xC446, 0xC487, 0xC487,
    0xBC07, 0xBC67, 0xBC87, 0xC4A7, 0xC487, 0xC4A7, 0xC487, 0xC466,
    0xC445, 0xC405, 0xBB84, 0xAB05, 0xA2E7, 0x9B07, 0x9B26, 0x9AE4,
    0x9A83, 0x9242, 0x8A02, 0x8A02, 0x8A02, 0x8202, 0x81E2, 0x8202,
    0x8A22, 0x8A22, 0x9242, 0x9242, 0x9242, 0x9222, 0x9202, 0x89E2,
    0x89E2, 0x8262, 0x8382, 0xA4E2, 0xCDA2, 0xE5E3, 0xF603, 0xEE03,
    0xEE03, 0xEE03, 0xEDE3, 0xE5C3, 0xE543, 0xDCC3, 0xDC63, 0xDC02,
    0xDBC2, 0xDBA2, 0xDB62, 0xDB62, 0xDB62, 0xDB82, 0xDB82, 0xDB82,
    0xDB82, 0xDB82, 0xDB62, 0xDB62, 0xD3E2, 0xDC63, 0xDC43, 0xDC63,
    0xDC63, 0xDC83, 0xDC62, 0xDBC1, 0xD382, 0xCCE3, 0xCD22, 0xCC62,
    0xCCA2, 0x61A0, 0x2881, 0x5983, 0x59A3, 0x5142, 0x5162, 0x5142,
    0x5142, 0x5142, 0x5142, 0x5142, 0x5142, 0x5142, 0x5142, 0x5142,
    0x5143, 0x5922, 0x5103, 0x4942, 0x5142, 0x5122, 0x50E2, 0x48C2,
    0x48C2, 0x48C2, 0x40A2, 0x40A2, 0x40A2, 0x40C2, 0x48C2, 0x48A2,
    0x5102, 0x5122, 0x4902, 0x4902, 0x5102, 0x4922, 0x48E2, 0x5102,
    0x5123, 0x18A2, 0x2840, 0x2861, 0x2841, 0x2841, 0x2061, 0x2041,
    0x2041, 0x2041, 0x1800, 0x1800, 0x4164, 0x6248, 0x4144, 0x2040,
    0x72C8, 0x49A6, 0x1861, 0x2082, 0x1861, 0x1841, 0x1821, 0x2020,
    0x3040, 0x4080, 0x50E1, 0x6162, 0x6163, 0x5984, 0x7AC8, 0x834B,
    0x6247, 0x4144, 0x72C9, 0x5A28, 0x3945, 0x3965, 0x3145, 0x3945,
    0x3945, 0x3945, 0x3945, 0x3945, 0x3945, 0x3965, 0x3965, 0x3124,
    0x3964, 0x72C9, 0x9C2E, 0x940D, 0x72A8, 0x59C5, 0x6205, 0x6A05,
    0x7204, 0x71E4, 0x61A3, 0x5142, 0x40E2, 0x30C1, 0x30C2, 0x38E2,
    0x38E2, 0x38E2, 0x38E2, 0x38E2, 0x3902, 0x4102, 0x38E2, 0x38E2,
    0x38E2, 0x38E2, 0x40E1, 0x38E1, 0x38E2, 0x38E2, 0x38E2, 0x38E2,
    0x38E2, 0x38E1, 0x30C1, 0x30C2, 0x30C2, 0x30C1, 0x30C1, 0x30C1,
    0x30C2, 0x30C2, 0x30C1, 0x30C1, 0x30A1, 0x30A1, 0x38A1, 0x30A1,
    0x30A1, 0x38C1, 0x30C2, 0x30C2, 0x38C2, 0x38C2, 0x38E2, 0x38E3,
    0x38E3, 0x3903, 0x4103, 0x4123, 0x4123, 0x4103, 0x4922, 0x4943,
    0x4102, 0x4922, 0x4942, 0x38E2, 0x38E2, 0x30E2, 0x3902, 0x3902,
    0x40E2, 0x5102, 0x5921, 0x6941, 0x6961, 0x7181, 0x79C2, 0x8202,
    0x8A42, 0x9282, 0x92A2, 0x8A01, 0x89E1, 0x81C0, 0x81C1, 0x81A3,
    0x79A4, 0x8206, 0x8268, 0x8AC7, 0x92C5, 0x9262, 0x9201, 0x81A1,
    0x81C2, 0x79C2, 0x79C2, 0x79C2, 0x81E2, 0x8A02, 0x8A02, 0x8A02,
    0x9202, 0x9222, 0x9202, 0x91E2, 0x89E2, 0x89E2, 0x8262, 0x8362,
    0x9CA2, 0xC582, 0xE5E2, 0xF5C2, 0xF5A2, 0xEDA3, 0xEDA3, 0xEDA3,
    0xEDA3, 0xEDA3, 0xE5C3, 0xEDE3, 0xEDE3, 0xE5E3, 0xE5C3, 0xE583,
    0xDD23, 0xDCC3, 0xDC63, 0xDC22, 0xDC02, 0xDC02, 0xDBC2, 0xDB82,
    0xD382, 0xD3A2, 0xD382, 0xCBE3, 0xDC83, 0xDC63, 0xDCC4, 0xDC83,
    0xDC63, 0xD422, 0xDC04, 0xD484, 0xC482, 0xC441, 0xC381, 0xCCE5,
    0xD4C2, 0xB3A1, 0x59C0, 0x28A1, 0x5983, 0x5963, 0x5142, 0x5162,
    0x5162, 0x5142, 0x5142, 0x5142, 0x5143, 0x5143, 0x5163, 0x5142,
    0x5102, 0x48E2, 0x5102, 0x4902, 0x5122, 0x5922, 0x58E2, 0x50E2,
    0x48C2, 0x48A2, 0x48A2, 0x40A2, 0x40A2, 0x40A2, 0x40E2, 0x48C2,
    0x5142, 0x5122, 0x5122, 0x5122, 0x5142, 0x4922, 0x4922, 0x5122,
    0x5123, 0x1861, 0x2840, 0x2841, 0x2861, 0x2882, 0x2861, 0x2081,
    0x2041, 0x2041, 0x2040, 0x2861, 0x2020, 0x2881, 0x51C6, 0x6227,
    0x5984, 0x7AC9, 0x5163, 0x3080, 0x38E2, 0x38E2, 0x30E2, 0x28C2,
    0x18A2, 0x1082, 0x1042, 0x1041, 0x2041, 0x3081, 0x3860, 0x5122,
    0x7A67, 0x7AA8, 0x7225, 0x9B4A, 0x61A4, 0x6184, 0x61A4, 0x61A4,
    0x61A4, 0x61C4, 0x61C4, 0x69C4, 0x69C4, 0x69C4, 0x69C4, 0x69C4,
    0x71C4, 0x6162, 0x6183, 0x8286, 0xABCC, 0x934A, 0x5942, 0x4902,
    0x40E1, 0x30C1, 0x30A1, 0x28A1, 0x30C2, 0x30C1, 0x38E1, 0x38C1,
    0x4102, 0x38E1, 0x40E1, 0x40E1, 0x40E1, 0x40E2, 0x4102, 0x3923,
    0x3903, 0x3904, 0x3904, 0x3904, 0x3104, 0x3104, 0x3104, 0x3104,
    0x3104, 0x3104, 0x30E4, 0x30E4, 0x28E4, 0x28E4, 0x28E4, 0x28E4,
    0x3124, 0x3125, 0x2945, 0x3145, 0x3166, 0x3166, 0x3186, 0x39A6,
    0x41C6, 0x41C6, 0x49E6, 0x5206, 0x5206, 0x5206, 0x5206, 0x5A25,
    0x5A25, 0x59E4, 0x51C4, 0x51A3, 0x4963, 0x4142, 0x4142, 0x4142,
    0x4122, 0x4122, 0x5142, 0x4922, 0x4922, 0x5142, 0x5962, 0x5962,
    0x5962, 0x5962, 0x5962, 0x5962, 0x5962, 0x6162, 0x6142, 0x6141,
    0x6141, 0x6121, 0x6121, 0x5902, 0x6164, 0x61E7, 0x7268, 0x7AC7,
    0x8A84, 0x8A83, 0x8222, 0x79A1, 0x7161, 0x7162, 0x71A2, 0x71C2,
    0x79C2, 0x81E2, 0x81E2, 0x81E2, 0x89E2, 0x81E2, 0x8202, 0x8A02,
    0x89C2, 0x81A2, 0x8202, 0x8282, 0x8B42, 0x9C23, 0xBCE3, 0xDD23,
    0xED03, 0xECC3, 0xECC3, 0xE4C2, 0xE4C2, 0xE4C2, 0xE4C2, 0xE4E2,
    0xE523, 0xE5A3, 0xE5C3, 0xE5C3, 0xE5A3, 0xE5A3, 0xE5A3, 0xE5C3,
    0xE5C3, 0xE5C3, 0xDDA3, 0xE524, 0xD3E4, 0xDCA3, 0xDC02, 0xDBA2,
    0xDBC2, 0xE402, 0xE442, 0xB422, 0xD482, 0xDC63, 0xE483, 0xE422,
    0xDBA5, 0x9B21, 0xCD84, 0xDE26, 0xDE07, 0xDE48, 0xDE24, 0xD3E1,
    0xA381, 0x9BA1, 0xABE1, 0x5921, 0x1861, 0x4922, 0x5962, 0x5142,
    0x5163, 0x5162, 0x5162, 0x5142, 0x5142, 0x5163, 0x5163, 0x5962,
    0x5122, 0x48E2, 0x4103, 0x4902, 0x48E2, 0x48E2, 0x50C2, 0x48C2,
    0x48C2, 0x48C2, 0x48A2, 0x48A2, 0x48A2, 0x48A2, 0x48C2, 0x48E2,
    0x5122, 0x5142, 0x5122, 0x5922, 0x5122, 0x5102, 0x5142, 0x5102,
    0x4103, 0x1061, 0x2821, 0x3060, 0x30C1, 0x2861, 0x2881, 0x2061,
    0x2041, 0x2040, 0x2040, 0x2840, 0x2861, 0x2041, 0x2020, 0x30A2,
    0x51C6, 0x6A88, 0x93CD, 0x38E2, 0x2000, 0x2820, 0x3060, 0x3881,
    0x40A1, 0x40C1, 0x40E2, 0x38E2, 0x30E2, 0x2903, 0x20C3, 0x18A3,
    0x1882, 0x2924, 0x49C6, 0x49A6, 0x28C2, 0x28A2, 0x30A2, 0x38E2,
    0x4102, 0x3081, 0x3081, 0x3081, 0x3081, 0x3080, 0x3080, 0x3060,
    0x2860, 0x2860, 0x2860, 0x2020, 0x2860, 0x3923, 0x28A1, 0x28A1,
    0x30A2, 0x30C1, 0x38C1, 0x38C1, 0x38C2, 0x30C2, 0x28A1, 0x30A1,
    0x38E1, 0x30E1, 0x30C1, 0x30C1, 0x30C1, 0x30C1, 0x4122, 0x51C3,
    0x59E4, 0x59E4, 0x6204, 0x6205, 0x6A25, 0x6225, 0x6A45, 0x6A45,
    0x6A66, 0x7266, 0x7266, 0x7265, 0x7265, 0x7266, 0x7265, 0x7265,
    0x7A85, 0x7A65, 0x7A45, 0x7A44, 0x7A45, 0x7A45, 0x7225, 0x7225,
    0x69E5, 0x82C7, 0x7246, 0x7266, 0x6A66, 0x6A45, 0x61E3, 0x5121,
    0x48E1, 0x40E1, 0x40C1, 0x40E1, 0x40E1, 0x40E1, 0x40E1, 0x40E1,
    0x48E1, 0x48E1, 0x48E1, 0x48E1, 0x48E1, 0x48C1, 0x48E1, 0x48E1,
    0x40C1, 0x48E1, 0x48E1, 0x48E1, 0x48E1, 0x48C1, 0x48E1, 0x40E2,
    0x5144, 0x59A5, 0x5A05, 0x6A65, 0x7A85, 0x82A5, 0x8242, 0x7981,
    0x7141, 0x6941, 0x6962, 0x7182, 0x71A2, 0x79A2, 0x79A2, 0x79C2,
    0x79C2, 0x79C2, 0x79C2, 0x81C2, 0x81E2, 0x89E2, 0x89C1, 0x81A1,
    0x7AA2, 0x8B82, 0xAC83, 0xCCE3, 0xDCE3, 0xE4C2, 0xECA2, 0xE482,
    0xDCA2, 0xDCC2, 0xE4E2, 0xE502, 0xE542, 0xE562, 0xE5A3, 0xE5C3,
    0xEDE3, 0xEDE3, 0xEDC3, 0xE5E3, 0xE5C3, 0xE5A3, 0xE562, 0xE563,
    0xE563, 0xE503, 0xE482, 0xDBA6, 0xB345, 0xC361, 0xB321, 0x82C1,
    0x8281, 0xA2E1, 0xBA81, 0x9281, 0xC301, 0xC2E1, 0xB281, 0x9B81,
    0xBC42, 0x6281, 0xBD43, 0xDD86, 0xDE27, 0xEE86, 0xDC22, 0x7AE1,
    0x8BA1, 0xABA1, 0x7161, 0x5343, 0x8C42, 0x38E0, 0x38E2, 0x59A3,
    0x5142, 0x5162, 0x5162, 0x5142, 0x5162, 0x5142, 0x5122, 0x5122,
    0x5122, 0x5102, 0x4902, 0x4922, 0x5122, 0x5102, 0x48E2, 0x48C2,
    0x48C2, 0x48C2, 0x48C2, 0x48C2, 0x48C2, 0x48C2, 0x48C2, 0x48C2,
    0x5942, 0x5942, 0x5922, 0x5122, 0x5102, 0x5102, 0x4902, 0x5122,
    0x30C2, 0x4121, 0x41C5, 0x30A3, 0x2821, 0x3041, 0x2861, 0x2861,
    0x2040, 0x2040, 0x2020, 0x2840, 0x2861, 0x2861, 0x2861, 0x2040,
    0x2020, 0x2861, 0x51C6, 0x93EE, 0x6247, 0x3903, 0x2041, 0x1000,
    0x1800, 0x1820, 0x2040, 0x2840, 0x3041, 0x3860, 0x5143, 0x5164,
    0x5164, 0x4944, 0x4124, 0x3944, 0x3944, 0x3944, 0x3944, 0x3124,
    0x5A88, 0x3165, 0x2904, 0x2924, 0x2924, 0x2104, 0x2104, 0x2904,
    0x2904, 0x2104, 0x2103, 0x2924, 0x20E3, 0x28E2, 0x3103, 0x3923,
    0x3103, 0x30E3, 0x3903, 0x3903, 0x4143, 0x4984, 0x4164, 0x4164,
    0x3903, 0x3902, 0x30A1, 0x30A1, 0x38C1, 0x38E1, 0x38C1, 0x38A1,
    0x40A1, 0x48C1, 0x48C1, 0x48C1, 0x48C1, 0x48C1, 0x48C1, 0x48C1,
    0x48C1, 0x48C1, 0x48C1, 0x4902, 0x4902, 0x4902, 0x4103, 0x4103,
    0x4124, 0x4144, 0x4165, 0x49C6, 0x49E6, 0x5206, 0x6246, 0x6266,
    0x6A66, 0x7265, 0x7244, 0x69E3, 0x6182, 0x5121, 0x30A0, 0x2081,
    0x2081, 0x2881, 0x2881, 0x3081, 0x2881, 0x2860, 0x2860, 0x2860,
    0x2060, 0x2040, 0x2040, 0x2040, 0x2041, 0x2061, 0x2061, 0x2861,
    0x2881, 0x30A2, 0x30E2, 0x30E2, 0x4103, 0x4943, 0x5983, 0x6A04,
    0x7224, 0x7A23, 0x79C2, 0x7162, 0x6941, 0x6121, 0x6182, 0x6162,
    0x6162, 0x6962, 0x6982, 0x6982, 0x7182, 0x71A2, 0x71A2, 0x79A2,
    0x79A2, 0x7981, 0x7961, 0x8181, 0x7941, 0x6940, 0x48E0, 0x50C0,
    0xC2E1, 0xED23, 0xECE3, 0xE4A2, 0xE4C2, 0xE4E2, 0xE502, 0xE522,
    0xE542, 0xE562, 0xED62, 0xED62, 0xED62, 0xED62, 0xE582, 0xE582,
    0xE583, 0xE5A3, 0xE5A3, 0xE583, 0xE522, 0xE4E2, 0xE482, 0xE422,
    0xE381, 0xCAA0, 0x9A24, 0xABA8, 0xC3C4, 0x8A80, 0x4A61, 0x4A41,
    0x4241, 0x41A1, 0x3161, 0x4200, 0x49E1, 0x41E2, 0x39A1, 0x3A40,
    0x7202, 0x4A62, 0xBD43, 0xDE06, 0xEE45, 0xCB21, 0x62A1, 0x9441,
    0xB361, 0x6961, 0x3AA2, 0xB4E3, 0xDDE4, 0xAC61, 0x4160, 0x40A1,
    0x5142, 0x5982, 0x5162, 0x5142, 0x5142, 0x5143, 0x5122, 0x4902,
    0x48E3, 0x4902, 0x48E2, 0x4902, 0x4922, 0x5122, 0x5902, 0x50E2,
    0x50E2, 0x48C1, 0x48C2, 0x48C3, 0x48C2, 0x4882, 0x40A2, 0x48C2,
    0x5942, 0x5922, 0x5122, 0x5142, 0x4902, 0x5102, 0x5122, 0x5122,
    0x30A1, 0x6162, 0x7245, 0x41E5, 0x2905, 0x2842, 0x2820, 0x2040,
    0x2040, 0x2020, 0x2020, 0x2040, 0x2861, 0x2861, 0x2861, 0x2061,
    0x2862, 0x2882, 0x1000, 0x3923, 0x8B8C, 0x5A07, 0x6268, 0x5A27,
    0x4164, 0x28A2, 0x1820, 0x1000, 0x0800, 0x1860, 0x4964, 0x5164,
    0x5164, 0x5165, 0x5185, 0x5984, 0x5964, 0x5164, 0x5123, 0x7227,
    0x9BAC, 0x61A5, 0x61A4, 0x61A5, 0x61A5, 0x69C5, 0x69E5, 0x61E5,
    0x69E5, 0x61E5, 0x61E5, 0x69E5, 0x6205, 0x6206, 0x6A26, 0x6A46,
    0x6A66, 0x6A47, 0x6A47, 0x7246, 0x7246, 0x7A46, 0x7A46, 0x7226,
    0x5A05, 0x49C5, 0x3144, 0x20C3, 0x2061, 0x2841, 0x2861, 0x2881,
    0x2881, 0x2881, 0x2881, 0x28A1, 0x2881, 0x2082, 0x2061, 0x2061,
    0x2041, 0x1841, 0x30E1, 0x4122, 0x4142, 0x4942, 0x4962, 0x5182,
    0x5982, 0x5982, 0x69A2, 0x69A2, 0x6181, 0x6121, 0x58E0, 0x50A0,
    0x4080, 0x3040, 0x2800, 0x1800, 0x1800, 0x1000, 0x1020, 0x1840,
    0x1840, 0x1840, 0x1840, 0x1840, 0x1861, 0x1840, 0x1821, 0x1821,
    0x1842, 0x2062, 0x2083, 0x20A4, 0x2904, 0x3124, 0x3944, 0x4164,
    0x4964, 0x5183, 0x5983, 0x5942, 0x5942, 0x5922, 0x5921, 0x5901,
    0x50E1, 0x50E1, 0x5102, 0x5122, 0x5942, 0x5942, 0x6162, 0x6962,
    0x6162, 0x6162, 0x6962, 0x6982, 0x6982, 0x7161, 0x6962, 0x69A3,
    0x6982, 0x6224, 0x5A63, 0x4160, 0x3180, 0x2981, 0x11C4, 0x09C2,
    0x51E3, 0xCA81, 0xE3E2, 0xE4C2, 0xE4E3, 0xE4E2, 0xE4C3, 0xE4A2,
    0xE4A2, 0xE4A2, 0xE4E2, 0xE502, 0xE502, 0xE522, 0xE542, 0xE562,
    0xE542, 0xE522, 0xE4E2, 0xE4A2, 0xEC42, 0xEBA1, 0xD2C1, 0xA1E0,
    0x5900, 0x10E3, 0x42C7, 0xB427, 0xC343, 0x7240, 0x4A61, 0x5A82,
    0x51E1, 0x3161, 0x3A21, 0x4A00, 0x4241, 0x4A42, 0x42C2, 0x4241,
    0x30C2, 0x4A81, 0xCDC4, 0xE542, 0xB261, 0x5AE2, 0x9C61, 0xAAC1,
    0x5941, 0x4BA2, 0xBC82, 0xD482, 0xC5A3, 0xBCE1, 0x8361, 0x4A60,
    0x28A0, 0x40E2, 0x5983, 0x5163, 0x5142, 0x5102, 0x4902, 0x4922,
    0x4902, 0x4923, 0x4942, 0x4902, 0x48E2, 0x4902, 0x5102, 0x50E2,
    0x5102, 0x5102, 0x48E2, 0x48C4, 0x4944, 0x5203, 0x5901, 0x40A2,
    0x5942, 0x5942, 0x5962, 0x5122, 0x5102, 0x5142, 0x4902, 0x5102,
    0x28A1, 0x6183, 0x6A05, 0x6A25, 0x5A05, 0x39A5, 0x28E4, 0x2042,
    0x2020, 0x2020, 0x2040, 0x2020, 0x2840, 0x2861, 0x2861, 0x20A1,
    0x28C3, 0x2861, 0x2061, 0x1800, 0x4144, 0x6227, 0x2040, 0x4124,
    0x5A07, 0x6268, 0x6288, 0x5A27, 0x4165, 0x51A4, 0x61E5, 0x5184,
    0x5164, 0x5164, 0x5984, 0x5985, 0x61E6, 0x7267, 0x8B4B, 0x9BCD,
    0x6A26, 0x59A5, 0x61C5, 0x61C5, 0x69E5, 0x7205, 0x7205, 0x7205,
    0x7206, 0x7206, 0x7A26, 0x7A26, 0x8246, 0x8A86, 0x8AA7, 0x8AA6,
    0x8AA6, 0x8A86, 0x92A6, 0x92C7, 0x92C7, 0x92C7, 0x92E7, 0x8AE8,
    0x8AC7, 0x8285, 0x7A44, 0x61E4, 0x41A5, 0x3123, 0x28C1, 0x2881,
    0x2861, 0x2860, 0x3081, 0x2881, 0x30A1, 0x30C2, 0x30C1, 0x28C2,
    0x30C3, 0x28A2, 0x40C2, 0x2882, 0x2882, 0x2882, 0x2061, 0x2041,
    0x2021, 0x1821, 0x1800, 0x1800, 0x1800, 0x1020, 0x1001, 0x1021,
    0x1041, 0x1841, 0x1841, 0x1842, 0x2041, 0x2041, 0x1841, 0x1861,
    0x1861, 0x2082, 0x20A2, 0x28E3, 0x3164, 0x3144, 0x31A6, 0x39A5,
    0x41E6, 0x4A26, 0x5226, 0x5AA5, 0x59C3, 0x59E3, 0x5962, 0x5922,
    0x5101, 0x50E1, 0x50E1, 0x48E2, 0x40E2, 0x48E2, 0x48E2, 0x4902,
    0x4902, 0x5122, 0x5122, 0x5122, 0x5102, 0x5941, 0x5921, 0x5922,
    0x5942, 0x6163, 0x6182, 0x6142, 0x6142, 0x61E4, 0x6AC6, 0x93A7,
    0xA387, 0xA407, 0xACA6, 0x6344, 0x4B04, 0x6467, 0xA627, 0x9C03,
    0x5344, 0x3940, 0x58C0, 0xC241, 0xE361, 0xE422, 0xE4A2, 0xE4E2,
    0xE4E2, 0xE4E2, 0xE502, 0xE502, 0xE502, 0xE4E2, 0xE4A2, 0xE442,
    0xEC02, 0xEB82, 0xE301, 0xCA61, 0xA1C0, 0x7140, 0x30E0, 0x00C1,
    0x0164, 0x5307, 0xBC08, 0xBB85, 0xAB01, 0x5B01, 0x5A41, 0x4161,
    0x3202, 0x4AA1, 0x5201, 0x4221, 0x41E1, 0x41E0, 0x4241, 0x5A62,
    0x4122, 0x5AA1, 0xCBC1, 0x9A81, 0x5B41, 0xA461, 0x9A40, 0x4161,
    0x5BC2, 0xC461, 0xCCA2, 0xC3A1, 0x72A1, 0x93C1, 0x59A1, 0x6C21,
    0x7381, 0x3980, 0x28A1, 0x4922, 0x5942, 0x5102, 0x4902, 0x4902,
    0x5102, 0x5102, 0x5162, 0x5963, 0x5122, 0x4902, 0x50E2, 0x50E2,
    0x50C2, 0x5162, 0x5902, 0x50C2, 0x4944, 0x5222, 0x79A3, 0x58C2,
    0x5942, 0x5942, 0x5122, 0x5102, 0x5942, 0x4942, 0x48E2, 0x4922,
    0x30C2, 0x71E3, 0x7225, 0x61E4, 0x61C4, 0x61C4, 0x59E5, 0x2944,
    0x20C2, 0x1862, 0x2020, 0x2020, 0x2840, 0x2861, 0x30A1, 0x3121,
    0x20A2, 0x2041, 0x2061, 0x2061, 0x1820, 0x51E6, 0x5A27, 0x1000,
    0x1800, 0x2040, 0x30A2, 0x4144, 0x49C6, 0x72A8, 0x8B4A, 0x8B4B,
    0x8B6B, 0x8B4B, 0x9B6B, 0x938B, 0x938B, 0x936A, 0x7AA8, 0x61A3,
    0x6183, 0x61A4, 0x61A4, 0x69E5, 0x7206, 0x7205, 0x7206, 0x7226,
    0x7A26, 0x7A26, 0x7A46, 0x7A47, 0x8267, 0x8266, 0x8266, 0x8266,
    0x8266, 0x8267, 0x8A87, 0x8A87, 0x92C7, 0x92C7, 0x9286, 0x9265,
    0x9245, 0x826A, 0x72AE, 0x83B3, 0x9CD6, 0x7BB2, 0x628D, 0x49A6,
    0x3923, 0x3104, 0x2882, 0x3061, 0x3061, 0x3061, 0x3081, 0x3081,
    0x30C2, 0x3061, 0x2861, 0x30A1, 0x30A1, 0x30A1, 0x30A1, 0x2881,
    0x2881, 0x2881, 0x2061, 0x2061, 0x2061, 0x2061, 0x2061, 0x2061,
    0x2081, 0x28A1, 0x28A2, 0x28E3, 0x28C2, 0x28A1, 0x28A1, 0x28A1,
    0x30C1, 0x38E1, 0x38C1, 0x4101, 0x4921, 0x4901, 0x4921, 0x40E1,
    0x40E1, 0x40A0, 0x40A1, 0x5121, 0x3881, 0x40C1, 0x40C1, 0x38C1,
    0x38C2, 0x38C2, 0x40E2, 0x40E2, 0x40E2, 0x48E2, 0x48E2, 0x4902,
    0x4902, 0x4902, 0x5101, 0x5101, 0x5142, 0x5102, 0x5144, 0x5984,
    0x61A4, 0x6183, 0x61A3, 0x6265, 0x7B46, 0xA3C7, 0xBBE6, 0xC3C6,
    0xBBC7, 0xBBA7, 0xBB66, 0xBBA6, 0xABA6, 0xB465, 0xAB22, 0x5AA3,
    0x8463, 0x41A0, 0x01A0, 0x5BE0, 0xA380, 0xBAC0, 0xCAA0, 0xD2E1,
    0xDB41, 0xE341, 0xEB21, 0xEB21, 0xE2E1, 0xDA61, 0xD201, 0x9981,
    0x9960, 0x7120, 0x4900, 0x20E0, 0x08E0, 0x00E1, 0x0983, 0x3286,
    0x8B87, 0xC3E6, 0xBBA5, 0xB342, 0x6A81, 0x49C1, 0x39E1, 0x42C1,
    0x52E1, 0x5AE1, 0x5AA1, 0x5A81, 0x41E0, 0x31E1, 0x4AA2, 0x4903,
    0x4A03, 0xAB63, 0x8A44, 0x73E3, 0xAC81, 0xAB41, 0x4100, 0x6C22,
    0xDD02, 0xCBE1, 0xC483, 0xBCE2, 0x52E1, 0x5A21, 0x4221, 0x6C01,
    0x7BE1, 0x8441, 0x6260, 0x2840, 0x3061, 0x40E2, 0x5122, 0x4922,
    0x4902, 0x48E2, 0x4902, 0x5122, 0x5922, 0x5922, 0x5102, 0x48E2,
    0x48C2, 0x48E1, 0x48C2, 0x48C2, 0x48C1, 0x48E2, 0x61A3, 0x8102,
    0x5942, 0x5922, 0x5122, 0x5922, 0x5922, 0x4902, 0x5102, 0x4142,
    0x38A1, 0x7A03, 0x61E5, 0x61E5, 0x61C4, 0x59C4, 0x59C4, 0x3943,
    0x5183, 0x39A5, 0x2104, 0x1862, 0x2021, 0x2820, 0x3860, 0x2880,
    0x2040, 0x2061, 0x2041, 0x2061, 0x2081, 0x1800, 0x5A27, 0x51C6,
    0x1800, 0x2041, 0x1841, 0x1021, 0x1861, 0x3103, 0x4944, 0x5184,
    0x5183, 0x5163, 0x5124, 0x4102, 0x38C1, 0x3880, 0x3080, 0x38A1,
    0x38E2, 0x4103, 0x5963, 0x7A05, 0x7A05, 0x7A05, 0x7A05, 0x7A25,
    0x8225, 0x8246, 0x8225, 0x9B28, 0x8AC8, 0x8A65, 0x8A86, 0x8AA6,
    0x92A6, 0x9285, 0x9285, 0x8A65, 0x8A24, 0x81E2, 0x7AC5, 0x7BC6,
    0x7BC6, 0xAD51, 0xD75A, 0xE7DC, 0xEF9B, 0xDF5A, 0xCEFC, 0x942C,
    0x7B24, 0x7244, 0x5A66, 0x4A06, 0x3966, 0x30E4, 0x3082, 0x30A1,
    0x3921, 0x3081, 0x30A1, 0x30A1, 0x2881, 0x2881, 0x2881, 0x2881,
    0x2881, 0x2861, 0x2881, 0x2881, 0x2881, 0x2881, 0x2881, 0x2881,
    0x2881, 0x2861, 0x28A1, 0x3122, 0x30C1, 0x2861, 0x2881, 0x2881,
    0x2881, 0x2861, 0x2881, 0x2061, 0x2061, 0x2061, 0x2061, 0x2861,
    0x2882, 0x2882, 0x28A2, 0x3082, 0x38C2, 0x40C1, 0x40E2, 0x38C1,
    0x40E2, 0x40C2, 0x40E2, 0x40E2, 0x40E2, 0x4102, 0x4902, 0x48E1,
    0x48C1, 0x40C2, 0x4104, 0x49A6, 0x6AC7, 0x6A26, 0x6A25, 0x69E4,
    0x6204, 0x7265, 0x8AA5, 0xA2C5, 0xB2E4, 0xB2E5, 0xB325, 0xB345,
    0xB385, 0xBBA6, 0xBBC6, 0xBBC6, 0xBBC6, 0xBB87, 0xAB87, 0xABC6,
    0xB365, 0x7AA4, 0x6B04, 0x8402, 0x7C02, 0x7C41, 0x7C21, 0x8400,
    0x93A0, 0x7120, 0x5080, 0x50C0, 0x48A0, 0x30C0, 0x28C0, 0x28A0,
    0x00E0, 0x00E0, 0x0101, 0x0942, 0x21C4, 0x4AA6, 0x8BA7, 0xBC06,
    0xCBA5, 0xBAE2, 0x9241, 0x4A02, 0x3A21, 0x42C1, 0x5321, 0x62E1,
    0x5AC1, 0x52C1, 0x52E1, 0x4AE2, 0x5303, 0x8362, 0x9242, 0x40E2,
    0x5AC3, 0xDBC4, 0xCBA4, 0xD404, 0xBC21, 0x6920, 0x3A81, 0xC3E1,
    0xC3A1, 0xC402, 0xBD03, 0xD5E3, 0xCC81, 0x5981, 0x53C1, 0x7BC1,
    0x7BE1, 0x7C41, 0x82C0, 0x38C0, 0x11E0, 0x2100, 0x2860, 0x38A1,
    0x4902, 0x5102, 0x4902, 0x48E2, 0x4902, 0x5102, 0x5102, 0x50E2,
    0x48E2, 0x48E2, 0x48E2, 0x48E2, 0x48E2, 0x50E2, 0x50A1, 0x5081,
    0x5942, 0x5922, 0x5942, 0x5942, 0x4922, 0x5102, 0x5922, 0x3902,
    0x38A1, 0x7204, 0x61E5, 0x61E4, 0x61C4, 0x59C4, 0x59C5, 0x3923,
    0x5963, 0x59A5, 0x59E5, 0x62A8, 0x5A68, 0x5208, 0x51C6, 0x4124,
    0x30C2, 0x2040, 0x2020, 0x2881, 0x2061, 0x2081, 0x2903, 0x6AEB,
    0x41A6, 0x1861, 0x2903, 0x2903, 0x3903, 0x4943, 0x4123, 0x30C2,
    0x2081, 0x2083, 0x1882, 0x1881, 0x20C3, 0x2103, 0x2924, 0x3964,
    0x4185, 0x51A5, 0x61C5, 0x61A4, 0x69C4, 0x69C5, 0x6984, 0x69C4,
    0x71E4, 0x71C4, 0x71A3, 0x79C3, 0x71E3, 0x71E3, 0x79E3, 0x71C2,
    0x6121, 0x5901, 0x50E1, 0x50E1, 0x40A1, 0x4941, 0xB565, 0xB545,
    0xAD45, 0xAC43, 0xCC24, 0xDD0A, 0xD4AA, 0xCC68, 0xC3E7, 0x8B03,
    0x7AE3, 0x5942, 0x7182, 0x8203, 0x8264, 0x72A6, 0x5A67, 0x4A47,
    0x3A27, 0x30A4, 0x3082, 0x3881, 0x3881, 0x38A1, 0x38A1, 0x30A2,
    0x30A2, 0x30A1, 0x3081, 0x3081, 0x3081, 0x2881, 0x2881, 0x2881,
    0x2881, 0x2881, 0x28A1, 0x4101, 0x38E1, 0x2881, 0x28A1, 0x28A1,
    0x2881, 0x28A1, 0x2881, 0x2881, 0x2881, 0x2881, 0x3082, 0x30A2,
    0x3081, 0x30A1, 0x30A2, 0x38C2, 0x38A1, 0x38C1, 0x38C1, 0x38C1,
    0x38C1, 0x40C1, 0x40C1, 0x40C1, 0x40C1, 0x40C2, 0x38C3, 0x3945,
    0x49C7, 0x5A67, 0x72C7, 0x8264, 0x79A2, 0x79E3, 0x8A24, 0x8AA4,
    0x9AE5, 0xAAE5, 0xAB05, 0xA2E6, 0xA2E6, 0xA2E6, 0xA2E5, 0xAAC5,
    0xAAC5, 0xAAC5, 0xB2E5, 0xB305, 0xB345, 0xBB85, 0xBBA5, 0xBBA6,
    0xBBC6, 0xC3C6, 0xBBA7, 0xB366, 0xB366, 0xAB46, 0x9B45, 0x9385,
    0x8B24, 0x41E4, 0x29E3, 0x29E4, 0x21E4, 0x2A03, 0x3942, 0x51E4,
    0x4A65, 0x62C6, 0x7B26, 0x9BA7, 0xBBE6, 0xCBC5, 0xC2E3, 0xAA02,
    0x89A1, 0x51E1, 0x3241, 0x42E1, 0x5B61, 0x6342, 0x5302, 0x5302,
    0x5B22, 0x6B43, 0x83A4, 0xABC4, 0xD423, 0xD281, 0x6921, 0x4962,
    0x8B63, 0xDB84, 0xCB84, 0xD3E2, 0xAA41, 0x3AE2, 0xBD22, 0xC482,
    0xC4E2, 0xCD22, 0xCD03, 0xD562, 0x92C1, 0x4281, 0x7401, 0x7BC1,
    0x7BC1, 0x8461, 0x7A61, 0x4AA4, 0x9D24, 0xA382, 0x4B22, 0x3A01,
    0x20A0, 0x2860, 0x3861, 0x48C1, 0x48A1, 0x48A1, 0x48A1, 0x50A1,
    0x50A1, 0x48A1, 0x48A1, 0x4060, 0x3800, 0x3040, 0x2860, 0x20A0,
    0x5942, 0x5942, 0x5942, 0x5122, 0x5142, 0x5122, 0x5122, 0x30C2,
    0x40C1, 0x7224, 0x61E5, 0x61E5, 0x61C5, 0x61C4, 0x59E4, 0x3923,
    0x5983, 0x51A4, 0x7AE9, 0x6A27, 0x59A4, 0x51C5, 0x49E6, 0x5247,
    0x5268, 0x4A07, 0x4124, 0x2861, 0x1800, 0x3080, 0x5142, 0x5163,
    0x8B8B, 0x5A06, 0x4944, 0x4984, 0x4985, 0x4965, 0x4165, 0x3965,
    0x39A6, 0x422C, 0x4185, 0x4985, 0x51A5, 0x51A5, 0x59C5, 0x61C5,
    0x61C5, 0x61C5, 0x59A5, 0x59A4, 0x61E5, 0x6A05, 0x61E5, 0x61A4,
    0x61C4, 0x59C4, 0x59C4, 0x59C4, 0x59A3, 0x5122, 0x40E1, 0x38E1,
    0x3902, 0x3902, 0x3902, 0x3902, 0x3902, 0x4923, 0x6142, 0x5922,
    0x6122, 0x5942, 0x5122, 0x6121, 0x5921, 0x5102, 0x5102, 0x5122,
    0x5922, 0x5962, 0x5162, 0x5122, 0x5921, 0x7141, 0x81A2, 0xA2C3,
    0xABE6, 0x72C7, 0x62A8, 0x4A28, 0x3986, 0x30E5, 0x30A3, 0x3081,
    0x3081, 0x30A1, 0x38E1, 0x30C1, 0x30C2, 0x30A2, 0x30A1, 0x30A1,
    0x28A1, 0x28A1, 0x30A2, 0x38A1, 0x38A2, 0x30A1, 0x30A1, 0x30A1,
    0x28A1, 0x30A2, 0x30A2, 0x30A2, 0x30A1, 0x30A2, 0x30C2, 0x38C2,
    0x38C2, 0x38A1, 0x38C2, 0x38C2, 0x38C1, 0x38C1, 0x38C1, 0x38C1,
    0x38C2, 0x38C2, 0x38E3, 0x3925, 0x41A6, 0x5A47, 0x6AA7, 0x82E6,
    0x8284, 0x7A03, 0x6962, 0x5122, 0x4923, 0x7163, 0xA964, 0x8982,
    0x89A2, 0x91A2, 0x9A02, 0xA222, 0xA243, 0xAA83, 0xAAC4, 0xAAE4,
    0xAAE4, 0xAAE4, 0xAAE5, 0xAAE5, 0xAAC4, 0xAAE5, 0xB2E4, 0xB2E4,
    0xB325, 0xB325, 0xB365, 0xBBA5, 0xBBC6, 0xBBC6, 0xBBC6, 0xBBC7,
    0xBBC7, 0xC3E7, 0xC3E7, 0xC3E7, 0xBBE7, 0xC3C5, 0x92A5, 0xB3C6,
    0xD385, 0xCB24, 0xBAC4, 0xAA43, 0x89C2, 0x6982, 0x61E2, 0x49A2,
    0x3262, 0x5B83, 0x6BA3, 0x73A3, 0x7B83, 0x8BA4, 0x9BA4, 0xB3C4,
    0xC3C4, 0xD3C4, 0xDBE4, 0xE423, 0xD2C1, 0x5922, 0x5922, 0x5A63,
    0xC3A3, 0xD364, 0xCBE4, 0xCA41, 0x52C4, 0xA5E4, 0xDD83, 0xCD82,
    0xCD62, 0xCD23, 0xD583, 0xD4C1, 0x6201, 0x5C01, 0x8401, 0x7C01,
    0x7BE1, 0x8462, 0x6A23, 0x6D28, 0xF708, 0xE524, 0x7C06, 0xB583,
    0x6B21, 0x8481, 0x41A0, 0x1080, 0x2080, 0x1901, 0x2102, 0x20E1,
    0x20C1, 0x20A0, 0x20A0, 0x1922, 0x3BA2, 0x4A00, 0x3A21, 0x4A61,
    0x5942, 0x5922, 0x5922, 0x5122, 0x5122, 0x5122, 0x5122, 0x30C2,
    0x5101, 0x7225, 0x61E5, 0x6205, 0x61E5, 0x61C4, 0x59E5, 0x3944,
    0x5983, 0x59C5, 0x7B09, 0x5184, 0x5184, 0x5184, 0x5164, 0x5164,
    0x4164, 0x49E6, 0x5268, 0x5A69, 0x49C7, 0x20A3, 0x1800, 0x2840,
    0x40E1, 0x8309, 0x5122, 0x48E2, 0x5963, 0x5963, 0x5963, 0x6102,
    0x62A4, 0x6245, 0x6142, 0x6183, 0x6183, 0x6183, 0x61A3, 0x61A3,
    0x61A3, 0x61C3, 0x61C3, 0x61A3, 0x61A3, 0x61A3, 0x61A3, 0x59A3,
    0x5983, 0x5962, 0x5142, 0x5122, 0x4922, 0x4983, 0x4122, 0x4942,
    0x5142, 0x5162, 0x5963, 0x5963, 0x5963, 0x5963, 0x5963, 0x5962,
    0x5962, 0x5962, 0x5962, 0x5963, 0x5963, 0x5983, 0x5962, 0x5942,
    0x5942, 0x5942, 0x5142, 0x5143, 0x5143, 0x4922, 0x4902, 0x6901,
    0x7901, 0x7161, 0x89E2, 0x9263, 0x92E5, 0x8307, 0x62C8, 0x4A48,
    0x39C7, 0x3125, 0x38E3, 0x30A2, 0x38C1, 0x38A1, 0x30C1, 0x30C1,
    0x30C2, 0x30C2, 0x30C2, 0x38C2, 0x30C2, 0x30C2, 0x30C2, 0x38C2,
    0x30C2, 0x30E2, 0x38C2, 0x38E2, 0x38C2, 0x38C2, 0x38C2, 0x38C2,
    0x38E2, 0x38C1, 0x38A1, 0x38C2, 0x38C1, 0x38C1, 0x38C1, 0x38C1,
    0x4143, 0x51A4, 0x59E4, 0x6A24, 0x7A23, 0x7A03, 0x7182, 0x6142,
    0x5122, 0x5143, 0x5163, 0x5983, 0x5983, 0x5983, 0x8986, 0x7985,
    0x5983, 0x6183, 0x6183, 0x6983, 0x7163, 0x7183, 0x79C3, 0x81A2,
    0x89A2, 0x89A2, 0x91E2, 0x9A02, 0x9A02, 0xA202, 0xA202, 0xA243,
    0xA243, 0xAA63, 0xAA62, 0xAA42, 0xB282, 0xB282, 0xBAA2, 0xB2A2,
    0xB282, 0xB262, 0xB262, 0xAA62, 0xAA82, 0xA1E2, 0x7A22, 0x8222,
    0x7282, 0x62E2, 0x6382, 0x6BA3, 0x8403, 0x9C84, 0xC504, 0xCD64,
    0xD5C4, 0xDDA4, 0xD484, 0xD3A4, 0xD3E4, 0xDC64, 0xE504, 0xE5A4,
    0xE525, 0xDC24, 0xE3E2, 0xBA61, 0x5922, 0x5942, 0x5942, 0x7B44,
    0xD363, 0xCB64, 0xD363, 0x9BA6, 0x9E04, 0xE563, 0xCDC5, 0xD5C5,
    0xCDC5, 0xCD64, 0xCD02, 0xC361, 0x5261, 0x7441, 0x83E1, 0x83E1,
    0x7BE1, 0x8C61, 0x6A25, 0x7589, 0xF6A7, 0xEE05, 0x8305, 0xA5C4,
    0x82C2, 0xBE07, 0xE582, 0x5A61, 0x3B43, 0x8664, 0xA443, 0x6C25,
    0x7C23, 0x62C1, 0x4181, 0x4221, 0x93E1, 0x8240, 0x6260, 0x6A41,
    0x5942, 0x5122, 0x5922, 0x5122, 0x5122, 0x4902, 0x5122, 0x28A2,
    0x5921, 0x7245, 0x6A26, 0x61E5, 0x61E5, 0x61E4, 0x59E5, 0x4144,
    0x59A4, 0x51A4, 0x7AC8, 0x59E5, 0x5184, 0x59C5, 0x5185, 0x4984,
    0x5184, 0x4964, 0x4964, 0x4984, 0x5A27, 0x62C9, 0x5A69, 0x3965,
    0x0022, 0x3965, 0x7B2B, 0x3923, 0x4144, 0x3924, 0x28C3, 0x20C3,
    0x2183, 0x2082, 0x28A2, 0x30C2, 0x30A2, 0x30A2, 0x30A1, 0x30A1,
    0x3081, 0x3081, 0x3881, 0x38A1, 0x38C1, 0x38C1, 0x38C1, 0x38C1,
    0x38C1, 0x40E2, 0x4102, 0x4102, 0x5142, 0x5982, 0x5122, 0x5142,
    0x5142, 0x5122, 0x5142, 0x5142, 0x5142, 0x5962, 0x5963, 0x5963,
    0x5983, 0x59A4, 0x59A4, 0x59C4, 0x59A3, 0x59A3, 0x59A3, 0x6204,
    0x6225, 0x6245, 0x6A66, 0x6A66, 0x6A66, 0x6246, 0x5A06, 0x5984,
    0x5163, 0x4922, 0x4922, 0x5102, 0x6101, 0x7141, 0x81A2, 0x9223,
    0x92A4, 0x82E6, 0x6AC7, 0x5A87, 0x4A07, 0x3965, 0x30E4, 0x30C2,
    0x38C2, 0x38C1, 0x4101, 0x40E1, 0x38E2, 0x4102, 0x3902, 0x38E2,
    0x38E2, 0x3902, 0x38E2, 0x38C2, 0x38C2, 0x38C2, 0x4103, 0x38C2,
    0x40E1, 0x38E2, 0x38C2, 0x38C2, 0x38E2, 0x38C1, 0x38C1, 0x38C1,
    0x40E1, 0x48E1, 0x48C1, 0x40A1, 0x3881, 0x38A1, 0x40E1, 0x4102,
    0x4901, 0x5121, 0x5122, 0x5122, 0x5942, 0x5941, 0x7164, 0x8165,
    0x6182, 0x6182, 0x6182, 0x61A2, 0x69A2, 0x69A2, 0x69E3, 0x69C2,
    0x69C2, 0x69A2, 0x69A2, 0x69A2, 0x71A2, 0x7182, 0x7182, 0x7162,
    0x7182, 0x7182, 0x7982, 0x6921, 0x6121, 0x6101, 0x60A1, 0x6961,
    0x7B41, 0x8381, 0x8401, 0x7BA1, 0x5121, 0x63A3, 0x9DA3, 0xA5A3,
    0xBE23, 0xD683, 0xEE83, 0xF6A4, 0xFE84, 0xF664, 0xEE64, 0xF6A5,
    0xF644, 0xED44, 0xDCC4, 0xDD84, 0xE644, 0xEEA4, 0xF6A4, 0xFE23,
    0xEC22, 0xC2A3, 0x81A2, 0x5102, 0x5962, 0x6101, 0x4A03, 0xB384,
    0xD364, 0xCB83, 0xCB23, 0xC607, 0xF686, 0xCD42, 0xD606, 0xE6A8,
    0xE687, 0xE668, 0xE687, 0xBB21, 0x4B22, 0x7BE1, 0x7BC1, 0x8401,
    0x7C01, 0x8C20, 0x6204, 0x864A, 0xFEC9, 0xEEC8, 0xB3A5, 0x8D86,
    0x9302, 0x95A7, 0xF5E3, 0xC564, 0xBEA4, 0xDDE3, 0xC422, 0x6AE5,
    0x94C4, 0x83E4, 0x6B02, 0x5161, 0x4A01, 0x6BC2, 0x6AA0, 0x5A60,
    0x5921, 0x5942, 0x5922, 0x5122, 0x5122, 0x5122, 0x5122, 0x28A1,
    0x5941, 0x7245, 0x6A05, 0x6205, 0x61E5, 0x61E4, 0x59E5, 0x4144,
    0x59C4, 0x51A4, 0x7287, 0x7267, 0x5184, 0x51A5, 0x5184, 0x5184,
    0x5184, 0x4984, 0x4984, 0x4964, 0x4144, 0x4944, 0x5A27, 0x72EA,
    0x6AA9, 0x4144, 0x6A47, 0x8B0A, 0x5923, 0x61A4, 0x6164, 0x5B85,
    0x5BA6, 0x51A5, 0x51E6, 0x51E6, 0x49C6, 0x41C6, 0x3985, 0x3985,
    0x3965, 0x3965, 0x3985, 0x3985, 0x3985, 0x4185, 0x4185, 0x4185,
    0x4164, 0x4984, 0x4984, 0x49A4, 0x4984, 0x4944, 0x4964, 0x5163,
    0x5184, 0x5184, 0x59C4, 0x59C4, 0x59C4, 0x61C4, 0x61E4, 0x6A25,
    0x6A24, 0x71E4, 0x71C3, 0x69A3, 0x6183, 0x6183, 0x6183, 0x79E3,
    0x8244, 0x8AA5, 0x92C5, 0x9306, 0x9B27, 0x9B47, 0x9B47, 0x8307,
    0x6A86, 0x59E5, 0x5183, 0x5142, 0x4922, 0x4922, 0x4922, 0x5102,
    0x6102, 0x6901, 0x7941, 0x89C2, 0x8A23, 0x8284, 0x6A85, 0x5A46,
    0x5206, 0x41A5, 0x3944, 0x3903, 0x38E2, 0x38C2, 0x40E1, 0x40E1,
    0x38E1, 0x40E2, 0x4101, 0x38E2, 0x38E2, 0x38E2, 0x4122, 0x38E2,
    0x40E1, 0x38C2, 0x38C1, 0x38E2, 0x40E1, 0x38C1, 0x38A1, 0x38C1,
    0x38A1, 0x30A1, 0x38A1, 0x38C1, 0x30E1, 0x28A1, 0x3081, 0x30A1,
    0x30A2, 0x30A2, 0x30A1, 0x38A1, 0x38A1, 0x38C1, 0x40C2, 0x40C4,
    0x48E2, 0x48E1, 0x40C1, 0x48E1, 0x48E1, 0x48E1, 0x5101, 0x5101,
    0x50E1, 0x50E1, 0x5101, 0x5901, 0x5101, 0x5101, 0x5101, 0x4901,
    0x4901, 0x4902, 0x4922, 0x4942, 0x4942, 0x5163, 0x5183, 0x51C3,
    0x7A62, 0x9AC3, 0xB3C4, 0xA221, 0x59C2, 0xB542, 0xFD82, 0xFDE3,
    0xFE03, 0xFE03, 0xFE23, 0xFE63, 0xFE84, 0xFE84, 0xF684, 0xFEA5,
    0xFE25, 0xEDC4, 0xEE44, 0xF604, 0xED43, 0xE483, 0xCB62, 0xA1C2,
    0x6902, 0x5122, 0x51A2, 0x69A2, 0x6921, 0x49C3, 0x83E4, 0xD383,
    0xD385, 0xDB64, 0xC465, 0xCE47, 0xEE87, 0xE605, 0xCD83, 0xDE47,
    0xEE88, 0xE688, 0xF685, 0xAAC2, 0x64A4, 0x9401, 0x73C1, 0x7BE1,
    0x7C21, 0x8C01, 0x5A02, 0x9606, 0xFEE8, 0xFF47, 0xE4C3, 0x84C7,
    0xAC01, 0x7C85, 0xE647, 0xD4C1, 0xB2E1, 0x6283, 0xAE23, 0x81E2,
    0x7466, 0x8D25, 0x9CC2, 0x6A41, 0x6281, 0x7C82, 0xA3A0, 0x6241,
    0x58A0, 0x5942, 0x5122, 0x5122, 0x5122, 0x5122, 0x5122, 0x28A1,
    0x6162, 0x7245, 0x6A05, 0x6A05, 0x61E5, 0x61E5, 0x59E5, 0x4164,
    0x61C4, 0x59C5, 0x59C5, 0x8309, 0x59A5, 0x51A5, 0x5185, 0x5184,
    0x4984, 0x4984, 0x4984, 0x4964, 0x4964, 0x4164, 0x4144, 0x4144,
    0x5A07, 0x72EA, 0x6247, 0x730A, 0x6A89, 0x3903, 0x5164, 0x7324,
    0x6164, 0x7184, 0x79A4, 0x71C4, 0x7A05, 0x7A25, 0x7A45, 0x7A66,
    0x7A87, 0x7A67, 0x7A67, 0x7A67, 0x7287, 0x7287, 0x7287, 0x7287,
    0x7A87, 0x7A87, 0x7AA7, 0x7AA7, 0x7AA7, 0x7AA7, 0x7AA7, 0x7AA7,
    0x7AA7, 0x82C7, 0x82E7, 0x82E7, 0x82E7, 0x82E7, 0x82E7, 0x82E7,
    0x82E7, 0x7AA7, 0x72A7, 0x72A7, 0x72A7, 0x72A7, 0x7287, 0x7287,
    0x7AA7, 0x82C7, 0x8AA6, 0x9AE7, 0xA347, 0xA368, 0xA367, 0xA368,
    0x9B68, 0x8B28, 0x72C7, 0x6246, 0x59E5, 0x5184, 0x5163, 0x6943,
    0x7143, 0x4942, 0x4922, 0x4902, 0x50E2, 0x5901, 0x6941, 0x7141,
    0x79A2, 0x79E2, 0x7223, 0x61E4, 0x51C4, 0x49A4, 0x4144, 0x3923,
    0x38E3, 0x38E3, 0x38E2, 0x38E2, 0x40E2, 0x40E1, 0x4921, 0x4902,
    0x38C2, 0x40E1, 0x40E1, 0x38E2, 0x40E2, 0x38C1, 0x30C2, 0x28A1,
    0x30C1, 0x38E2, 0x38C2, 0x38E2, 0x4102, 0x38E2, 0x38E2, 0x30C2,
    0x3902, 0x4122, 0x4142, 0x4963, 0x4143, 0x4143, 0x4123, 0x4148,
    0x4146, 0x4142, 0x4943, 0x4943, 0x4943, 0x4943, 0x4942, 0x5162,
    0x4942, 0x4962, 0x5163, 0x5183, 0x5983, 0x59A3, 0x59A3, 0x59A3,
    0x61A3, 0x61C3, 0x69E3, 0x69E3, 0x71E3, 0x71E3, 0x79C3, 0x71A4,
    0x69E6, 0x6A66, 0x79C2, 0x6142, 0x69E3, 0x81A3, 0x79C3, 0x8A23,
    0x9243, 0x9A63, 0xA283, 0xAAE3, 0xAB03, 0xB303, 0xAB24, 0xAB04,
    0xAAE3, 0xAAE5, 0xA263, 0x91E2, 0x7982, 0x6922, 0x5102, 0x5142,
    0x5962, 0x6182, 0x6182, 0x7161, 0x5983, 0x73E5, 0xDC64, 0xD3C4,
    0xC364, 0xEB88, 0xE507, 0xE6A7, 0xE687, 0xEE87, 0xDE04, 0xD5E3,
    0xE645, 0xE6A8, 0xF5E5, 0x8447, 0x9DA4, 0x8BA1, 0x7BE1, 0x7BE1,
    0x7C02, 0x8C01, 0x59E2, 0x9CE3, 0xE5A2, 0xDCE3, 0xECE3, 0x9466,
    0xACA4, 0x7387, 0xDEE6, 0xE4E2, 0x51A1, 0x1962, 0x5C02, 0x9AA0,
    0x4A44, 0x9DE6, 0xCD42, 0x79A0, 0x62C0, 0x72E1, 0x82C1, 0x6280,
    0x4166, 0x5901, 0x5143, 0x5122, 0x5122, 0x5122, 0x5122, 0x2881,
    0x6982, 0x7245, 0x6A05, 0x6A05, 0x6A05, 0x61E5, 0x6205, 0x4984,
    0x61E4, 0x5A06, 0x59C5, 0x6A67, 0x72A9, 0x5184, 0x51A5, 0x5184,
    0x5185, 0x4986, 0x4964, 0x4964, 0x4964, 0x4164, 0x4164, 0x41A5,
    0x4144, 0x4164, 0x6248, 0x72CA, 0x9BEE, 0x5207, 0x61C3, 0x6265,
    0x3124, 0x4165, 0x49A5, 0x6206, 0x7A47, 0x7A26, 0x7A06, 0x8205,
    0x8225, 0x8A65, 0x8A86, 0x8AA7, 0x8AC7, 0x92C7, 0x92E7, 0x92E7,
    0x92E7, 0x92E7, 0x92E7, 0x92E7, 0x9B07, 0x9B07, 0x9B27, 0x9B28,
    0x9B47, 0x9B27, 0xA348, 0xA348, 0xA367, 0xA367, 0xA368, 0xA368,
    0xA388, 0xAB88, 0xAB88, 0xAB88, 0xABA8, 0xABA8, 0xABA8, 0xABA8,
    0xABA8, 0xA3A8, 0xA3A8, 0xA388, 0xAB88, 0xAB88, 0xABA8, 0xAB87,
    0xAB87, 0xAB87, 0xA347, 0x9327, 0x82E7, 0x7AA6, 0x6245, 0x69E7,
    0x720B, 0x5142, 0x5942, 0x5942, 0x5142, 0x4942, 0x4922, 0x4102,
    0x48E2, 0x48E2, 0x5101, 0x5901, 0x6142, 0x6962, 0x69A3, 0x69C3,
    0x59A4, 0x59C4, 0x5184, 0x4984, 0x49A4, 0x4143, 0x4143, 0x4923,
    0x38E3, 0x38E2, 0x38C2, 0x38C2, 0x40C1, 0x40C1, 0x40C1, 0x38E1,
    0x38C1, 0x38C1, 0x40C1, 0x40C1, 0x40E1, 0x40E1, 0x48E1, 0x4902,
    0x4102, 0x4902, 0x4902, 0x5122, 0x5942, 0x5962, 0x5962, 0x5A27,
    0x630A, 0x61E3, 0x6183, 0x6183, 0x6183, 0x69A3, 0x61A3, 0x69A3,
    0x69A3, 0x69A3, 0x69A3, 0x71A3, 0x71C3, 0x71C3, 0x71C3, 0x71C3,
    0x71C3, 0x71C2, 0x71A2, 0x71A3, 0x71A4, 0x69E6, 0x7267, 0x7B08,
    0x9304, 0x91E2, 0x7183, 0x69E3, 0x79E3, 0x71E3, 0x71E3, 0x71C3,
    0x71C3, 0x69A3, 0x69C3, 0x69C3, 0x71C3, 0x71C3, 0x79C3, 0x71C3,
    0x71C3, 0x71C4, 0x71C4, 0x5982, 0x5142, 0x5962, 0x6162, 0x6142,
    0x61C2, 0x6181, 0x68E1, 0x49E4, 0x7DA5, 0xE484, 0xDC05, 0xDC24,
    0xCBA3, 0xCB85, 0xECAE, 0xEE88, 0xE687, 0xE6A8, 0xEEA6, 0xDCE2,
    0xCD22, 0xD504, 0xDCC4, 0xA5A8, 0xCE45, 0x9421, 0x7C01, 0x7BE1,
    0x8441, 0x8B81, 0x52E7, 0xB5A6, 0xD4A2, 0xC462, 0xCD04, 0xAC46,
    0xAD65, 0x7A68, 0xB5CC, 0xE6C4, 0xA301, 0x4BC3, 0x7B21, 0x39E1,
    0x5161, 0x7487, 0xC4C3, 0x6941, 0x62C0, 0x6A41, 0x7382, 0x7280,
    0x3BE9, 0x58E3, 0x5963, 0x5122, 0x5122, 0x5122, 0x5122, 0x2881,
    0x6982, 0x7245, 0x6A05, 0x6A05, 0x6A05, 0x6A05, 0x6A25, 0x49A4,
    0x6A25, 0x6A46, 0x59E5, 0x51E6, 0x7AEB, 0x6A47, 0x4964, 0x5205,
    0x5228, 0x4986, 0x4984, 0x4964, 0x4964, 0x4144, 0x51E5, 0x41A5,
    0x4144, 0x4164, 0x3924, 0x4985, 0x730A, 0xACB0, 0x8AA7, 0x49A5,
    0x5A06, 0x6247, 0x7A87, 0x8287, 0x8287, 0x7AA7, 0x7AA7, 0x7A87,
    0x7247, 0x71E6, 0x79C4, 0x81E3, 0x8A03, 0x8A24, 0x8A44, 0x8A64,
    0x8A86, 0x9265, 0x92A5, 0x92C5, 0x92A5, 0x9285, 0x9A84, 0x9AA4,
    0xA2C5, 0xA305, 0xA326, 0xA326, 0xA306, 0xA326, 0xA346, 0xA367,
    0xA367, 0xA346, 0xA3A8, 0xA388, 0xAB47, 0xAB67, 0xA367, 0xAB47,
    0xA347, 0xAB46, 0xAB26, 0xA326, 0xA305, 0xA2E5, 0x9AA4, 0x9AC5,
    0xA306, 0xA306, 0xA347, 0xA347, 0x9B27, 0x9328, 0x8AE6, 0x82AD,
    0x8B10, 0x6224, 0x59C5, 0x5183, 0x5163, 0x5122, 0x5122, 0x5122,
    0x4922, 0x4922, 0x4922, 0x4122, 0x4102, 0x4102, 0x4101, 0x5122,
    0x5942, 0x6142, 0x6962, 0x6983, 0x7183, 0x69A3, 0x69E4, 0x69E4,
    0x5A24, 0x51A5, 0x4986, 0x49C5, 0x4164, 0x3923, 0x3924, 0x4123,
    0x38E2, 0x38C3, 0x30C3, 0x30A2, 0x30A2, 0x3082, 0x3081, 0x38A1,
    0x40A1, 0x48C1, 0x48E1, 0x40E1, 0x40C1, 0x48E1, 0x50E1, 0x5982,
    0x6425, 0x62A3, 0x6122, 0x6162, 0x6162, 0x6182, 0x6182, 0x6162,
    0x6963, 0x6982, 0x6982, 0x6982, 0x6962, 0x6963, 0x6983, 0x6983,
    0x6984, 0x69C5, 0x6A27, 0x72C8, 0x8328, 0x9346, 0x9AE4, 0x9202,
    0x7962, 0x6183, 0x71E3, 0x79C3, 0x71C3, 0x71C3, 0x79E3, 0x79E3,
    0x79E3, 0x79E3, 0x79E2, 0x79C2, 0x71A2, 0x6961, 0x6141, 0x5942,
    0x5963, 0x69C3, 0x6983, 0x7263, 0x71A2, 0x6162, 0x6162, 0x5962,
    0x6121, 0x58E2, 0x4B24, 0x9685, 0xF705, 0xEC64, 0xD404, 0xDC44,
    0xD3C4, 0xCB63, 0xCBEB, 0xE713, 0xEEA6, 0xEE65, 0xE543, 0xCC42,
    0xCD03, 0xD522, 0xB323, 0x8545, 0xCE05, 0xA461, 0x8442, 0x8401,
    0x8461, 0x82A1, 0x5C27, 0xE728, 0xE544, 0xCCE3, 0xDDA3, 0xCB42,
    0x7BC3, 0xC425, 0xBC09, 0xE5A5, 0xAC03, 0x74C3, 0x8A63, 0x3AA4,
    0x4201, 0x5204, 0xB545, 0x79A2, 0x5A81, 0x6281, 0x7484, 0x9DC4,
    0x7E4C, 0x4167, 0x5920, 0x5142, 0x5122, 0x5122, 0x5142, 0x2881,
    0x6961, 0x7245, 0x6A05, 0x6A25, 0x6A05, 0x7205, 0x6A45, 0x51C4,
    0x6A04, 0x61E5, 0x6285, 0x5B08, 0x5A08, 0x82C9, 0x6A25, 0x62E5,
    0x5287, 0x4985, 0x4984, 0x4964, 0x4164, 0x4964, 0x5184, 0x4164,
    0x4164, 0x4164, 0x4165, 0x69E5, 0x7226, 0x92C8, 0xCD11, 0x9BAB,
    0x7A66, 0x7A66, 0x7A87, 0x7A87, 0x8287, 0x7A87, 0x82A7, 0x82C7,
    0x82C7, 0x7AE8, 0x5227, 0x51C5, 0x4965, 0x4903, 0x5102, 0x6162,
    0x7245, 0x6A46, 0x69E5, 0x71C4, 0x71C3, 0x7A03, 0x6183, 0x60E1,
    0x7142, 0x7982, 0x8182, 0x81A1, 0x82C5, 0x8A85, 0x8A44, 0x8A04,
    0x8A24, 0x8A24, 0x9A64, 0x9A83, 0x9243, 0x9243, 0x9243, 0x9242,
    0x9263, 0x8A43, 0x89E2, 0x8A02, 0x81E2, 0x81C2, 0x79C2, 0x79E2,
    0x8243, 0x8AA4, 0x92C4, 0x9B05, 0xA346, 0xA367, 0xA325, 0x9BCF,
    0x9392, 0x8AA4, 0x7A85, 0x7224, 0x6204, 0x59C4, 0x5164, 0x5143,
    0x5122, 0x5122, 0x5122, 0x5122, 0x4922, 0x4922, 0x4902, 0x4122,
    0x4102, 0x4102, 0x4102, 0x4922, 0x4963, 0x5103, 0x58E2, 0x6122,
    0x7183, 0x7184, 0x6A87, 0x7265, 0x71C3, 0x61A4, 0x6225, 0x69E4,
    0x5984, 0x5A05, 0x6266, 0x5A46, 0x5226, 0x5267, 0x5267, 0x5227,
    0x5227, 0x4A06, 0x49C6, 0x49A5, 0x4185, 0x4165, 0x3944, 0x3104,
    0x3A87, 0x42E7, 0x5205, 0x61C5, 0x61C5, 0x61C4, 0x61C4, 0x61C4,
    0x61C4, 0x69E5, 0x69E5, 0x6A05, 0x7246, 0x7266, 0x7A86, 0x82A6,
    0x82C6, 0x8306, 0x92E5, 0x9284, 0x8A23, 0x79A2, 0x6983, 0x69A3,
    0x71E3, 0x79E3, 0x79E3, 0x79E2, 0x79C2, 0x71A2, 0x71A2, 0x6962,
    0x6961, 0x5921, 0x5921, 0x5101, 0x5122, 0x5122, 0x5942, 0x5942,
    0x6165, 0x69E4, 0x6921, 0x6182, 0x8202, 0x6942, 0x6101, 0x58E2,
    0x4A24, 0x64C5, 0xCF05, 0xFEA5, 0xF6C5, 0xE4E4, 0xDC04, 0xDC64,
    0xD404, 0xCB84, 0xCBC4, 0xD607, 0xDF45, 0xD4A1, 0xC423, 0xCD23,
    0xCD03, 0xDCA2, 0x9B64, 0x8D24, 0xAD85, 0xA483, 0x7C42, 0x8C62,
    0x8C41, 0x61C1, 0x6547, 0xEE88, 0xEE06, 0xD4E2, 0xDCA2, 0x99A2,
    0x7262, 0xB422, 0xD2C2, 0xE342, 0xE463, 0xD3C1, 0x5202, 0x5B44,
    0x7444, 0x6AC2, 0x7303, 0x8A01, 0x41C2, 0x3241, 0x6402, 0xBC41,
    0xBF2B, 0x3B09, 0x58E1, 0x5983, 0x5122, 0x5122, 0x5142, 0x28A2,
    0x6100, 0x7A64, 0x6A25, 0x6A05, 0x6A05, 0x7205, 0x7245, 0x5184,
    0x69E4, 0x7245, 0x8385, 0x6327, 0x49E6, 0x4124, 0xA369, 0x7B05,
    0x51C4, 0x4985, 0x4984, 0x4964, 0x4964, 0x4964, 0x4164, 0x4164,
    0x4164, 0x4165, 0x4164, 0x7226, 0x7A67, 0x8226, 0x8AC8, 0xBCD0,
    0xA3CC, 0x8AE8, 0x7A46, 0x8287, 0x8287, 0x82A7, 0x82A7, 0x82C7,
    0x82C7, 0x92E7, 0x72E8, 0x7266, 0x8348, 0x62E8, 0x5247, 0x49C6,
    0x5164, 0x61A3, 0x6A04, 0x6204, 0x61E4, 0x61A5, 0x5183, 0x4963,
    0x4142, 0x4962, 0x38C1, 0x5243, 0xAE08, 0x9D68, 0x9548, 0x8CC7,
    0x8C87, 0x8467, 0x8426, 0x72E8, 0x7B73, 0x7BD4, 0x7B73, 0x7BB4,
    0x7AD0, 0x728C, 0x6AF0, 0x6AAE, 0x6AAF, 0x72CF, 0x72CF, 0x72EF,
    0x71C9, 0x7162, 0x71C7, 0x81A2, 0x91A0, 0x9A21, 0xA262, 0xA4AC,
    0x950F, 0x8A24, 0x7A46, 0x7225, 0x7205, 0x7245, 0x7244, 0x6225,
    0x59C4, 0x5163, 0x5143, 0x5122, 0x5122, 0x5142, 0x5142, 0x5122,
    0x5122, 0x4922, 0x4902, 0x4122, 0x6343, 0x7465, 0x63C6, 0x5B05,
    0x5A44, 0x49E4, 0x5AE5, 0x7262, 0x6123, 0x5103, 0x6182, 0x69A4,
    0x6163, 0x6962, 0x7183, 0x71A3, 0x71C3, 0x7A03, 0x8A23, 0x8A64,
    0x8A44, 0x8A44, 0x8264, 0x8244, 0x8244, 0x7A64, 0x7A85, 0x7225,
    0x7C86, 0x86C5, 0x8B64, 0x8A04, 0x8A23, 0x8203, 0x7A03, 0x79E3,
    0x7A03, 0x7A03, 0x7A23, 0x8223, 0x8A23, 0x9223, 0x9203, 0x89E2,
    0x81C2, 0x79A2, 0x7182, 0x6982, 0x6982, 0x69A2, 0x71A2, 0x7182,
    0x6962, 0x6962, 0x6141, 0x5921, 0x5921, 0x5101, 0x5102, 0x5102,
    0x5102, 0x5102, 0x5922, 0x5922, 0x6122, 0x6122, 0x6142, 0x6141,
    0x59A7, 0x6A64, 0x6941, 0x6122, 0x60C1, 0x6102, 0x4A63, 0x6CC5,
    0xB6C5, 0xF6E4, 0xFE85, 0xF685, 0xF6C5, 0xED05, 0xD3E4, 0xDC64,
    0xDC85, 0xD3E4, 0xCBC4, 0xCC81, 0xC6C7, 0xCE44, 0xBC02, 0xD543,
    0xCCC2, 0xD381, 0x8367, 0xADC5, 0xA526, 0xB608, 0xAD86, 0x8C83,
    0x8BA1, 0x5242, 0x8DC8, 0xEEAA, 0xEE89, 0xD3A0, 0xA223, 0x7263,
    0xDA83, 0xB3E2, 0xC222, 0xD242, 0xD262, 0xEA42, 0x9A01, 0x49E1,
    0x4A82, 0x74E2, 0x92C1, 0x5A43, 0x6B82, 0x4B44, 0x85E3, 0x91C0,
    0xDE89, 0x654A, 0x6184, 0x59E2, 0x5122, 0x5142, 0x5942, 0x28C2,
    0x3840, 0x7161, 0x7203, 0x7244, 0x6A05, 0x7205, 0x6A25, 0x4984,
    0x69C4, 0x8245, 0x8B05, 0x6A45, 0x51C5, 0x4123, 0x71C5, 0x8B2A,
    0x51C6, 0x4984, 0x4985, 0x4965, 0x4984, 0x4964, 0x4964, 0x4164,
    0x4164, 0x4144, 0x5184, 0x7A66, 0x7A46, 0x7A67, 0x7226, 0x9329,
    0xAC0D, 0xA3AB, 0x9B8B, 0x7A66, 0x7A87, 0x82A7, 0x82A7, 0x82C7,
    0x82C7, 0x8AE7, 0x8B08, 0x6267, 0x92A5, 0x9B48, 0x9348, 0x8348,
    0x6B08, 0x5A67, 0x59E6, 0x61A4, 0x69C3, 0x6A03, 0x6A66, 0x6227,
    0x59C6, 0x59A3, 0x30E2, 0x8BA3, 0xCE47, 0xBDE8, 0xBDC8, 0xBDC7,
    0xBDE8, 0xBE07, 0xAD48, 0xADF7, 0xDF5B, 0xDF5A, 0xCE98, 0xD613,
    0x9D2A, 0x9D0C, 0xD739, 0xC6FC, 0xC71C, 0xC71B, 0xC71C, 0xCF5C,
    0x8DDA, 0x538F, 0x958F, 0x49A2, 0x3946, 0x41CA, 0x50C3, 0x6B22,
    0x8422, 0x8A23, 0x8AC4, 0x92E5, 0x8AE6, 0x82A6, 0x7265, 0x7A24,
    0x7A65, 0x7265, 0x6225, 0x59C5, 0x5184, 0x5163, 0x4922, 0x4903,
    0x5102, 0x5121, 0x5122, 0x5142, 0x5102, 0x71C1, 0x9BC4, 0xAD66,
    0xB5E5, 0xB624, 0xB523, 0xA3E6, 0x7C87, 0x6385, 0x5B07, 0x62A7,
    0x5226, 0x4964, 0x4924, 0x4923, 0x5102, 0x5922, 0x5922, 0x5922,
    0x5942, 0x6142, 0x6162, 0x6162, 0x6162, 0x6162, 0x69A2, 0x6962,
    0x69E2, 0x6D82, 0x6B62, 0x6122, 0x6162, 0x6162, 0x6162, 0x6162,
    0x6142, 0x6162, 0x6142, 0x6142, 0x6121, 0x6141, 0x6121, 0x5941,
    0x5921, 0x5921, 0x5921, 0x5921, 0x5901, 0x5102, 0x5102, 0x5102,
    0x5102, 0x5102, 0x5102, 0x5102, 0x5102, 0x5922, 0x5922, 0x5921,
    0x5922, 0x5922, 0x5922, 0x5922, 0x5942, 0x5942, 0x6141, 0x6123,
    0x61C6, 0x69A2, 0x69C2, 0x51A3, 0x5324, 0x7D85, 0xBEE5, 0xF705,
    0xFEA5, 0xF6A5, 0xF6A5, 0xF6A5, 0xF6C5, 0xEDC5, 0xDCC5, 0xDC85,
    0xDC85, 0xDC04, 0xCB83, 0xC3C3, 0xCDE8, 0xE7E8, 0xCD43, 0xC463,
    0xCDA3, 0xCBC1, 0x7BE6, 0xBE46, 0x9D65, 0xB5C7, 0xCE88, 0xC686,
    0x9BE0, 0x5266, 0x9E4E, 0xED03, 0xEC02, 0x89E0, 0x29C3, 0xB343,
    0xD284, 0xBC84, 0xB2E2, 0xD202, 0xCA22, 0xD222, 0xDA22, 0x71E0,
    0x3222, 0x6543, 0xCE23, 0xBD22, 0xC483, 0x9583, 0xD562, 0xA220,
    0xDE49, 0xA6AA, 0x3A28, 0x60C1, 0x5962, 0x5142, 0x5942, 0x3102,
    0x3061, 0x3081, 0x4081, 0x6141, 0x7203, 0x6A25, 0x6205, 0x51A4,
    0x71E4, 0x79E5, 0x6A05, 0x61E5, 0x51E5, 0x4964, 0x49A3, 0x59E7,
    0x8329, 0x51C5, 0x4964, 0x4985, 0x4985, 0x4984, 0x4164, 0x4164,
    0x4144, 0x4985, 0x7A67, 0x7A46, 0x7A46, 0x7A67, 0x7A67, 0x7246,
    0x9BAB, 0x9B6A, 0x934A, 0xAC0D, 0x82C8, 0x7A86, 0x82C7, 0x82C7,
    0x82C7, 0x8AE7, 0x92E8, 0x7B08, 0x6A46, 0x9B27, 0x9328, 0x9B28,
    0x9B68, 0x9B88, 0x8B88, 0x7348, 0x62C8, 0x61E6, 0x69A2, 0x7264,
    0x7287, 0x6A68, 0x6227, 0x71E4, 0x9AE3, 0xB484, 0xBDA6, 0xB5E7,
    0xB5E8, 0xAD07, 0xA556, 0xEEFA, 0xEEF9, 0xE6D9, 0xD6DA, 0x9D59,
    0xA50E, 0xAD06, 0xE5F2, 0xF77B, 0xF719, 0xF6F9, 0xF719, 0xF73A,
    0xF779, 0xBDF3, 0xBD6C, 0x430E, 0x85B9, 0x9E7B, 0x64D8, 0x3453,
    0x2AC8, 0x48E0, 0x5140, 0x6980, 0x7A41, 0x8A63, 0x8A84, 0x82E8,
    0x82C7, 0x8265, 0x8AA6, 0x82A6, 0x7286, 0x6A46, 0x5A05, 0x5267,
    0x49C4, 0x4923, 0x4902, 0x5122, 0x5142, 0x4102, 0x40E2, 0x69C3,
    0xA365, 0xDCA6, 0xDC66, 0xFF09, 0xFF27, 0xD667, 0xD6E9, 0xCE47,
    0xB627, 0x9D87, 0x84E6, 0x7CA7, 0x63C6, 0x5306, 0x4A65, 0x41A3,
    0x4143, 0x4102, 0x4101, 0x40C2, 0x48C1, 0x48C1, 0x50C1, 0x50E1,
    0x50C1, 0x5A81, 0x6341, 0x5101, 0x4902, 0x5101, 0x4901, 0x5101,
    0x48E1, 0x4901, 0x4901, 0x48E1, 0x48E1, 0x48E1, 0x48E1, 0x48E1,
    0x48E1, 0x48E1, 0x48E2, 0x5102, 0x5102, 0x5122, 0x5122, 0x5922,
    0x5922, 0x5922, 0x5922, 0x5922, 0x5922, 0x5922, 0x5921, 0x5922,
    0x5902, 0x5902, 0x58E1, 0x58E1, 0x58C1, 0x50E1, 0x4901, 0x49C7,
    0x62E3, 0x6303, 0x8CE5, 0xBE45, 0xE726, 0xFF45, 0xFEC5, 0xF6A4,
    0xF624, 0xEDE5, 0xEEA5, 0xF6C5, 0xF6A6, 0xF6C5, 0xF645, 0xDCE5,
    0xDCA5, 0xD404, 0xD363, 0x8A42, 0xB505, 0xFF27, 0xF7E9, 0xE6A7,
    0xD605, 0xCC82, 0x7C86, 0xBDC5, 0x9DC5, 0xC666, 0xCDE9, 0xCE4A,
    0xBB82, 0x4285, 0xA546, 0xCA40, 0x7201, 0x52A5, 0x8323, 0xC302,
    0xCA43, 0xBCC4, 0xB3E3, 0xDA62, 0xD263, 0xD222, 0xC9E2, 0xD202,
    0x7483, 0xA522, 0xAB62, 0x9B22, 0x7C03, 0xBDA3, 0x9C03, 0x7280,
    0xCE2A, 0xD689, 0x54EA, 0x50A3, 0x5961, 0x5122, 0x5942, 0x3122,
    0x3061, 0x40C1, 0x30A2, 0x2861, 0x48A1, 0x71C2, 0x6205, 0x59A4,
    0x6A05, 0x61E5, 0x61E5, 0x61E5, 0x59E5, 0x4144, 0x6A85, 0x4227,
    0x5985, 0x834A, 0x5A06, 0x4964, 0x4985, 0x4985, 0x4164, 0x4184,
    0x4165, 0x5184, 0x9309, 0x8B09, 0x7A46, 0x7A67, 0x7A66, 0x7A67,
    0x7A46, 0xAC0D, 0x8B09, 0x8AC8, 0xAC2D, 0x934A, 0x8286, 0x82C8,
    0x8AC8, 0x8AE7, 0x8AE8, 0x9328, 0x62A8, 0x8A85, 0x9B68, 0x9328,
    0x9348, 0x9B48, 0x9B68, 0xA388, 0xABE8, 0x6B07, 0x38C1, 0x5922,
    0x6161, 0x7202, 0x7265, 0x6A68, 0x6A07, 0x71C6, 0x8A44, 0xA3A3,
    0xBD44, 0x9CE6, 0xE693, 0xEF9C, 0xEF5B, 0xEF39, 0xF759, 0xF7BC,
    0xAD50, 0x9D04, 0xBD0B, 0xF6D6, 0xEF19, 0xEF38, 0xEEF6, 0xEF5A,
    0xEED5, 0xBD50, 0x9CCC, 0xB638, 0xF75B, 0xF73A, 0xF77A, 0xDFFB,
    0x96DB, 0x328C, 0x3A80, 0x4B60, 0x5B40, 0x4101, 0x5A00, 0x7AC1,
    0x8A23, 0x8A43, 0x8A44, 0x8A43, 0x8A84, 0x92C6, 0x8AC7, 0x8BC7,
    0x8347, 0x6225, 0x59E5, 0x51A4, 0x5163, 0x5122, 0x5122, 0x5122,
    0x5982, 0x82A4, 0x9B46, 0xC404, 0xD3C4, 0xEE07, 0xFF28, 0xE627,
    0xEE67, 0xF687, 0xE625, 0xEE44, 0xE6A6, 0xD686, 0xCEA7, 0xAE26,
    0x9E47, 0x8C84, 0x6200, 0x6C43, 0x5B43, 0x4A62, 0x4A43, 0x4224,
    0x4204, 0x5A84, 0x9B23, 0x5942, 0x3903, 0x40C2, 0x40A2, 0x40C1,
    0x48A1, 0x4881, 0x4881, 0x48A2, 0x48C2, 0x48E2, 0x5101, 0x50E1,
    0x5101, 0x5102, 0x5102, 0x5122, 0x5902, 0x58C1, 0x50C1, 0x50A1,
    0x50C1, 0x50A2, 0x50A2, 0x5102, 0x50C1, 0x50A1, 0x48A1, 0x4901,
    0x4101, 0x4141, 0x49C2, 0x4A22, 0x5AE2, 0x6B82, 0x8448, 0xAD05,
    0xD5A4, 0xE645, 0xF6C5, 0xFEE4, 0xFE24, 0xEDC3, 0xED63, 0xED04,
    0xE565, 0xEE65, 0xF6C6, 0xF6C5, 0xF6C6, 0xF685, 0xF666, 0xE505,
    0xDC65, 0xDC45, 0xDBA3, 0x6181, 0x3261, 0xB342, 0xED84, 0xFFC6,
    0xF6E7, 0xDC64, 0x7CA6, 0xBDC2, 0x9CA8, 0xAD74, 0xBE1A, 0xC69B,
    0xC617, 0x742A, 0xA483, 0xA3E3, 0x6402, 0x6304, 0xB382, 0xC2A2,
    0xCA23, 0xBC22, 0xA423, 0xDA82, 0xDA83, 0xDBC5, 0xD363, 0xC9E2,
    0xD423, 0xAC02, 0x8524, 0xBEA4, 0xCE23, 0xB503, 0xB542, 0x9C43,
    0xCE49, 0xDE29, 0x9E8A, 0x39E7, 0x5901, 0x5142, 0x5942, 0x3922,
    0x2861, 0x40C1, 0x40A2, 0x40C1, 0x2882, 0x4081, 0x6A04, 0x6205,
    0x6205, 0x6205, 0x61E5, 0x61E5, 0x59E5, 0x4984, 0x8AA5, 0x7B08,
    0x4229, 0x5166, 0x8329, 0x6A88, 0x4964, 0x4964, 0x4985, 0x4985,
    0x4144, 0x6A05, 0x7A46, 0x9B6B, 0x8AE8, 0x7246, 0x7A66, 0x7A67,
    0x7A67, 0x8287, 0xAC2D, 0x8AC8, 0x7A86, 0xAC0D, 0xA3CB, 0x82A7,
    0x82C7, 0x8AE8, 0x8B08, 0x9308, 0x8328, 0x6A46, 0x9B06, 0x9348,
    0x9B48, 0x9B68, 0x9B68, 0x9B68, 0xABC9, 0x5205, 0x38E1, 0x4962,
    0x4963, 0x3881, 0x59C3, 0x7286, 0x7286, 0x7287, 0x7267, 0x6A08,
    0x79C6, 0x8A84, 0xAB43, 0xE548, 0xEE2E, 0xCDAB, 0xCD69, 0xD54A,
    0x9CE8, 0xB5EB, 0xA5AD, 0xBD4E, 0xD58F, 0xCD4E, 0xCD6F, 0xDDD0,
    0xC52E, 0xAD8F, 0xA56E, 0xD5F3, 0xF739, 0xEF39, 0xE6F9, 0xFFF7,
    0xFFF4, 0xA50D, 0x5B60, 0x73E0, 0x6320, 0x2102, 0x4AC1, 0x5BA0,
    0x3140, 0x4982, 0x73D1, 0x730F, 0x7229, 0x81E4, 0x9244, 0xAB25,
    0xAB66, 0x92E7, 0x8AE7, 0x7AC7, 0x72A7, 0x6226, 0x51A5, 0x5164,
    0x4922, 0x5901, 0x6982, 0x6982, 0x61A3, 0x8A22, 0xCC03, 0xE584,
    0xF687, 0xF666, 0xEE87, 0xDE26, 0xEE06, 0xEEA7, 0xEE25, 0xEE04,
    0xE502, 0xE542, 0xBB42, 0xC3A1, 0xDE23, 0xC503, 0xC5C6, 0xC706,
    0xB583, 0xB565, 0xD787, 0xB6E6, 0x9586, 0x8546, 0x7CC4, 0x73A1,
    0x62A1, 0x6BA2, 0x6382, 0x6AC1, 0x6261, 0x61E1, 0x58E1, 0x5121,
    0x5102, 0x5102, 0x5902, 0x50C2, 0x4922, 0x4A62, 0x52E2, 0x52E2,
    0x5AE2, 0x5B42, 0x6BA2, 0x61E1, 0x5A62, 0x74A3, 0x7423, 0x83E2,
    0x9443, 0xA4A3, 0xBCE3, 0xCD02, 0xDD03, 0xE4E8, 0xF505, 0xE462,
    0xD4C3, 0xFDC3, 0xED02, 0xE4A3, 0xECE3, 0xE524, 0xE5E5, 0xEEA6,
    0xF706, 0xF6C5, 0xF6A5, 0xF6E6, 0xF6C5, 0xF6A5, 0xF647, 0xE4A6,
    0xDC25, 0xDC66, 0xE3C3, 0x5180, 0x3A61, 0x3982, 0x4100, 0x7BE3,
    0xF723, 0xBAE2, 0x7CCA, 0xBD75, 0x95BA, 0xBF1D, 0xEFDB, 0xFF9A,
    0xFFBC, 0xFED2, 0x8240, 0x6C43, 0xB423, 0x6B49, 0xBAE4, 0xCA80,
    0xD201, 0xC3C3, 0x9CA2, 0xC283, 0xDB23, 0xD2C3, 0xDCE6, 0xD383,
    0xD282, 0xAA81, 0x7443, 0xCDA2, 0xB361, 0x7BA2, 0x9564, 0xBE64,
    0xD64A, 0xCE2A, 0xD689, 0x4C8A, 0x5083, 0x5961, 0x5922, 0x4142,
    0x2881, 0x40A1, 0x38C2, 0x40A2, 0x3081, 0x4962, 0x7225, 0x6205,
    0x6A05, 0x61E5, 0x61E5, 0x59C5, 0x6A05, 0x59C5, 0x8224, 0x9388,
    0x8B69, 0x4A47, 0x4165, 0x7AE8, 0x7AE9, 0x4985, 0x4964, 0x4165,
    0x51A5, 0x7A67, 0x7226, 0x82A8, 0x9B8B, 0x7A46, 0x7A67, 0x7A66,
    0x7A87, 0x7A66, 0x82C8, 0xAC4D, 0x82A7, 0x7A66, 0xA3CB, 0xAC2D,
    0x8AC7, 0x8AE7, 0x8B08, 0x8B08, 0x9B28, 0x6AE8, 0x8265, 0x9B68,
    0x9348, 0x9B68, 0x9B68, 0x9B68, 0x9BA8, 0x3922, 0x4922, 0x4962,
    0x4942, 0x20C1, 0x82E6, 0x8AE6, 0x82C6, 0x7AC6, 0x6A65, 0x8365,
    0x7BE8, 0x72E9, 0x6A09, 0x7186, 0x8204, 0x9BC3, 0xAD24, 0xADC8,
    0xBE6D, 0xBE4E, 0xC64F, 0xBE50, 0xB60F, 0xB60F, 0xB60F, 0xADEF,
    0xB60F, 0xC671, 0xBE70, 0xB58E, 0xCD09, 0xE588, 0xEE0E, 0xFEEC,
    0xB3A2, 0x7AC0, 0x63A0, 0x6BC0, 0x5AC0, 0x2901, 0x52C0, 0x7400,
    0x4AC0, 0x2900, 0xC675, 0xCF3C, 0x9E1B, 0x7CD8, 0x73B1, 0x8A66,
    0x9A43, 0x9AA5, 0x9B08, 0xA327, 0xA326, 0x9B48, 0x8B29, 0x7AE7,
    0x6A46, 0x59E5, 0x59A4, 0x5963, 0x5142, 0x5122, 0x48E2, 0x6942,
    0x81C2, 0x9222, 0xA2A2, 0xB322, 0xB322, 0xCC22, 0xD4C3, 0xD4C4,
    0xCC23, 0xBB01, 0xD4E3, 0xB241, 0xC2E1, 0xDCE2, 0xDD02, 0xECC2,
    0xDBE1, 0xD441, 0xFE83, 0xFE84, 0xF584, 0xED63, 0xE481, 0xC2A1,
    0xAAE1, 0xB381, 0xAB01, 0x9241, 0x79C1, 0x7161, 0x58E1, 0x5102,
    0x5101, 0x48E1, 0x4162, 0x4AC2, 0x7443, 0xBD22, 0xD422, 0xC362,
    0xD5C3, 0xED81, 0xCAA1, 0xA443, 0xD6C3, 0xFDA2, 0xF583, 0xEDA3,
    0xECE3, 0xEC63, 0xEC82, 0xEC84, 0xE4A8, 0xDCA4, 0xDCA2, 0xE4E3,
    0x61A2, 0x8B22, 0xED24, 0xDD05, 0xDD45, 0xE5E5, 0xEE85, 0xF665,
    0xF625, 0xFEC5, 0xF6C5, 0xF6C5, 0xF6C5, 0xF6C5, 0xF627, 0xE4C6,
    0xDC65, 0xD486, 0xEC64, 0x69A1, 0x1940, 0x31C2, 0x2A22, 0x1202,
    0x9504, 0xB364, 0x74AB, 0xBE7A, 0xEF98, 0xFF57, 0xFEF8, 0xF73B,
    0xF75B, 0xFFBB, 0xB488, 0x6260, 0x6B55, 0x967B, 0xC61B, 0xBD33,
    0xBAE6, 0xC2E2, 0xA502, 0xB2E2, 0xDB26, 0xDB23, 0xD324, 0xDD46,
    0xD342, 0xCAA2, 0x73A1, 0xA4A2, 0x94C4, 0x9604, 0xBE24, 0xCE04,
    0xD64A, 0xCE4A, 0xDE4A, 0x9669, 0x39C5, 0x5901, 0x5943, 0x4942,
    0x28A2, 0x48A1, 0x38C2, 0x38C2, 0x30A1, 0x7204, 0x6A25, 0x6A05,
    0x6205, 0x61E5, 0x61E5, 0x61C5, 0x6A25, 0x49C5, 0x9284, 0x93C7,
    0x8AA7, 0x8AE7, 0x62C7, 0x3986, 0x6227, 0x834A, 0x6248, 0x4164,
    0x7205, 0x7A46, 0x7226, 0x8287, 0xA3CC, 0x7A46, 0x7A67, 0x7A66,
    0x7A67, 0x7A87, 0x7A66, 0x9309, 0xAC2D, 0x82A7, 0x7A86, 0x9B8B,
    0xB46E, 0x8B08, 0x8AE7, 0x9308, 0x9308, 0x9348, 0x6A87, 0x9B06,
    0x9369, 0x9B48, 0x9368, 0xABC9, 0x7264, 0x30C1, 0x4942, 0x4962,
    0x38E1, 0x4963, 0x9306, 0x8AC6, 0x8AC6, 0x8AE6, 0x8306, 0x72C6,
    0x9385, 0xA525, 0x9D87, 0x8489, 0x7B8A, 0x7AAB, 0x8249, 0xA2E7,
    0xBC07, 0xC548, 0xCE2B, 0xCE8E, 0xCE90, 0xCE70, 0xC650, 0xC671,
    0xCEB1, 0xD62B, 0xC5AC, 0xAD72, 0x742E, 0x62E5, 0x8B60, 0x9AC0,
    0x4A01, 0x5380, 0x6B80, 0x63AA, 0x4B2C, 0x18E5, 0x4AC8, 0x638A,
    0x6450, 0x2A8E, 0xB554, 0xFF39, 0xFF76, 0xEE2C, 0xAC26, 0x6A42,
    0x5960, 0x79E1, 0x8A84, 0x92E6, 0x92A6, 0xA307, 0xA346, 0xAB26,
    0xA347, 0x9B27, 0x8B07, 0x7AA7, 0x6206, 0x69A4, 0x6183, 0x6183,
    0x61A2, 0x5983, 0x4942, 0x4902, 0x4902, 0x5102, 0x6122, 0x6122,
    0x6162, 0x5922, 0x6942, 0x6162, 0x58E2, 0x6921, 0x7161, 0x6922,
    0x6122, 0x6142, 0x6922, 0xA942, 0x8142, 0x6102, 0x6102, 0x5902,
    0x58E2, 0x50C2, 0x48C2, 0x48E3, 0x4922, 0x5121, 0x5161, 0x51A1,
    0x59A1, 0x8181, 0xA202, 0xC242, 0xD9C2, 0xC962, 0xCB23, 0xD482,
    0xDB21, 0xB222, 0xACE3, 0xE581, 0xE261, 0xAA42, 0xBD83, 0xF622,
    0xDA80, 0xB3C4, 0xD4E8, 0xD4A8, 0xE4C3, 0xE462, 0xDCA3, 0xED04,
    0xC443, 0x28A3, 0xAD25, 0xFF66, 0xE443, 0xD565, 0xE686, 0xE665,
    0xE5E5, 0xDD65, 0xF685, 0xF6C5, 0xF6A5, 0xF6C5, 0xF5A8, 0xE4A6,
    0xDC65, 0xDC85, 0xECA4, 0x9A41, 0x1961, 0x2161, 0x2203, 0x64C8,
    0xB688, 0xD426, 0x9D6A, 0xB5B7, 0xE73A, 0xEF19, 0xE6FA, 0xEF7B,
    0xFF7B, 0xF7BB, 0xFF56, 0x8AC2, 0x4B71, 0xE7DC, 0xFFBB, 0xF7FE,
    0xEF95, 0xBB61, 0xA462, 0xA3C2, 0xD244, 0xDBC6, 0xD2C3, 0xDC46,
    0xDCE4, 0xD2E2, 0xCB21, 0x7302, 0x9E24, 0xDE63, 0xDE24, 0xC624,
    0xD649, 0xCE06, 0xC5A4, 0xC5E2, 0x4402, 0x50A2, 0x5964, 0x5183,
    0x28E2, 0x40A1, 0x40C2, 0x38C2, 0x40C1, 0x7224, 0x6A05, 0x6A05,
    0x6A05, 0x6205, 0x59E5, 0x61E5, 0x61C4, 0x6226, 0x8A85, 0x8B07,
    0x82A7, 0x8AA7, 0x8AA7, 0x6AA7, 0x39C6, 0x4985, 0x72E8, 0x93AB,
    0x932A, 0x82C8, 0x82A7, 0xA3CC, 0x934A, 0x7226, 0x7A67, 0x7A66,
    0x7A67, 0x7A67, 0x8287, 0x7A66, 0x936A, 0xAC0C, 0x82A7, 0x8287,
    0x9B6A, 0xB48E, 0x9328, 0x8AE7, 0x9308, 0x9B28, 0x72E8, 0x79C3,
    0xA365, 0xA387, 0xABA7, 0x8AA4, 0x30E1, 0x4142, 0x4142, 0x4962,
    0x20A1, 0x7265, 0x8AE6, 0x82C6, 0x8AC6, 0x8AC6, 0x8AE6, 0x9306,
    0x7AC6, 0x82A6, 0xA405, 0xBDA5, 0xB629, 0xAE0D, 0x9D4D, 0x8C8E,
    0x838D, 0x8AEC, 0x9B4A, 0xB429, 0xC50A, 0xC5EC, 0xCE4D, 0xCE0B,
    0xBC84, 0x7225, 0x9D38, 0xC6DC, 0xBEBB, 0x961A, 0x4B09, 0x5160,
    0x5A21, 0x62A0, 0x5B4B, 0xAE16, 0xAE36, 0x6539, 0x9E5B, 0xA618,
    0xCE75, 0xC6FA, 0xCEB9, 0xE6B7, 0xB40D, 0x58C0, 0x4100, 0x3980,
    0x3180, 0x4180, 0x5180, 0x71E1, 0x8223, 0x92E5, 0x9326, 0x9287,
    0x9AA5, 0xA2A5, 0xAB46, 0xAB47, 0xA348, 0x8B27, 0x7AA7, 0x7246,
    0x69E4, 0x71C3, 0x71A3, 0x69A3, 0x61A3, 0x6163, 0x6162, 0x6182,
    0x6182, 0x6142, 0x5963, 0x5121, 0x5942, 0x5922, 0x50E2, 0x5902,
    0x5142, 0x5941, 0x5141, 0x99A2, 0x91C2, 0x5981, 0x6181, 0x6201,
    0x6A82, 0x6A81, 0x7281, 0x8B83, 0x7303, 0x5240, 0x5281, 0x52C1,
    0x62E1, 0x7AC1, 0x7AA1, 0x6AA1, 0x79E2, 0xC483, 0xEE83, 0xDB62,
    0xA383, 0xC603, 0xFE43, 0xD362, 0x9BE3, 0xCDE3, 0xF662, 0xEC63,
    0x92C7, 0xCE89, 0xF6A6, 0xEE41, 0xCA62, 0xBD45, 0xE645, 0xDE65,
    0xEDC4, 0x58E3, 0x3A64, 0xEF25, 0xE2E2, 0xD5A6, 0xFF86, 0xF5E4,
    0xED44, 0xEE85, 0xDE25, 0xF6C5, 0xF685, 0xF6A6, 0xED48, 0xE4E5,
    0xDC85, 0xDC65, 0xE485, 0xAA80, 0x1902, 0x2B83, 0x9587, 0xE709,
    0xFF48, 0xC486, 0xAD8B, 0xBE7D, 0xEFFD, 0xFF9C, 0xFF9A, 0xF718,
    0xF73A, 0xF77A, 0xF77A, 0xED28, 0x49EB, 0xAF1D, 0xFF9A, 0xF73C,
    0xFFF5, 0xE3A2, 0xB3C2, 0x9C62, 0xBA42, 0xDB65, 0xD385, 0xD364,
    0xE526, 0xDBC2, 0xD2A2, 0xAB62, 0x94C2, 0xB4E3, 0xB5C3, 0xCE23,
    0xBDA3, 0xB582, 0xB562, 0xC562, 0x8602, 0x3A03, 0x6942, 0x59A2,
    0x2902, 0x3881, 0x40E2, 0x38A2, 0x3881, 0x7203, 0x6225, 0x7A06,
    0x7A08, 0x6205, 0x6205, 0x61E5, 0x61C4, 0x7286, 0x69E5, 0x8AC6,
    0x8AA7, 0x8AA7, 0x8287, 0x8A87, 0x82A7, 0x5247, 0x61C5, 0x8A86,
    0x9329, 0x9B6A, 0x9B8B, 0x9309, 0x7A46, 0x7A67, 0x7A67, 0x7A66,
    0x7A67, 0x7A67, 0x7A87, 0x8287, 0x7A66, 0x9BAB, 0xA3EC, 0x82A7,
    0x82A7, 0x9349, 0xBCAE, 0x9328, 0x8AE7, 0x9B28, 0x7B48, 0x20E4,
    0x60E0, 0x7182, 0x6161, 0x30C1, 0x4122, 0x4122, 0x4942, 0x3901,
    0x3122, 0x8AE6, 0x82C6, 0x82C6, 0x8AC6, 0x8AC6, 0x8AE6, 0x8AE6,
    0x9306, 0x8B06, 0x72A7, 0x8AE6, 0xB486, 0xCE2A, 0xC66D, 0xC66E,
    0xBE4E, 0xB690, 0x93A7, 0x7A03, 0x92A5, 0xA306, 0xAB67, 0x7A66,
    0x3104, 0x63AE, 0xF7B9, 0xFF79, 0xF79B, 0xFFBB, 0x7473, 0x30C4,
    0x5160, 0x28C0, 0x8C4B, 0xEF15, 0xE6B6, 0xF77A, 0xF739, 0xEEF8,
    0xDEBA, 0xEF3A, 0xEF3A, 0xE71B, 0xA65B, 0x4437, 0x31A7, 0x3940,
    0x3981, 0x39A1, 0x39A1, 0x41C1, 0x49C1, 0x69E0, 0x92C2, 0x9B65,
    0x9387, 0x9348, 0x92E8, 0xA327, 0xA348, 0xAB46, 0xAB46, 0xA367,
    0x9B47, 0x8AC6, 0x7A86, 0x61C4, 0x6A44, 0x7AE6, 0x72E7, 0x6226,
    0x7324, 0x7B42, 0x7301, 0x6AA1, 0x6A80, 0x6AA3, 0x6B85, 0x7BA4,
    0x7B64, 0x8BA4, 0x8362, 0x9B81, 0xBC44, 0xA4C5, 0xA4A5, 0xACC4,
    0xBC42, 0xBC23, 0xAB82, 0x8303, 0x5BE5, 0x5303, 0x5262, 0x5AC1,
    0x5AC2, 0x4AA2, 0x4AE2, 0x4A22, 0xAC63, 0xF623, 0xF583, 0xD5E3,
    0xDD02, 0xE543, 0xEE23, 0xEE41, 0xE421, 0xD4A4, 0xEE07, 0xEE69,
    0xEEA6, 0xF5E4, 0xFE81, 0xD961, 0x93A4, 0xE724, 0xF6A4, 0xF6A5,
    0xED04, 0x6963, 0x2964, 0xBEC6, 0xEC64, 0xD606, 0xFEC5, 0xF685,
    0xD2C3, 0xEE86, 0xF645, 0xEDC5, 0xF6A5, 0xF5E7, 0xE507, 0xDD25,
    0xE5C8, 0xDC46, 0xE484, 0xBA61, 0x11C3, 0x8CE5, 0xEE49, 0xEECA,
    0xFEC8, 0xBCE8, 0xB646, 0xA52B, 0xE6D3, 0xFF5B, 0xF79C, 0xF75C,
    0xEF7C, 0xF77D, 0xF7FA, 0xFD64, 0x69A5, 0x967B, 0xFFFD, 0xFFFB,
    0xFE08, 0xBAA4, 0xD404, 0xA502, 0xAB02, 0xD2E3, 0xD343, 0xD3A4,
    0xEDA5, 0xE443, 0xCA82, 0xD342, 0x9C63, 0xA5C4, 0xBDC3, 0xB461,
    0xB584, 0xB562, 0xB563, 0xC5C6, 0xC686, 0x4C66, 0x58A1, 0x5982,
    0x3922, 0x3881, 0x40C1, 0x38C1, 0x3081, 0x6981, 0x7245, 0xAA2B,
    0x7208, 0x6224, 0x61E5, 0x59E5, 0x69C4, 0x7AA7, 0x6206, 0x8AC6,
    0x82A7, 0x82C7, 0x8287, 0x8287, 0x8287, 0x8286, 0x6A87, 0x61E6,
    0x7A04, 0x7246, 0x7226, 0x7226, 0x7A46, 0x7A67, 0x7A67, 0x7A66,
    0x7A67, 0x7A67, 0x7A87, 0x8287, 0x7A87, 0x7A66, 0xA3EC, 0xA3AB,
    0x82A7, 0x82A7, 0x9B69, 0xBCAE, 0x9308, 0x8AE8, 0x9B68, 0x3207,
    0x28A1, 0x3102, 0x3102, 0x4122, 0x4122, 0x4122, 0x4942, 0x28A1,
    0x6224, 0x8AC6, 0x82A6, 0x8AC6, 0x8AE6, 0x8AC6, 0x8AE6, 0x8AE6,
    0x8AE6, 0x92E6, 0x9326, 0x8307, 0x7AA6, 0x9305, 0xBCC7, 0xCE2B,
    0xCEB0, 0xBCE8, 0x4140, 0x3940, 0x4960, 0x5980, 0x69C1, 0x7201,
    0x7349, 0x9C95, 0xC451, 0xCCF0, 0xE5B0, 0xEDEF, 0xCE50, 0x642E,
    0x3122, 0x2941, 0x69E1, 0xDD4C, 0xDEB7, 0xEEFA, 0xE6D7, 0xE6F9,
    0xEF3A, 0xEF3A, 0xEF19, 0xEF17, 0xFF7A, 0xEF9B, 0x8DFB, 0x3208,
    0x3980, 0x39A1, 0x41A1, 0x41C1, 0x49E1, 0x41C0, 0x4180, 0x72E1,
    0x8B02, 0xA364, 0xB407, 0xB409, 0xAC6B, 0xA388, 0xA2C6, 0xAB26,
    0xAB66, 0xAB46, 0xAB67, 0x9B47, 0x8B06, 0x92E5, 0xA366, 0xA428,
    0x9407, 0xB405, 0xC422, 0xD4C0, 0xCBC1, 0x8B82, 0x8BC1, 0x93C3,
    0xAD67, 0xDE47, 0xD5A5, 0xAB62, 0xC464, 0xD524, 0xC525, 0xCD05,
    0x9383, 0x8362, 0x7342, 0x7C65, 0x9DC7, 0xAE06, 0x8C84, 0x7342,
    0x6383, 0x6BC3, 0x5AE2, 0x8B63, 0xF623, 0xED83, 0xF642, 0xF3C1,
    0xBC02, 0xE684, 0xF482, 0xC964, 0xA3E7, 0xDE48, 0xF625, 0xFE42,
    0xDB42, 0xCDA3, 0xD9C1, 0x8A63, 0xCEA4, 0xFE24, 0xEE24, 0xEDE5,
    0xDCA4, 0x6903, 0x3264, 0xC746, 0xFE25, 0xEE86, 0xF584, 0xEDA5,
    0xEE46, 0xE686, 0xFE65, 0xD4C5, 0xE567, 0xE4E7, 0xDCE6, 0xDE06,
    0xF6AA, 0xE54C, 0xDD45, 0xAA61, 0x33C5, 0xC4C9, 0xD64C, 0xF747,
    0xFE45, 0xB4E7, 0xBE25, 0xAD23, 0x9CE2, 0xB550, 0xF755, 0xFECF,
    0xFE72, 0xF6F4, 0xF607, 0xB281, 0x4981, 0x62E7, 0xD5AC, 0xF567,
    0xC3A3, 0xBBC5, 0xDBC4, 0xAD83, 0x9C82, 0xC263, 0xDBC3, 0xD324,
    0xDCC5, 0xE483, 0xD2E2, 0xCB01, 0xA2E2, 0x9DA4, 0xD6A4, 0xCD43,
    0xB64D, 0xBD88, 0xD668, 0xDECF, 0xDE8E, 0x96CE, 0x3A4C, 0x60E1,
    0x4162, 0x2881, 0x40A1, 0x40C1, 0x28A2, 0x48A0, 0x8A47, 0x8A10,
    0x6A05, 0x6205, 0x61E5, 0x59E5, 0x69C4, 0x82C7, 0x6226, 0x8A86,
    0x82C7, 0x82C7, 0x8287, 0x8287, 0x7A87, 0x7A87, 0x8287, 0x6A67,
    0x61E6, 0x7A25, 0x7A66, 0x7A47, 0x7A46, 0x7A66, 0x7A47, 0x7A66,
    0x7A67, 0x7A67, 0x7A67, 0x8287, 0x8287, 0x8287, 0x8286, 0xAC2D,
    0x9B8B, 0x82A7, 0x82C7, 0xA3AA, 0xB48E, 0x8AE7, 0x9B28, 0x5AE8,
    0x28A2, 0x4121, 0x4122, 0x4122, 0x4122, 0x4142, 0x38E1, 0x28E1,
    0x82C6, 0x82A6, 0x82C6, 0x8AC6, 0x8AC6, 0x8AE6, 0x8AE6, 0x8AE6,
    0x8AE6, 0x8AE6, 0x8B06, 0x9306, 0x9326, 0x82E6, 0x7AA5, 0x9B45,
    0xBC66, 0x4980, 0x3160, 0x3981, 0x3161, 0x3161, 0x3120, 0x20C1,
    0x7AA3, 0xDED3, 0xB69B, 0xA5B7, 0xA4B3, 0xABF1, 0xC36E, 0xAB4B,
    0x5245, 0x4A64, 0x31A3, 0x6AA6, 0xEE50, 0xEE70, 0xE671, 0xEF37,
    0xF79B, 0xEF7B, 0xEF5B, 0xDE74, 0xEEF6, 0xEF39, 0xFFB8, 0x8C4A,
    0x3100, 0x41A0, 0x41A0, 0x41A0, 0x49E1, 0x49A0, 0x4180, 0x6301,
    0x6B42, 0x6B02, 0x9240, 0x9B41, 0xBCA6, 0xC4C9, 0xABEA, 0xAB69,
    0xAB27, 0xAB06, 0xAB06, 0xAB46, 0xB366, 0xAB46, 0x9B06, 0x9B26,
    0xA386, 0x9346, 0x9346, 0xB304, 0x9A82, 0x6B41, 0x6AE2, 0x7383,
    0xA442, 0x9B61, 0xA3A1, 0x7322, 0x7342, 0x7303, 0x8C04, 0x9425,
    0x8C23, 0x7322, 0x7302, 0x83A3, 0xBDA7, 0xC4A2, 0xA3A2, 0x7B84,
    0x7B83, 0x7C23, 0x8302, 0xDD82, 0xF5A2, 0xEE01, 0xEB41, 0xAB45,
    0xDEA7, 0xF428, 0xAA28, 0xA4E6, 0xE623, 0xEDA3, 0xF641, 0xDA62,
    0xA484, 0xEDE3, 0xAB62, 0xAAC2, 0xD604, 0xED44, 0xD504, 0xDD44,
    0xCC43, 0x4863, 0x4C64, 0xEEC5, 0xF5C4, 0xE5C5, 0xF624, 0xD383,
    0xF706, 0xF6A6, 0xFEE6, 0xDD06, 0xD4E8, 0xE546, 0xDCC5, 0xE666,
    0xF667, 0xEDCE, 0xFEC9, 0xA2A0, 0x4AE2, 0xDDA9, 0xCEB0, 0xDF08,
    0xF5A3, 0xB568, 0xBDC3, 0xA502, 0xAD2A, 0x9C8D, 0xA48B, 0xABCC,
    0x72C6, 0xA4E2, 0xC5A5, 0xA564, 0x83E2, 0x6221, 0x51E0, 0x6161,
    0xBB85, 0xE485, 0xD383, 0xC442, 0xA5C3, 0xB302, 0xD344, 0xD343,
    0xD405, 0xDCC4, 0xDB42, 0xC301, 0x79C2, 0x7E03, 0xD502, 0xABA2,
    0xD6EE, 0xC68F, 0xD5A5, 0xDE65, 0xDECE, 0xE70C, 0x5448, 0x4861,
    0x4982, 0x28A2, 0x40A1, 0x40C2, 0x38C1, 0x2882, 0x6104, 0x7247,
    0x6205, 0x61E5, 0x61E5, 0x59E5, 0x69E4, 0x9307, 0x6247, 0x8A66,
    0x8AE8, 0x82A7, 0x8287, 0x8287, 0x8287, 0x7A87, 0x7AA7, 0x8267,
    0x6A66, 0x6206, 0x7A05, 0x7A66, 0x7A47, 0x7A46, 0x7A47, 0x7A66,
    0x7A66, 0x7A67, 0x7A67, 0x7A87, 0x8287, 0x8287, 0x82A7, 0x82A7,
    0xAC2D, 0x9B8A, 0x82A7, 0x82C7, 0xAC2C, 0xAC0C, 0x92C7, 0x8348,
    0x2145, 0x38E1, 0x3922, 0x4122, 0x4102, 0x4942, 0x1881, 0x59E4,
    0x8AA6, 0x82A6, 0x82A6, 0x82C6, 0x82C6, 0x8264, 0x8AA5, 0x8AE6,
    0x8AE6, 0x8AE6, 0x8B06, 0x9306, 0x9306, 0x9306, 0x9326, 0x82E6,
    0x6A86, 0x3A05, 0x3163, 0x3141, 0x3960, 0x3920, 0x3A68, 0x5388,
    0x4140, 0xA302, 0xEE4F, 0xE6D5, 0xD695, 0xCEFA, 0xBEFC, 0xADB4,
    0x69E1, 0x6940, 0x71A1, 0x79E1, 0xAB07, 0xAB6B, 0xB38A, 0xCC07,
    0xE4A7, 0xE549, 0xEDAC, 0xDD8C, 0xDD6C, 0xE56A, 0xC427, 0x72A4,
    0x3225, 0x3A04, 0x39E4, 0x39E4, 0x4204, 0x39C3, 0x39E4, 0x6B46,
    0x7367, 0x6BC8, 0xA367, 0xB3A3, 0xAC42, 0xB3E3, 0xB3A3, 0xBC47,
    0xBC8A, 0xB42B, 0xAB89, 0xAB28, 0xAB28, 0xAB27, 0xAB26, 0xAB46,
    0xB386, 0xAB26, 0xA325, 0x9346, 0x72E5, 0x6242, 0x6AC1, 0x7321,
    0x72E1, 0x6B02, 0x6B44, 0x7302, 0x6B03, 0x8CE6, 0x8C87, 0x9D47,
    0x9CC5, 0x8C01, 0x7BE4, 0x7BC3, 0xA4C2, 0xA401, 0x72C1, 0x8CA5,
    0x8C01, 0x6AA1, 0xBC83, 0xF5C5, 0xEDE7, 0xEC29, 0xAB0A, 0xD669,
    0xEB45, 0xA344, 0xC642, 0xF562, 0xDD43, 0xEDE2, 0xDA02, 0x9BC3,
    0xDE03, 0xF6A3, 0xDAA0, 0x9223, 0xDEE4, 0xEDC4, 0xCC65, 0xDE04,
    0xB202, 0x2284, 0xAD63, 0xEE05, 0xEDC3, 0xDD04, 0xFF04, 0xD2E2,
    0xDD45, 0xF6E5, 0xF6C8, 0xEDC6, 0xD4E5, 0xE4C5, 0xD565, 0xEEC6,
    0xF647, 0xE548, 0xFE09, 0xE586, 0x5A61, 0xBC64, 0xDECB, 0xE7EB,
    0xFEC6, 0xC5C7, 0xCDA4, 0x9C30, 0x8D58, 0xC6BB, 0xCEFD, 0xBF1D,
    0xC6FB, 0xAD6A, 0xCD62, 0xE563, 0xED82, 0xCBE2, 0x9B63, 0x59E2,
    0x6A82, 0xD425, 0xE465, 0xD382, 0xA4C2, 0xA442, 0xCAA3, 0xD3A3,
    0xCC24, 0xCC84, 0xDB62, 0xC302, 0x8242, 0x8482, 0x9B23, 0x6383,
    0xDEAC, 0xC607, 0xB542, 0xCDE3, 0xD5A6, 0xCB61, 0xA441, 0x3242,
    0x58E1, 0x2902, 0x3881, 0x38A2, 0x38A1, 0x3944, 0x28C5, 0x6100,
    0x6A23, 0x6205, 0x61E5, 0x59C4, 0x7225, 0x9307, 0x6A87, 0x8205,
    0x8A44, 0x8A85, 0x8AC6, 0x8287, 0x7A67, 0x82A6, 0x7AC7, 0x7A66,
    0x7A66, 0x7266, 0x5A06, 0x79E5, 0x7A66, 0x7A47, 0x7A46, 0x7A46,
    0x7A66, 0x7A67, 0x7A67, 0x7A67, 0x8287, 0x8287, 0x8287, 0x82A7,
    0x82A7, 0xAC2D, 0x9BAB, 0x82A7, 0x8AE7, 0xBCAF, 0x9B49, 0x9328,
    0x4A66, 0x28A1, 0x3922, 0x3902, 0x4122, 0x38E1, 0x2902, 0x82A6,
    0x7AA6, 0x8286, 0x82A6, 0x82A6, 0x82C6, 0x5A45, 0x72E9, 0x8A66,
    0x8AC5, 0x8AE6, 0x8AE6, 0x8AE6, 0x9306, 0x9306, 0x92E6, 0x9306,
    0x9B26, 0x9347, 0x6AE7, 0x4246, 0x3143, 0x3A04, 0x9D6A, 0x6220,
    0x2900, 0x4A41, 0x9C22, 0xDD8C, 0xE6B4, 0xEEF6, 0xFED2, 0xB443,
    0x4B60, 0x3A80, 0x39E0, 0x3920, 0x6242, 0x9BC6, 0x9387, 0x69C2,
    0x6900, 0x7940, 0x8160, 0x8980, 0x91A0, 0x91C1, 0x71C2, 0x7222,
    0x7A83, 0x6A43, 0x6A43, 0x6A43, 0x6A43, 0x6A43, 0x6A23, 0x7224,
    0x7A46, 0x8B0B, 0xA3E7, 0xBB21, 0xD341, 0xCC20, 0xABE0, 0x9340,
    0xA342, 0xBC04, 0xC4A7, 0xBCA9, 0xB44B, 0xB3CA, 0xABA9, 0xAB87,
    0xB367, 0xB367, 0xAB48, 0xAB47, 0xAB47, 0x92E7, 0x7A65, 0x72A4,
    0x7303, 0x6B23, 0x9D66, 0x8CC6, 0x9587, 0x9C22, 0xB483, 0x9C45,
    0xBD46, 0x8B63, 0x83A3, 0x93A2, 0x8303, 0x7B86, 0x6B87, 0x8C69,
    0x93E9, 0x83AB, 0xF62A, 0xED8A, 0xED47, 0xC445, 0xD623, 0xF562,
    0xB3E2, 0xCDE2, 0xEC62, 0xCD43, 0xED41, 0xD1A2, 0x9C42, 0xD482,
    0xD5C3, 0xF420, 0x9802, 0xA5A4, 0xFEA4, 0xED44, 0xD4E4, 0xDB82,
    0x4164, 0x7664, 0xEC04, 0xDE45, 0xF583, 0xD4A4, 0xF745, 0xE422,
    0xC2C2, 0xF6A5, 0xF6A5, 0xF645, 0xDC25, 0xCCE5, 0xE6A5, 0xFEA6,
    0xF626, 0xEDA7, 0xECA8, 0xF5CF, 0xDE04, 0x83E2, 0xD544, 0xEF06,
    0xFEC8, 0xDE87, 0xCCD1, 0x965D, 0xE7BA, 0xFF7B, 0xFF9B, 0xFFBA,
    0xFF9B, 0xF6D5, 0xABE3, 0xC525, 0xD587, 0xDDA8, 0xDD46, 0xC364,
    0x6AA2, 0x5AC2, 0xBBE4, 0xE403, 0xBBE1, 0x94E2, 0xAB22, 0xD323,
    0xCC04, 0xCC44, 0xD361, 0xCAA2, 0x82C4, 0x63C2, 0x7442, 0xA563,
    0xBDCA, 0xBD62, 0xB582, 0xD5E4, 0xBB02, 0xC382, 0xEDA2, 0x65C3,
    0x40C2, 0x3921, 0x3081, 0x4081, 0x3962, 0x4264, 0x30E3, 0x2861,
    0x58E1, 0x69E2, 0x6205, 0x59E5, 0x7A25, 0x92C7, 0x7AE7, 0x3986,
    0x4923, 0x5964, 0x7184, 0x8224, 0x8285, 0x8AA7, 0x7A86, 0x7A66,
    0x7A46, 0x7A46, 0x7266, 0x5A07, 0x7A05, 0x7A66, 0x7A47, 0x7A46,
    0x7A66, 0x7A66, 0x7A67, 0x7A67, 0x7A87, 0x8287, 0x8287, 0x8287,
    0x82A7, 0x82A7, 0xAC2D, 0xAC0C, 0x82A6, 0x9B8A, 0xB44D, 0x9307,
    0x4163, 0x30E2, 0x3922, 0x3902, 0x4122, 0x18A1, 0x6225, 0x8286,
    0x7A85, 0x8286, 0x82A6, 0x82A6, 0x82C6, 0x6A65, 0x9529, 0x74AD,
    0x7A88, 0x8A85, 0x8AE5, 0x8AE6, 0x8AE6, 0x9306, 0x9306, 0x9306,
    0x9306, 0x9306, 0x9B06, 0x9346, 0x72E6, 0x7B87, 0x7B07, 0x2103,
    0x3141, 0x4140, 0x6B40, 0x83A0, 0xBC42, 0xCCA4, 0x9BA0, 0x5B40,
    0x6BA0, 0x6BC0, 0x5B80, 0x31E0, 0x3120, 0x4940, 0x5160, 0x3980,
    0x3181, 0x3981, 0x3981, 0x4181, 0x4981, 0x5181, 0x5980, 0x6180,
    0x6980, 0x69A0, 0x6980, 0x69A1, 0x71C0, 0x6982, 0x7282, 0x72C2,
    0x73E8, 0x7E11, 0x860A, 0x7B82, 0x8B02, 0xB2E2, 0xC341, 0xC422,
    0xB481, 0x92C6, 0x9B2E, 0xB3C9, 0xC486, 0xC4A8, 0xBC69, 0xBC68,
    0xBC28, 0xB3E8, 0xB3C8, 0xB387, 0xB3C8, 0xB408, 0xBC09, 0xABA9,
    0xAB8A, 0x9BAA, 0xBC2A, 0xB4CA, 0xD5E9, 0x948A, 0x850C, 0x9DAC,
    0xB5EE, 0xAE50, 0x9CEB, 0x7C4B, 0x8D6C, 0xAE4B, 0xBD49, 0x9CE8,
    0x93C4, 0xDDE3, 0xEBC1, 0xD501, 0xED41, 0xD5A2, 0xF582, 0xEDA3,
    0xF602, 0xEBE2, 0xC503, 0xE4C1, 0xBA22, 0xACE2, 0xD2C1, 0xAC23,
    0xE582, 0xB001, 0x8B83, 0xE6A4, 0xF5C4, 0xDC83, 0xDB61, 0x68C2,
    0x5DA5, 0xFE22, 0xD364, 0xE6C5, 0xF583, 0xDD64, 0xF6A4, 0xF603,
    0xC201, 0xD4A4, 0xFEE4, 0xEC64, 0xD505, 0xE685, 0xFEC5, 0xFEA6,
    0xF627, 0xEE67, 0xEC25, 0xCC91, 0xFF6E, 0xC4C2, 0x8BC2, 0xCD63,
    0xEDA4, 0xDE07, 0xD5B4, 0xDF56, 0xFEF7, 0xF75B, 0xFF9B, 0xF79B,
    0xF77B, 0xFFBA, 0xD567, 0xC586, 0xF6EA, 0xF6EA, 0xEEE9, 0xE484,
    0xDC24, 0x92C2, 0x5B02, 0x93A3, 0xDB82, 0xA4A2, 0x9422, 0xC2A2,
    0xD343, 0xCC43, 0xDB02, 0xA362, 0x7B61, 0x6A21, 0x6AA2, 0x82A1,
    0xBE6E, 0xB566, 0xD622, 0xD4E3, 0xD4E3, 0xCDA3, 0xD322, 0xCDC1,
    0x3BC7, 0x4083, 0x20A1, 0x40A1, 0x4281, 0x39C2, 0x3081, 0x30A1,
    0x2082, 0x3881, 0x6121, 0x61C2, 0x8244, 0x9307, 0x92E7, 0x62C7,
    0x4164, 0x49A4, 0x4185, 0x48E3, 0x8204, 0x8287, 0x7A66, 0x7A66,
    0x7A66, 0x7A46, 0x7A26, 0x7266, 0x59E6, 0x7A05, 0x7A66, 0x7A46,
    0x7A46, 0x7A46, 0x7A67, 0x7A67, 0x7A67, 0x7A87, 0x7A87, 0x7A87,
    0x82A7, 0x82A7, 0x8287, 0xA3CB, 0xAC2D, 0xAC0C, 0xBC8E, 0x6A45,
    0x20A1, 0x3922, 0x3902, 0x3922, 0x28A1, 0x30E1, 0x82A5, 0x7A65,
    0x7A65, 0x7A86, 0x7A86, 0x8286, 0x82A6, 0x6A45, 0xA3C6, 0xC6CD,
    0x8DCD, 0x73EC, 0x8288, 0x9285, 0x8B05, 0x8B06, 0x8AE6, 0x92E6,
    0x92E6, 0x9306, 0x9306, 0x9306, 0x9B06, 0xA386, 0xA4AA, 0x7C2A,
    0x5329, 0x3227, 0x4163, 0x5AC0, 0x6380, 0x6360, 0x5B80, 0x6BA0,
    0x6BA0, 0x6BA0, 0x6BC0, 0x5BC0, 0x3A40, 0x3161, 0x3181, 0x3981,
    0x3981, 0x3981, 0x3981, 0x3981, 0x3981, 0x3981, 0x39A0, 0x39A0,
    0x39A0, 0x39A0, 0x41C1, 0x41E0, 0x4183, 0x53AA, 0x6B62, 0x6B42,
    0x74E6, 0x8F0B, 0xB6C7, 0x8C22, 0x6B41, 0x6AE1, 0x72C2, 0x92E1,
    0xC38A, 0xAD56, 0xB6B9, 0xADB8, 0x9C31, 0xB3C9, 0xBC26, 0xBC68,
    0xB468, 0xBC48, 0xBC48, 0xB3E7, 0xB3C7, 0xB386, 0xB345, 0xB345,
    0xBB85, 0xC3A6, 0xBBA7, 0xBB87, 0xBBA6, 0xB3C7, 0xCC67, 0xD508,
    0xCD85, 0xEE06, 0xDE68, 0xCE66, 0xD562, 0xBBC0, 0x9C02, 0xAC42,
    0xBBC1, 0xF4E1, 0xBAC2, 0xDDC3, 0xF5C2, 0xF421, 0xDD22, 0xF561,
    0xDB82, 0xBCC2, 0xEDC3, 0xE563, 0xCD41, 0xD1C1, 0x9B83, 0xDE63,
    0xECE3, 0x9BE3, 0xCE83, 0xFDE2, 0xEBE2, 0xBA42, 0x60E3, 0x39C3,
    0xC644, 0xFD22, 0xCB63, 0xEEA4, 0xF644, 0xEE44, 0xF624, 0xF664,
    0xE584, 0xD583, 0xF443, 0xCC64, 0xE6C4, 0xFE85, 0xFEC5, 0xFE67,
    0xEDE6, 0xF707, 0xEC04, 0xCC4A, 0xEFEF, 0xE623, 0x6B46, 0x6C0D,
    0x9C71, 0xA4CD, 0xB554, 0xEEF5, 0xEEB9, 0xF79B, 0xFF9B, 0xFF9B,
    0xFF79, 0xFF56, 0xDD2C, 0xAD2C, 0xE6AA, 0xF689, 0xEE8B, 0xE588,
    0xD444, 0xDBA3, 0xAB03, 0x6342, 0x7281, 0xAB81, 0x9CE1, 0xA3A2,
    0xD383, 0xD3C2, 0x9B62, 0x6A00, 0x6261, 0x5A21, 0x4B22, 0x7442,
    0xCECE, 0xBE0C, 0xD4A2, 0xCC42, 0xDD85, 0xCC22, 0xC524, 0xEC62,
    0x8F08, 0x3187, 0x2861, 0x4161, 0x4261, 0x38A1, 0x3081, 0x3081,
    0x3081, 0x2081, 0x2841, 0x3861, 0x6921, 0x79C2, 0x7A04, 0x69C4,
    0x4164, 0x5184, 0x4143, 0x3964, 0x7A67, 0x7A66, 0x7A66, 0x7A66,
    0x7A46, 0x7A46, 0x7226, 0x7A46, 0x6A47, 0x59E6, 0x79E5, 0x7A66,
    0x7A47, 0x7A46, 0x7A66, 0x7A67, 0x7A67, 0x7A67, 0x7A87, 0x7A87,
    0x8287, 0x8287, 0x82A7, 0x8287, 0x9308, 0xA3CB, 0x9B69, 0x3102,
    0x28E2, 0x3102, 0x3102, 0x38E2, 0x2161, 0x52E0, 0x7A04, 0x7A66,
    0x7A65, 0x7A65, 0x7A86, 0x8286, 0x8286, 0x7A66, 0x8305, 0xCE4C,
    0xCE2D, 0xB68F, 0x8590, 0x738D, 0x8268, 0x92A5, 0x8AE6, 0x8AE7,
    0x92E6, 0x92E6, 0x92E6, 0x9306, 0x9306, 0x92E6, 0xBC48, 0xC4AA,
    0xB4AA, 0x9CAA, 0x6BCA, 0x52A8, 0x5A85, 0x6303, 0x6B60, 0x6BA0,
    0x6BC0, 0x6BC0, 0x6BA0, 0x6BA0, 0x63E0, 0x4240, 0x3961, 0x3981,
    0x3980, 0x3980, 0x3980, 0x3980, 0x3980, 0x3160, 0x3960, 0x3960,
    0x4180, 0x41A1, 0x4181, 0x3943, 0x53EE, 0xAE0C, 0x7321, 0x6B42,
    0x8463, 0xCEA4, 0xE6C3, 0x9401, 0x8321, 0x9C24, 0xA4A6, 0xBCE9,
    0xA532, 0xDF39, 0xF718, 0xF779, 0xDF3B, 0xADB9, 0x9C30, 0xB3A7,
    0xC446, 0xBC87, 0xBC68, 0xBC68, 0xBC68, 0xBC68, 0xB428, 0xB3C8,
    0xAB67, 0xAB06, 0xAAE5, 0xAAE6, 0xAB05, 0xAB05, 0xAB07, 0xAAE6,
    0xAB06, 0x9264, 0x9AC3, 0xAB43, 0x8262, 0x6A82, 0x7321, 0x9A21,
    0xF5E2, 0xDB61, 0xC523, 0xFDE2, 0xDAE1, 0xAB82, 0xDD41, 0xD362,
    0xBD02, 0xED82, 0xEDC2, 0xF4A1, 0xC961, 0x9C43, 0xE662, 0xFDE3,
    0xF623, 0xFE23, 0xF441, 0xC9C1, 0x8102, 0x4143, 0x5183, 0x6243,
    0xCE84, 0xF441, 0xC3A3, 0xEEC4, 0xF643, 0xF644, 0xF663, 0xF663,
    0xF5A3, 0xEBC3, 0xCC64, 0xE664, 0xF644, 0xF685, 0xFEE5, 0xF606,
    0xEDE6, 0xF706, 0xEBE4, 0xCC88, 0xEF23, 0xDE4A, 0x857B, 0xA69C,
    0xC73B, 0xD73B, 0xC6DA, 0xE6F9, 0xEEF8, 0xEF18, 0xFF7B, 0xFFDD,
    0xFF9A, 0xF6F7, 0xDDCC, 0xCF2F, 0xF7F0, 0xEF8D, 0xF72D, 0xF74C,
    0xE505, 0xD4A5, 0xDBA3, 0xC424, 0x8BA3, 0x6241, 0x7B23, 0x8C01,
    0x9B02, 0x82A2, 0x6A01, 0x6120, 0x42C2, 0x8441, 0x7B81, 0x8402,
    0xDF0E, 0xC5EE, 0xCC04, 0xDE85, 0xC403, 0xE5C3, 0xD644, 0xDC82,
    0xF747, 0x4D09, 0x30A3, 0x4180, 0x4121, 0x3082, 0x30A1, 0x3081,
    0x2881, 0x2881, 0x2861, 0x2061, 0x1841, 0x30A1, 0x4944, 0x4124,
    0x4964, 0x4185, 0x49C6, 0x7AA7, 0x8287, 0x7A66, 0x7A66, 0x7A66,
    0x7A46, 0x7A46, 0x7226, 0x7226, 0x7A46, 0x7247, 0x5A06, 0x71E5,
    0x7A45, 0x7A47, 0x7A46, 0x7A66, 0x7A67, 0x7A66, 0x7A67, 0x7A87,
    0x7A87, 0x8287, 0x82A7, 0x82A7, 0x82A7, 0x8AC7, 0x61E4, 0x20A1,
    0x3102, 0x30E2, 0x3922, 0x28A1, 0x6341, 0x6C41, 0x61E2, 0x7A65,
    0x7A65, 0x7A65, 0x7A65, 0x7A86, 0x8286, 0x7A86, 0x7285, 0xC5EC,
    0xBE2F, 0xCE30, 0xCE6F, 0xAE90, 0x8570, 0x736D, 0x8268, 0x92E4,
    0x9306, 0x8AE6, 0x92E7, 0x92E6, 0x92E6, 0x92C6, 0xABA7, 0xB48A,
    0xB469, 0xBC89, 0xC4A9, 0xB4CA, 0x946A, 0x7BCA, 0x6B68, 0x6306,
    0x6323, 0x6341, 0x6B80, 0x6BC0, 0x6B80, 0x5200, 0x3980, 0x3980,
    0x3980, 0x3980, 0x3180, 0x3960, 0x49A1, 0x6263, 0x8344, 0x93C4,
    0xA444, 0xB4A4, 0x8C86, 0x5CE9, 0xB68B, 0xBDAB, 0x6B22, 0x7342,
    0x8382, 0xB502, 0xC4A1, 0xBB80, 0xCCC5, 0xE6CD, 0xEF54, 0xEF37,
    0xBD51, 0xF6F5, 0xEF19, 0xEF18, 0xF739, 0xF779, 0xDEF5, 0xA4D0,
    0x938D, 0xB3CA, 0xBC27, 0xBC89, 0xBC68, 0xBC48, 0xBC68, 0xBC68,
    0xBC88, 0xBC68, 0xB428, 0xB3E8, 0xB3C9, 0xAB88, 0xB387, 0xB2E4,
    0xAAE4, 0xA2C4, 0x8A24, 0x81E3, 0x7A03, 0x79E3, 0x71A2, 0x89E2,
    0xB2A2, 0xA222, 0xCBE2, 0xE3E2, 0xB362, 0xD481, 0xDB62, 0xCD02,
    0xF562, 0xF562, 0xF381, 0xB981, 0xACA2, 0xED62, 0xEC62, 0xD3C2,
    0xC2C2, 0xA1A1, 0x68C2, 0x40E3, 0x4183, 0x69C3, 0x6902, 0x7423,
    0xEEA4, 0xEC83, 0xC383, 0xEDC3, 0xF583, 0xF542, 0xECC2, 0xE3C2,
    0xD383, 0xCD23, 0xE643, 0xF603, 0xF603, 0xF664, 0xFE83, 0xF604,
    0xEE46, 0xFEE6, 0xEBE4, 0xD4E4, 0xF5E2, 0xA431, 0xBFB8, 0xFFD7,
    0xFEF7, 0xF73A, 0xFF9B, 0xFF7B, 0xF77B, 0xF738, 0xEEB4, 0xF66F,
    0xFF19, 0xFFF9, 0xE4C4, 0xB4C5, 0xFE27, 0xFF67, 0xFEC5, 0xFDC3,
    0xF4C2, 0xE3E3, 0xE462, 0xBAE2, 0xC362, 0x9A42, 0x5262, 0x7A62,
    0x6181, 0x5B61, 0x8A00, 0x5160, 0x4282, 0x83E3, 0x8363, 0x7B64,
    0xDF0E, 0xCCEC, 0xE603, 0xCD64, 0xCB41, 0xEE63, 0xD543, 0xD462,
    0xFEC5, 0xB707, 0x6387, 0x48A1, 0x3081, 0x30A2, 0x3081, 0x2881,
    0x2881, 0x2881, 0x2861, 0x2861, 0x2881, 0x4162, 0x49E6, 0x5A27,
    0x6A67, 0x7A87, 0x8AA7, 0x82A7, 0x7A66, 0x7A66, 0x7A66, 0x7A66,
    0x7A66, 0x7246, 0x7226, 0x7246, 0x7A46, 0x7A46, 0x7246, 0x5207,
    0x7206, 0x7A46, 0x7A46, 0x7A46, 0x7A67, 0x7A67, 0x7A67, 0x7A67,
    0x7A87, 0x8287, 0x8287, 0x82A7, 0x82C7, 0x82A7, 0x28C1, 0x28E2,
    0x30E2, 0x3102, 0x30A2, 0x2961, 0x8421, 0x7C41, 0x5A81, 0x7A05,
    0x7265, 0x7A45, 0x7A65, 0x7A65, 0x7A66, 0x8286, 0x6A44, 0xBD8A,
    0xC650, 0xC630, 0xC630, 0xCE30, 0xCE70, 0xAE90, 0x7D31, 0x69A5,
    0x8A44, 0x92A5, 0x92C5, 0x8AE6, 0x92E6, 0x8AC6, 0x9B26, 0xB469,
    0xB469, 0xB469, 0xB469, 0xBC69, 0xBC89, 0xBCA9, 0xB4A9, 0xA46A,
    0x8C0A, 0x7389, 0x6B27, 0x6305, 0x6323, 0x3161, 0x3940, 0x3960,
    0x3960, 0x39A0, 0x61C0, 0x8324, 0xBD46, 0xD607, 0xDE47, 0xDE67,
    0xDE88, 0xDE88, 0xE6E9, 0xEF49, 0xDE46, 0xBD84, 0x6B42, 0x7381,
    0x84A1, 0xA481, 0xBB40, 0xD401, 0xD5ED, 0xF779, 0xF778, 0xFFB3,
    0xC648, 0xCD2A, 0xEEF8, 0xEF39, 0xEF19, 0xEF7A, 0xE6B6, 0xDE52,
    0xAE15, 0xBE98, 0x9C28, 0xB383, 0xC446, 0xBCA8, 0xBC68, 0xBC48,
    0xBC48, 0xBC68, 0xBC68, 0xBC89, 0xBD0B, 0xBCEA, 0xBC4B, 0xABC9,
    0x8AC5, 0x9B85, 0x9325, 0x7A66, 0x7A03, 0x8A02, 0x81E2, 0x79C2,
    0x71A2, 0x71C3, 0x7983, 0x79A3, 0x81E3, 0x8983, 0x81E3, 0x9A02,
    0x99E3, 0xA203, 0x8903, 0x71E2, 0x9202, 0x8983, 0x7163, 0x6963,
    0x50E2, 0x3923, 0x49A3, 0x61C3, 0x7183, 0x6922, 0x5BA3, 0xC623,
    0xF5E3, 0xEE03, 0xDCA3, 0xD403, 0xDC03, 0xD3E3, 0xD463, 0xD523,
    0xDE23, 0xEE23, 0xF5E3, 0xEDE3, 0xF603, 0xF603, 0xF623, 0xF625,
    0xF685, 0xF6A6, 0xEC64, 0xD542, 0xDC8F, 0x9DB7, 0xD737, 0xFFD9,
    0xF73B, 0xEF7B, 0xF77B, 0xF77B, 0xF77B, 0xF77A, 0xF715, 0xBB44,
    0x6B09, 0xC5CB, 0xBB25, 0x5202, 0x7A20, 0x8241, 0xAB82, 0xB2E1,
    0x9341, 0x8B61, 0x9262, 0x7302, 0x62E1, 0x7AC1, 0x7AA1, 0x61E1,
    0x5B81, 0x8320, 0x6941, 0x39C1, 0x31E2, 0x7BA4, 0x9B84, 0x9384,
    0xD6EE, 0xDD0C, 0xE643, 0xC4A3, 0xD4A3, 0xDD43, 0xC442, 0xCCE4,
    0xDC22, 0xFF44, 0x9767, 0x1904, 0x3040, 0x30A1, 0x2881, 0x2881,
    0x2881, 0x2881, 0x2861, 0x2861, 0x2881, 0x6921, 0x8AE5, 0x8AA8,
    0x8AA7, 0x8288, 0x8287, 0x7A67, 0x7A66, 0x7A66, 0x7A66, 0x7A66,
    0x7A46, 0x7246, 0x7226, 0x7246, 0x7246, 0x7246, 0x7A46, 0x7246,
    0x7247, 0x7A46, 0x7247, 0x7A46, 0x7A66, 0x7A67, 0x7A67, 0x7A67,
    0x7A67, 0x7A87, 0x7A87, 0x7A87, 0x8AC7, 0x3922, 0x20A1, 0x30E2,
    0x28E2, 0x30E2, 0x1880, 0x74A3, 0x7CA5, 0x7C02, 0x5B20, 0x69E4,
    0x7246, 0x7245, 0x7A45, 0x7A65, 0x7A65, 0x7A86, 0x6A05, 0xB52A,
    0xC66F, 0xC630, 0xC650, 0xC650, 0xC630, 0xCE30, 0xC670, 0x6D10,
    0x6BAB, 0x6A23, 0x82C8, 0x8A87, 0x92C6, 0x92E6, 0x92C6, 0xB408,
    0xB469, 0xB449, 0xB469, 0xB469, 0xB469, 0xB469, 0xB469, 0xBC69,
    0xBC89, 0xBCA9, 0xB489, 0x9C49, 0x8C09, 0x6B89, 0x52E8, 0x4246,
    0x39E5, 0x79A3, 0x8AA4, 0xC544, 0xEE24, 0xE6C7, 0xEEE8, 0xEF09,
    0xE6C6, 0xE6C6, 0xEEC8, 0xEEE8, 0xEEE8, 0xDE27, 0xA586, 0x94E2,
    0xAD61, 0xB3E1, 0xCBA0, 0xC463, 0xE6CA, 0xF74F, 0xF76D, 0xF6A4,
    0xE441, 0xA46E, 0xCEDA, 0xFF78, 0xEF17, 0xF7B8, 0xFFF6, 0xDD29,
    0xC64D, 0xFF68, 0xD5C5, 0xA52D, 0x9C30, 0xB3A8, 0xC467, 0xBCA8,
    0xBC69, 0xBC68, 0xBC68, 0xBC89, 0xC4C8, 0xC529, 0xBCED, 0xBD8D,
    0xACA9, 0x9BE7, 0xACC5, 0xB648, 0xA629, 0x7B21, 0x7A61, 0x7A01,
    0x7941, 0x7981, 0x7161, 0x71A2, 0x71E2, 0x7223, 0x7A02, 0x6982,
    0x69A2, 0x69A3, 0x69C3, 0x7183, 0x6983, 0x6983, 0x7182, 0x7183,
    0x6983, 0x6962, 0x7162, 0x6982, 0x61E2, 0x6C83, 0xBD82, 0xF5E3,
    0xEE03, 0xEDA3, 0xED63, 0xE603, 0xEE03, 0xEE23, 0xEE43, 0xF623,
    0xF5E3, 0xEDE3, 0xEDE3, 0xEDE3, 0xEDE3, 0xF5E4, 0xF5E3, 0xF625,
    0xF6A6, 0xF646, 0xE523, 0xDD22, 0xB473, 0xCF16, 0xF6B9, 0xF7DB,
    0xFFDB, 0xFF9B, 0xFF9B, 0xF77B, 0xF77A, 0xF717, 0xF6D3, 0xCD0A,
    0x8E6D, 0xCE8D, 0xBE8B, 0xACC1, 0x93A4, 0x9444, 0x9C25, 0xAC83,
    0xAD00, 0xAD61, 0xBB21, 0xCAA2, 0xACE2, 0xBB21, 0x9A01, 0x5341,
    0x92A2, 0x8983, 0x42C4, 0x7344, 0x72E3, 0x7B64, 0xA3A4, 0x9BA4,
    0xDEEE, 0xD4CC, 0xE623, 0xCCC4, 0xDDA3, 0xCD24, 0xDDC4, 0xC563,
    0xD422, 0xFEA4, 0xF7A8, 0x3509, 0x1803, 0x3080, 0x2881, 0x2881,
    0x2881, 0x2881, 0x2061, 0x2862, 0x30C1, 0x3082, 0x8181, 0x8306,
    0x7AE9, 0x8287, 0x8287, 0x7A67, 0x7A66, 0x7A66, 0x7A46, 0x7A66,
    0x7A46, 0x7226, 0x7A26, 0x7A46, 0x7246, 0x7226, 0x7246, 0x7A46,
    0x7247, 0x7183, 0x7A44, 0x7247, 0x7A46, 0x7A46, 0x7A47, 0x7A67,
    0x7A67, 0x7A67, 0x7A67, 0x8AC7, 0x5163, 0x1881, 0x28E2, 0x28C2,
    0x3102, 0x1841, 0x6344, 0xD563, 0xAD01, 0x8524, 0x5BA1, 0x61C3,
    0x7246, 0x7225, 0x7245, 0x7A45, 0x7A45, 0x7A66, 0x61E5, 0xB50B,
    0xC670, 0xC630, 0xC650, 0xC650, 0xC630, 0xC630, 0xC610, 0xD6B0,
    0x8CEF, 0x5A63, 0x8C65, 0x7B85, 0x7A03, 0x8A45, 0x9283, 0xAB25,
    0xB48A, 0xB469, 0xB449, 0xB449, 0xB449, 0xB469, 0xB469, 0xB469,
    0xB469, 0xB449, 0xBC48, 0xBC68, 0xBC88, 0xBC88, 0xBCA9, 0xAC89,
    0x9C69, 0x9409, 0x8409, 0xAB68, 0xB3C7, 0xC446, 0xD485, 0xDCE6,
    0xDD25, 0xDD44, 0xEE07, 0xEE25, 0xECE2, 0xEEA7, 0xF6E7, 0xDE46,
    0xAD01, 0xB340, 0xC461, 0xCD63, 0xE6C5, 0xF705, 0xF642, 0xD383,
    0xBD34, 0xADCE, 0xDE2E, 0xEE50, 0xDE2F, 0xDDEF, 0xE486, 0x7160,
    0xA482, 0xF68A, 0xD636, 0xEF57, 0xE797, 0xB5F5, 0xA3EA, 0xB3E9,
    0xC487, 0xBCA9, 0xBC89, 0xBC88, 0xBC88, 0xC4C8, 0xC54B, 0xBDEB,
    0xCD49, 0xBC48, 0x9BA8, 0x9BC6, 0xDE67, 0xC626, 0x84C5, 0x8462,
    0x93E2, 0x9AE1, 0xA2E1, 0x99C1, 0x8A01, 0x81E1, 0x8121, 0x79A2,
    0x7961, 0x7961, 0x71A1, 0x71C1, 0x71E2, 0x7222, 0x6A22, 0x6A42,
    0x6A62, 0x6AE2, 0x7381, 0x6AC1, 0x6B42, 0xE5C3, 0xECC2, 0xEDE3,
    0xED63, 0xE4A3, 0xDD03, 0xEDE3, 0xF5C3, 0xEDC3, 0xEDC3, 0xEDC3,
    0xEDC3, 0xEDC3, 0xEDC3, 0xEDE3, 0xF5E3, 0xF5C4, 0xF5E6, 0xF645,
    0xF6A5, 0xF605, 0xDD83, 0xD4A2, 0xA3E8, 0xC635, 0xF6F6, 0xEF17,
    0xFF39, 0xFF5B, 0xFF9B, 0xFF9B, 0xF79A, 0xF6D2, 0xDD6B, 0xB629,
    0xEF0D, 0xFF0E, 0xFF29, 0xECA4, 0xDDE9, 0xEE86, 0xDD06, 0xDE68,
    0xEDC2, 0xE541, 0xDDA1, 0xDC81, 0xCA42, 0x7A22, 0x51C3, 0x91C4,
    0xB2EA, 0x84CA, 0x9C47, 0x9BE4, 0x9BC4, 0x9B84, 0x9B84, 0x9BA4,
    0xD70E, 0xCCCC, 0xE603, 0xCCE4, 0xE522, 0xDE84, 0xD4C3, 0xCC43,
    0xF563, 0xFE84, 0xFEC7, 0xBF49, 0x1328, 0x2800, 0x2880, 0x2881,
    0x2881, 0x2881, 0x20A2, 0x2881, 0x30A1, 0x28C2, 0x3861, 0x8A21,
    0x8306, 0x7A67, 0x8286, 0x7A67, 0x7A66, 0x7A47, 0x7A47, 0x7A46,
    0x7246, 0x7246, 0x7226, 0x7A26, 0x7246, 0x7226, 0x7226, 0x7A47,
    0x6226, 0x18A3, 0x6942, 0x7A46, 0x7246, 0x7A46, 0x7A46, 0x7A46,
    0x7A46, 0x7A67, 0x82A7, 0x5963, 0x1861, 0x28C2, 0x28A2, 0x28E2,
    0x2061, 0x31C3, 0xC607, 0xBCE6, 0xC3E0, 0xBC80, 0x6B40, 0x59A2,
    0x7225, 0x7225, 0x7225, 0x7225, 0x7225, 0x7A46, 0x61E4, 0xB54C,
    0xC650, 0xC630, 0xC630, 0xC650, 0xC630, 0xC630, 0xC630, 0xCE50,
    0xAE52, 0x4206, 0x5160, 0x51A0, 0x4AE5, 0x6C0B, 0x5982, 0x8B69,
    0xBB63, 0xB3E7, 0xBC67, 0xB489, 0xB469, 0xB469, 0xB449, 0xB448,
    0xB448, 0xB448, 0xB448, 0xB448, 0xB448, 0xB448, 0xB448, 0xBC48,
    0xBC68, 0xBC68, 0xBC68, 0xB488, 0xAC68, 0xA429, 0xA429, 0x9BE8,
    0xA3C8, 0xA3E8, 0xABE8, 0xB3C7, 0xA307, 0xBBC7, 0xCC67, 0xCC87,
    0xB3A6, 0xA346, 0xBC46, 0xCC45, 0xDCC5, 0xDBE4, 0xC284, 0xBC46,
    0xEE28, 0xD524, 0xB4A7, 0xBD2B, 0xCD8B, 0xBD2B, 0x7308, 0x29C4,
    0x5201, 0xD5AB, 0xF7F9, 0xF778, 0xF7B8, 0xFFF7, 0xDEC9, 0xAD2A,
    0xA40D, 0xBC07, 0xC4A8, 0xBC89, 0xBC68, 0xC468, 0xC4A9, 0xD589,
    0xDDA9, 0xC468, 0xC468, 0xAC28, 0xA3C7, 0xCCE5, 0xD563, 0xAC62,
    0x9C02, 0x7B21, 0x8B61, 0xBC42, 0xCB62, 0xCA41, 0xC241, 0xB2A1,
    0xA2A1, 0x8240, 0x5A61, 0x6321, 0x6301, 0x8CE2, 0x9D43, 0x9CE2,
    0x8C82, 0xA582, 0xA3C1, 0x5B21, 0x8BA2, 0xECC3, 0xDD03, 0xED63,
    0xE4C3, 0xE4C3, 0xE583, 0xEDE3, 0xEDC3, 0xEDC3, 0xEDC2, 0xEDC2,
    0xEDE3, 0xEDC2, 0xEDC3, 0xEDC3, 0xEDE3, 0xF5C2, 0xEE27, 0xF748,
    0xF6A5, 0xF583, 0xCD83, 0xD583, 0xB422, 0x6BC3, 0xBCCE, 0xDE79,
    0xE6FA, 0xF75B, 0xFF7B, 0xFF79, 0xFF57, 0xEDCE, 0xB64B, 0xEEEA,
    0xF70E, 0xEEEE, 0xEF0C, 0xE543, 0xDDA2, 0xE5A2, 0xD4C7, 0xDE68,
    0xEE02, 0xDD81, 0xE521, 0xD341, 0x8321, 0x6222, 0x63A8, 0xD5EA,
    0xCECA, 0xDD6D, 0x9DCE, 0x95A7, 0x9C45, 0x9BC4, 0x9BC4, 0xA3C4,
    0xD70D, 0xCD2E, 0xE525, 0xCE84, 0xD464, 0xD483, 0xD543, 0xCC42,
    0xF604, 0xEDE4, 0xE624, 0xFE84, 0x6503, 0x0822, 0x3060, 0x2881,
    0x2861, 0x28A1, 0x28A1, 0x2881, 0x30A1, 0x30A1, 0x30E2, 0x40A1,
    0x8181, 0x82C5, 0x7A87, 0x7A67, 0x7A46, 0x82C7, 0x7A68, 0x7A26,
    0x7247, 0x7246, 0x7226, 0x7A26, 0x7226, 0x7226, 0x7247, 0x8267,
    0x4943, 0x20E1, 0x4103, 0x7A46, 0x7246, 0x7246, 0x7246, 0x7246,
    0x7A67, 0x8266, 0x5142, 0x1862, 0x20A2, 0x20A1, 0x28C2, 0x2881,
    0x18E2, 0xAD87, 0xCDC6, 0xBD86, 0xA381, 0x9280, 0x7AA0, 0x51C2,
    0x7205, 0x6A05, 0x7225, 0x7225, 0x7225, 0x7A26, 0x6205, 0xBDCE,
    0xCE2F, 0xC5EB, 0xC671, 0xC630, 0xC630, 0xC630, 0xC651, 0xCE2F,
    0xCE4F, 0x540E, 0x31A1, 0x2900, 0x7BC7, 0x958D, 0x4AC5, 0x8BE3,
    0x5A46, 0x94AD, 0x9AE5, 0xAB45, 0xB3E7, 0xBC27, 0xBC47, 0xB468,
    0xB468, 0xB449, 0xB449, 0xB448, 0xB448, 0xB448, 0xB448, 0xB448,
    0xB448, 0xB448, 0xB448, 0xBC48, 0xBC68, 0xBC68, 0xBC68, 0xBC68,
    0xBC68, 0xBC88, 0xB4A9, 0xB468, 0xB4A8, 0xAC68, 0xAC49, 0xAC28,
    0xAC69, 0xAC8A, 0xAC68, 0xA429, 0xAC29, 0xA409, 0x9C29, 0xAC08,
    0xA3A7, 0xA3E8, 0xAC08, 0xAC28, 0xAC28, 0xB406, 0xABE5, 0x8B23,
    0x61C1, 0x8BA2, 0xFF4B, 0xF770, 0xF64A, 0xF5A9, 0xF686, 0xEECB,
    0xD717, 0xAD55, 0xA3A9, 0xC446, 0xC4C9, 0xBC88, 0xBC68, 0xCCC8,
    0xD508, 0xCC88, 0xBC48, 0xBC28, 0xBC68, 0xB408, 0x92E4, 0x7B41,
    0x8381, 0x7302, 0x7342, 0x7BC1, 0xA3C1, 0x7B01, 0x7301, 0x62E1,
    0x6321, 0x5A00, 0x4A81, 0x6AE1, 0x63A2, 0xA543, 0xB503, 0xB522,
    0x9C41, 0x8B21, 0x7BC2, 0x6AC1, 0x7B42, 0xE4E3, 0xE4C3, 0xE4C3,
    0xE4C3, 0xE4E3, 0xE5C3, 0xEDC3, 0xEDC3, 0xEDC3, 0xEDC2, 0xEDC2,
    0xEDC2, 0xEDC2, 0xEDC2, 0xEDC3, 0xEDC2, 0xF5C3, 0xF625, 0xF727,
    0xFF44, 0xE5A3, 0xD583, 0xD402, 0x7BE3, 0x7421, 0x5B09, 0xA6BC,
    0xFFBC, 0xEF5B, 0xF738, 0xEF38, 0xF68E, 0xC504, 0xC5E5, 0xEE4D,
    0xEF2E, 0xF70E, 0xF70D, 0xE4C1, 0xD540, 0xDD42, 0xD589, 0xDE86,
    0xE5C0, 0xE422, 0xAA61, 0x63C1, 0xA582, 0xA221, 0x6CA3, 0xE6AA,
    0xF687, 0xDCA8, 0x95CC, 0xA709, 0xD685, 0xC482, 0xA2C1, 0x81E0,
    0xDECE, 0xCE6D, 0xD3EB, 0xEE04, 0xD643, 0xD584, 0xCC43, 0xDD23,
    0xE644, 0xDE04, 0xDDE4, 0xDE44, 0x7343, 0x2164, 0x1843, 0x2860,
    0x3081, 0x28A1, 0x2061, 0x2861, 0x30A1, 0x30A2, 0x38A1, 0x20A2,
    0x3062, 0x7961, 0x82A4, 0x7A87, 0x7A67, 0x8266, 0x7A46, 0x7A26,
    0x7226, 0x7246, 0x7227, 0x7227, 0x7227, 0x7A47, 0x7A45, 0x4922,
    0x1861, 0x1861, 0x48E1, 0x8204, 0x7225, 0x7226, 0x7247, 0x7A67,
    0x7A04, 0x38C1, 0x18A2, 0x20A2, 0x20A1, 0x20C2, 0x28A1, 0x0861,
    0x8CE6, 0xCDE7, 0xBDA7, 0xC543, 0x9B40, 0x8364, 0x7AA0, 0x51C2,
    0x6A05, 0x6A05, 0x6A05, 0x7205, 0x7205, 0x7225, 0x6AA6, 0xCE4E,
    0xAD2A, 0x9BC7, 0xCDED, 0xCE2F, 0xCE90, 0xCEB1, 0xCE50, 0xA4ED,
    0xC5CF, 0xA652, 0x328B, 0x3229, 0x84CF, 0xA5AF, 0x6C2D, 0x4289,
    0x858E, 0xAD88, 0x6B63, 0x7B64, 0x9409, 0x936B, 0xA3CB, 0xAB88,
    0xB3C7, 0xBC07, 0xBC47, 0xB489, 0xB469, 0xB468, 0xB468, 0xB448,
    0xB448, 0xB448, 0xB448, 0xBC48, 0xBC48, 0xBC48, 0xBC48, 0xBC48,
    0xBC48, 0xBC48, 0xBCCA, 0xBC68, 0xBC48, 0xBC48, 0xC488, 0xC468,
    0xC488, 0xC509, 0xC4A8, 0xC488, 0xC488, 0xC4A8, 0xC488, 0xC488,
    0xBC89, 0xBCA9, 0xBC87, 0xC446, 0xBC04, 0xABC4, 0xA4A3, 0xA484,
    0x5222, 0x5A61, 0xCBA3, 0xD3C3, 0xCB82, 0xCCE4, 0xE6E7, 0xEE8E,
    0xFF77, 0xFFF7, 0xCE95, 0x9B22, 0xB3A4, 0xC488, 0xBC89, 0xBC68,
    0xC469, 0xC468, 0xBC68, 0xBC48, 0xBC28, 0xC448, 0xB449, 0x8346,
    0x72C2, 0x7321, 0x7322, 0x7B01, 0x6AC1, 0x62E1, 0x6302, 0x6341,
    0x6AE1, 0x5180, 0x41E1, 0x6302, 0x6B82, 0xB522, 0xAD02, 0xACC2,
    0x9441, 0x6301, 0x6B01, 0x59A1, 0x51E2, 0xE4E3, 0xE4C3, 0xE4E3,
    0xE4C3, 0xE522, 0xEDE3, 0xEDC3, 0xEDE2, 0xED83, 0xE503, 0xEDE3,
    0xF5E3, 0xEDA3, 0xEDC3, 0xEDE2, 0xEDE3, 0xEE63, 0xF684, 0xF684,
    0xF5C2, 0xF482, 0xBC03, 0x7BE3, 0x6382, 0x7423, 0x73E1, 0x7BAA,
    0xEEF7, 0xFF78, 0xF6F3, 0xF60A, 0xD461, 0xAD21, 0xDD28, 0xDE90,
    0xF70E, 0xF6EF, 0xF74E, 0xEDA3, 0xCC40, 0xD440, 0xD548, 0xEE84,
    0xD2C2, 0x7262, 0x6CC1, 0xC5C1, 0xF4A2, 0x8243, 0x8D68, 0xE608,
    0xEE25, 0xC404, 0x9C64, 0xB502, 0xE560, 0xC320, 0x6140, 0x2960,
    0xDE68, 0xD6EB, 0xC5EE, 0xD4EC, 0xDCE9, 0xD563, 0xD5A4, 0xE644,
    0xDE04, 0xDE04, 0xE624, 0xB5C4, 0x59E3, 0x6A05, 0x1165, 0x2021,
    0x3060, 0x2861, 0x2061, 0x2061, 0x30A1, 0x30A2, 0x28A2, 0x28A2,
    0x20A2, 0x2862, 0x60C1, 0x81E2, 0x8264, 0x7A66, 0x7A66, 0x7A66,
    0x7A67, 0x7A66, 0x7A66, 0x7A45, 0x7A04, 0x6162, 0x30A1, 0x1061,
    0x20A1, 0x1081, 0x2061, 0x38A0, 0x7225, 0x7A66, 0x7A04, 0x5942,
    0x2061, 0x18A1, 0x2102, 0x20A2, 0x20A2, 0x28C1, 0x0841, 0x7C86,
    0xD647, 0xBDC6, 0xC563, 0xABC0, 0x9320, 0x9340, 0x7280, 0x51A3,
    0x6A05, 0x6A05, 0x6A05, 0x6A05, 0x7226, 0x69E4, 0x7BA9, 0xC630,
    0x8325, 0x8384, 0xA58D, 0xAD2E, 0xBC67, 0xBC44, 0xB54F, 0xA611,
    0xBE30, 0xD670, 0x9631, 0x9612, 0xC670, 0xC631, 0xB6B2, 0x9E8F,
    0xBDEA, 0x6AA1, 0x4960, 0x61A0, 0x8C4A, 0xA630, 0xAE2E, 0x9D8E,
    0x94CF, 0x9C2D, 0xA3AA, 0xB322, 0xBBC4, 0xBBC6, 0xBBE7, 0xBC07,
    0xBC27, 0xBC46, 0xBC47, 0xBC69, 0xBC68, 0xB448, 0xBC48, 0xB448,
    0xBC48, 0xB448, 0xC4C9, 0xBC89, 0xBC69, 0xBC48, 0xBC88, 0xBC68,
    0xBC48, 0xBCE8, 0xBCA8, 0xBC48, 0xBC68, 0xBC68, 0xBC68, 0xBCA8,
    0xC466, 0xCC03, 0xBC0F, 0xA48E, 0x9B21, 0xB544, 0xCD23, 0xE524,
    0x7B62, 0x4202, 0xBE07, 0xDE86, 0xD604, 0xD463, 0xE4C3, 0xEF15,
    0xF777, 0xF757, 0xFFFA, 0xD5A8, 0x9B60, 0x9B63, 0xBBE6, 0xC488,
    0xBC69, 0xBC68, 0xBC48, 0xBC48, 0xBC48, 0xBC28, 0xBC28, 0xC468,
    0x93A7, 0x6A82, 0x7321, 0x6AE1, 0x6301, 0x6301, 0x6321, 0x7B81,
    0x6AE1, 0x4160, 0x4301, 0x84A1, 0x8442, 0x94C2, 0xB522, 0xAD62,
    0xAC21, 0x6242, 0x5221, 0x4141, 0x3221, 0xC503, 0xECC3, 0xE4E3,
    0xE4C3, 0xE583, 0xEDC3, 0xEDE2, 0xEDA3, 0xECC3, 0xE522, 0xEDE3,
    0xED43, 0xED42, 0xED82, 0xF5C3, 0xF5A1, 0xEB83, 0xDB44, 0xE4C3,
    0xB362, 0x4920, 0x5B63, 0x7423, 0x6BC3, 0x6C23, 0x7BC1, 0x4960,
    0x5A21, 0xB403, 0xBC42, 0x9202, 0x7521, 0xDD41, 0xDE4F, 0xEF8F,
    0xF730, 0xEF0E, 0xF74A, 0xF561, 0xCBE1, 0xCC22, 0xCC63, 0xE3A5,
    0x7345, 0x85A0, 0xDD63, 0xE5A5, 0xCAC3, 0x5BCD, 0xC708, 0xED84,
    0xDC02, 0xA2C1, 0x8220, 0x61C0, 0x5A40, 0x6200, 0x59A0, 0x3960,
    0xCD81, 0xDE23, 0xDEEB, 0xD6EE, 0xCDAE, 0xDCCC, 0xE607, 0xE626,
    0xE643, 0xE643, 0xEE84, 0x7BA2, 0x6184, 0x71E5, 0x5A04, 0x1105,
    0x2001, 0x2860, 0x2061, 0x2061, 0x28A1, 0x28A2, 0x28A1, 0x28A1,
    0x2882, 0x28A1, 0x1882, 0x3061, 0x50C1, 0x6921, 0x7162, 0x71A2,
    0x71A2, 0x6962, 0x5921, 0x48C1, 0x2881, 0x1861, 0x1881, 0x2081,
    0x1881, 0x2081, 0x1081, 0x2881, 0x7182, 0x5101, 0x2881, 0x1061,
    0x1881, 0x30E3, 0x20C3, 0x2082, 0x28A1, 0x1020, 0x6C04, 0xD5E4,
    0xC522, 0xBCA1, 0xAB80, 0x9B60, 0x9B40, 0x8AC0, 0x6A80, 0x51A3,
    0x6A05, 0x61E5, 0x6A05, 0x6A05, 0x7225, 0x59A5, 0xAD6C, 0xBDEB,
    0x4B2A, 0x6329, 0xB5CD, 0xAE2E, 0x536B, 0x5AC9, 0xC692, 0xCE50,
    0xC651, 0xC60F, 0xCE30, 0xD62D, 0xC650, 0xCE6E, 0xCCE7, 0xC408,
    0xABC9, 0x6A46, 0x3263, 0x29E1, 0x9CC8, 0xD6D0, 0xC5CC, 0xC5A4,
    0xC68B, 0xBEEF, 0x9D4A, 0x4960, 0x79A0, 0x9C90, 0x9CF5, 0x9C52,
    0xA3CA, 0xABAD, 0xB3C9, 0xBBA3, 0xBBA5, 0xBBE6, 0xBC07, 0xBC07,
    0xBC48, 0xBC27, 0xC466, 0xC447, 0xBC87, 0xBC47, 0xC446, 0xC467,
    0xBC47, 0xC4A7, 0xCCE7, 0xC467, 0xC427, 0xC426, 0xC406, 0xBBCA,
    0xABF1, 0x79E5, 0x8BA5, 0xEFF4, 0xD5E5, 0xD543, 0xCD24, 0xCC84,
    0x9B62, 0x39E1, 0xABC0, 0xE440, 0xCB22, 0xCD47, 0xBCE5, 0xE6CC,
    0xFFF7, 0xF795, 0xFF2D, 0xF665, 0xCC41, 0xBC61, 0x9C86, 0xA385,
    0xC447, 0xBCCA, 0xBC48, 0xBC48, 0xBC48, 0xBC48, 0xBC28, 0xB428,
    0xC468, 0x9B25, 0x62A1, 0x6321, 0x6301, 0x6301, 0x6321, 0x6B21,
    0x6AA0, 0x4A60, 0x8CC1, 0xBC82, 0xAC81, 0xA4A2, 0xB521, 0xAB81,
    0x7242, 0x5261, 0x4A61, 0x4322, 0x5C61, 0x9B81, 0xE503, 0xDCC3,
    0xDCC3, 0xE5E2, 0xEDE2, 0xEDC3, 0xECE3, 0xE4C3, 0xE523, 0xED23,
    0xE542, 0xDA62, 0xCA45, 0xD3C5, 0xDB66, 0xC3C9, 0xCE29, 0xCD67,
    0xD5A4, 0x72C1, 0x42C2, 0x7BE3, 0x63C3, 0x7CA3, 0x7B41, 0x49C1,
    0x3181, 0x4B00, 0x7223, 0x3BE3, 0xBDA8, 0xDC90, 0xCDB1, 0xE66E,
    0xFECC, 0xF76C, 0xEE25, 0xDC81, 0xCD21, 0xDD45, 0xEC23, 0x8A82,
    0x85C2, 0xED65, 0xD548, 0xE626, 0xAA83, 0x752A, 0xEE27, 0xE380,
    0x7960, 0x49C0, 0x39A1, 0x29E0, 0x31A0, 0x3960, 0x4160, 0x3980,
    0xB562, 0xC562, 0xDE02, 0xDEA8, 0xD730, 0xC5F0, 0xCCAC, 0xCCAA,
    0xCC28, 0xDC82, 0xABC1, 0x5983, 0x7205, 0x69C4, 0x71C4, 0x49E5,
    0x08E4, 0x2821, 0x2060, 0x2061, 0x2881, 0x28C2, 0x28A1, 0x2881,
    0x2882, 0x2882, 0x28A1, 0x20A1, 0x1882, 0x1861, 0x2061, 0x2061,
    0x2061, 0x1861, 0x1861, 0x1061, 0x1881, 0x2081, 0x2081, 0x1881,
    0x1881, 0x1881, 0x1881, 0x1881, 0x2061, 0x1061, 0x1881, 0x2081,
    0x20A1, 0x30E4, 0x20C4, 0x2082, 0x1040, 0x20E1, 0xC3E1, 0xC4A0,
    0xC441, 0xB461, 0xAC41, 0xA360, 0x8AC0, 0x8B20, 0x6240, 0x59A4,
    0x69E5, 0x61E5, 0x61E6, 0x6A05, 0x6164, 0x6C0B, 0x9BC6, 0x82C0,
    0x95CA, 0x960E, 0xB5ED, 0xB54C, 0x95EF, 0x956C, 0xD671, 0xC631,
    0xCE51, 0xBE2E, 0xBE4C, 0x93E9, 0xBCC7, 0xBB25, 0xB3EB, 0xC5CE,
    0xD6CF, 0xCE8F, 0xADEC, 0x8C66, 0x9BE1, 0xCD45, 0xBE09, 0xA4A4,
    0xB4A3, 0xCCE6, 0x9BA4, 0x4A60, 0x5220, 0xCDAD, 0xEFF8, 0xD7B8,
    0xC68B, 0xBEF0, 0xACC7, 0x92C3, 0x9CC6, 0x9CA5, 0xA465, 0xA4A5,
    0xA3A7, 0xA470, 0xA34B, 0xA412, 0xAC52, 0xA432, 0xAC11, 0xABF0,
    0xABAA, 0xABAA, 0xB281, 0xA303, 0xA446, 0xA466, 0xA4A7, 0xA5F6,
    0xCF99, 0x9658, 0x4228, 0xB361, 0xF604, 0xCD84, 0xD5A4, 0xDDC3,
    0xBB61, 0x41E1, 0x8300, 0xCC00, 0xBC21, 0xD501, 0xE5C2, 0xD4A1,
    0xED24, 0xF645, 0xDC40, 0xD4C1, 0xCCA2, 0xC400, 0xCD86, 0xADE8,
    0x9361, 0xB3E5, 0xC4A9, 0xBC49, 0xBC28, 0xBC48, 0xBC48, 0xBC28,
    0xB428, 0xBC28, 0x7282, 0x6301, 0x6302, 0x62E1, 0x5A00, 0x5A60,
    0x5120, 0x4221, 0x9481, 0xC462, 0xA320, 0x83A0, 0x92A1, 0x5A22,
    0x4A61, 0x4AC2, 0x73C2, 0x84E2, 0xBBA0, 0x38E0, 0xA3E1, 0xFD03,
    0xE503, 0xE523, 0xED83, 0xE4E3, 0xDCC3, 0xDCE3, 0xE502, 0xE481,
    0xD9E1, 0xB184, 0xC4E3, 0xD461, 0xD503, 0xE6A7, 0xF6EA, 0xEEE8,
    0xE625, 0xD482, 0x4262, 0x6C43, 0x6C23, 0x7BA1, 0x6A00, 0x39A1,
    0x39C1, 0x5A01, 0x6284, 0x8D73, 0xCE1E, 0xC73E, 0xCF1C, 0xC69B,
    0xC5B4, 0xD586, 0xEE01, 0xE581, 0xE4A2, 0xBB41, 0x8281, 0x6CA2,
    0xDDAA, 0xDE0D, 0xDEAD, 0xED84, 0x9285, 0x8D69, 0xECA2, 0x8A00,
    0x29C0, 0x2980, 0x31A0, 0x31A0, 0x31A0, 0x3180, 0x2960, 0x2960,
    0xB5A2, 0xB5A3, 0xBD62, 0xDE42, 0xDEC7, 0xDECB, 0xCECD, 0xCE8D,
    0xBE2F, 0xAD47, 0x5A42, 0x71E5, 0x69E5, 0x69C4, 0x61C5, 0x69C5,
    0x41E4, 0x10C4, 0x2021, 0x2060, 0x28A1, 0x28A2, 0x2881, 0x2881,
    0x28A2, 0x2081, 0x2081, 0x28A1, 0x2081, 0x2081, 0x2081, 0x20A1,
    0x2081, 0x20A1, 0x2081, 0x2081, 0x2081, 0x1881, 0x1881, 0x1881,
    0x1881, 0x1861, 0x1881, 0x1881, 0x1881, 0x2081, 0x2081, 0x1881,
    0x20E2, 0x2984, 0x20C1, 0x20A0, 0x4260, 0x2941, 0x81C1, 0xA300,
    0x9AE0, 0xB340, 0xAB40, 0x9B20, 0x82E0, 0x8B20, 0x51E1, 0x59C5,
    0x61C5, 0x6226, 0x6A26, 0x6143, 0x63CB, 0xA54C, 0x4281, 0x5320,
    0xACA2, 0xBE0C, 0xB5EB, 0xAE2B, 0xBDEA, 0xAD88, 0xCE2C, 0xCEAF,
    0xD712, 0xACA8, 0x9B21, 0x7C6B, 0xA2C6, 0xC56E, 0xE74E, 0xF70C,
    0xF6A9, 0xF626, 0xDD01, 0xABE1, 0x9C02, 0xA380, 0xABC4, 0xA46B,
    0xA4CA, 0xACC3, 0x8404, 0x5A40, 0x6B20, 0x8281, 0xFF54, 0xFF97,
    0xEEC8, 0xFE85, 0xD4A5, 0xCE28, 0xE726, 0xDD85, 0xCC62, 0xCC80,
    0xBCA1, 0xC549, 0x9DB8, 0xCF3A, 0xCF1A, 0xCF3B, 0xCEFA, 0xC695,
    0x9D73, 0xC613, 0xA2A2, 0xBD84, 0xD6A7, 0xDEE8, 0xDEC7, 0xF791,
    0xFF97, 0xFFF8, 0xAED1, 0x4281, 0x8AE1, 0xDDA3, 0xDD42, 0xCB00,
    0xC3E1, 0x5A41, 0x72E0, 0xCC40, 0xC400, 0xC3C0, 0xC400, 0xC3E1,
    0xB302, 0xD584, 0xC461, 0xBC00, 0xCC61, 0xC420, 0xC4A1, 0xD5C5,
    0xA522, 0x7BA1, 0xA363, 0xBC08, 0xBC69, 0xBC28, 0xBC48, 0xBC28,
    0xB428, 0xBC48, 0xA366, 0x5A81, 0x6321, 0x6321, 0x5BC1, 0x6AA0,
    0x4220, 0x53A1, 0xA4E1, 0xB482, 0xA302, 0x6201, 0x4A21, 0x5261,
    0x6B62, 0x7BA2, 0x8BC1, 0x9340, 0x6100, 0x0920, 0x3140, 0x8260,
    0xCBC1, 0xEC82, 0xF4E2, 0xED02, 0xECE2, 0xECA2, 0xEB61, 0xC983,
    0xAB67, 0xBDE9, 0xD5C4, 0xC360, 0xBB20, 0xC381, 0xDE08, 0xEEE9,
    0xE5A4, 0xDD64, 0x8B21, 0x63A2, 0x8462, 0x69C0, 0x3160, 0x3180,
    0x2981, 0x31C0, 0x3183, 0x7CD9, 0xD7FB, 0xFFDB, 0xFFDB, 0xFFDB,
    0xF7BD, 0xD655, 0xB3A2, 0xBB46, 0x9C05, 0x94C1, 0xAD60, 0xCD45,
    0xE66B, 0xE606, 0xE6A7, 0xF502, 0x7AE9, 0xBF05, 0xCA20, 0x1961,
    0x3240, 0x3980, 0x2960, 0x2981, 0x2961, 0x2980, 0x2960, 0x2960,
    0xB5A2, 0xB562, 0xC5E2, 0xBE43, 0xC582, 0xD5C2, 0xDE67, 0xDEAB,
    0xDEC8, 0x6B23, 0x69A5, 0x7205, 0x69C4, 0x69E5, 0x69E5, 0x61C4,
    0x69A4, 0x41C4, 0x10E4, 0x2021, 0x2880, 0x28A2, 0x2882, 0x2881,
    0x28A1, 0x2082, 0x2881, 0x2081, 0x2081, 0x2081, 0x2081, 0x2081,
    0x2081, 0x2081, 0x2081, 0x2081, 0x1881, 0x1881, 0x1881, 0x1881,
    0x1881, 0x1881, 0x1881, 0x1881, 0x1881, 0x1881, 0x1881, 0x20A2,
    0x3961, 0x2100, 0x0067, 0x49A0, 0x6A01, 0x2142, 0x61A2, 0x9B00,
    0x8B00, 0x8AE0, 0x9BA2, 0xB502, 0xACC2, 0x9C02, 0x4982, 0x61C5,
    0x59C5, 0x6AA6, 0x5983, 0x5BC9, 0xB5EC, 0x7B41, 0x6BE2, 0x6BC3,
    0x7B80, 0xAD04, 0xA528, 0xAB43, 0xB281, 0xB282, 0xBA62, 0xC302,
    0xCC05, 0x51A1, 0x3A87, 0xAD92, 0xCC8B, 0xF78E, 0xEEAE, 0xDDEC,
    0xBC48, 0xA3A6, 0x9367, 0x93A4, 0xA3E0, 0x9C08, 0xA5B0, 0xC690,
    0xBD84, 0xB561, 0x8BE0, 0x5221, 0x8B81, 0x5260, 0xBC45, 0xFFF0,
    0xDD44, 0xCBA4, 0xD648, 0xEF07, 0xE563, 0xCB20, 0xC300, 0xBB00,
    0xD360, 0xB405, 0xD6D6, 0xFF59, 0xF738, 0xFF59, 0xF718, 0xEE93,
    0xCDD1, 0xD547, 0xC2C0, 0xC401, 0xEE45, 0xEE87, 0xEE88, 0xEEA7,
    0xF70A, 0xF76A, 0xFEA3, 0xAB62, 0x39C1, 0x8281, 0xCAE2, 0xB403,
    0xC441, 0x6282, 0x5A61, 0xC420, 0xC402, 0xC424, 0xC421, 0xC440,
    0xBC21, 0xD544, 0xC400, 0xC420, 0xC441, 0xCC60, 0xC443, 0x9D26,
    0xA482, 0x9524, 0x8D27, 0x9C02, 0xB384, 0xC469, 0xBC48, 0xBC28,
    0xBC28, 0xB428, 0xBC48, 0x7A82, 0x6300, 0x6B00, 0xB420, 0x6960,
    0x5A40, 0x82E0, 0xA4A1, 0xB481, 0x9AE4, 0x4A01, 0x5260, 0x3140,
    0x62C2, 0x7B82, 0x7AA0, 0x5120, 0x1120, 0x1940, 0x1940, 0x1100,
    0x2900, 0x4960, 0x8A20, 0xAA60, 0x99E0, 0xA140, 0x88C0, 0x9403,
    0xD563, 0xE5A2, 0xED40, 0xCB80, 0xBB60, 0xB362, 0xC565, 0xEEC7,
    0xED43, 0xCCE4, 0xC3A1, 0x3180, 0x6A60, 0x3960, 0x29A0, 0x29A0,
    0x2981, 0x29E1, 0x2960, 0x43D2, 0xF779, 0xEF3A, 0xF79A, 0xF77A,
    0xFF7B, 0xFFD8, 0xCCCB, 0x6466, 0xCE8E, 0xF68C, 0xE565, 0xDD22,
    0xDD82, 0xE562, 0xDDA2, 0xDB62, 0x6BA5, 0xCBE1, 0x7181, 0x4201,
    0x51C0, 0x3180, 0x3161, 0x2960, 0x2981, 0x29A0, 0x2960, 0x2960,
    0xB583, 0xBD83, 0xD643, 0xB604, 0xB5A4, 0xB584, 0xCDE4, 0xE684,
    0x7B22, 0x6184, 0x7205, 0x69C4, 0x69E4, 0x6A04, 0x61C4, 0x61C4,
    0x61A4, 0x69A4, 0x49C4, 0x1924, 0x2042, 0x2881, 0x28A1, 0x28A2,
    0x2081, 0x2081, 0x2881, 0x2081, 0x2081, 0x2081, 0x2082, 0x2081,
    0x2081, 0x2081, 0x2081, 0x2081, 0x1881, 0x2081, 0x1881, 0x1881,
    0x1881, 0x1881, 0x1881, 0x1881, 0x1881, 0x1861, 0x20A1, 0x2880,
    0x2842, 0x3B31, 0x759C, 0x720A, 0x4261, 0x2962, 0x3942, 0x9281,
    0x9300, 0xA361, 0xC4A2, 0xC420, 0xBBE1, 0x7282, 0x4985, 0x59C5,
    0x6A05, 0x7203, 0x4280, 0xB583, 0x73A2, 0x5280, 0x84A4, 0x7423,
    0x63A0, 0x8342, 0xAA04, 0xC3C5, 0xD4C4, 0xDD03, 0xCCA4, 0xCBE3,
    0xC363, 0x9B43, 0xAC03, 0xCD26, 0xC366, 0xED06, 0xF72D, 0xDF2E,
    0xBF0F, 0xBF0E, 0xC64B, 0xA444, 0x9B85, 0xB5EF, 0xCE8F, 0xCE2E,
    0xAD03, 0xADA1, 0x83C1, 0x5A61, 0x8381, 0x7341, 0x6240, 0xF668,
    0xCC44, 0xBC22, 0xEEA8, 0xE4A3, 0xCBA2, 0xB320, 0xBC44, 0xBC46,
    0xC4E6, 0xC525, 0xC4EB, 0xF6F4, 0xEEF5, 0xEEF6, 0xE779, 0xE6D6,
    0xC4AB, 0x8240, 0xC241, 0x6220, 0xC482, 0xEE03, 0xEE84, 0xEE86,
    0xEE64, 0xF642, 0xDBC2, 0xC504, 0xB4C3, 0x4AE2, 0x6261, 0xCCA2,
    0xD502, 0x7AE1, 0x5241, 0xBC00, 0xC362, 0xCD83, 0xC3A1, 0xBC03,
    0xC4E3, 0xCCE1, 0xC420, 0xC420, 0xC442, 0xC460, 0xC4A2, 0xC5A2,
    0x9CC3, 0x9CE3, 0xBD83, 0xACC1, 0x73A4, 0x9B65, 0xBC28, 0xBC69,
    0xBC28, 0xB408, 0xBC48, 0xABA6, 0x51A0, 0x5180, 0x5960, 0x41C0,
    0x4160, 0x39C1, 0x8C01, 0x9281, 0x4A01, 0x4A22, 0x5341, 0x6BA1,
    0x3A41, 0x9462, 0x7240, 0x10E0, 0x1940, 0x1920, 0x1940, 0x1940,
    0x1940, 0x1120, 0x0900, 0x1100, 0x1120, 0x1140, 0x0920, 0x2180,
    0xB443, 0xCC42, 0xBB21, 0xBB81, 0xBB82, 0xBC41, 0xCC00, 0xD4A3,
    0xDD85, 0xCCA2, 0xBAE0, 0x2100, 0x2160, 0x2160, 0x2980, 0x29A0,
    0x31A0, 0x2983, 0x2203, 0x3A84, 0xAD2E, 0xEEF8, 0xF7BA, 0xFF7A,
    0xF77C, 0xFF77, 0xD5C9, 0xDDA6, 0xE489, 0xF78F, 0xF76D, 0xEE8C,
    0xE62A, 0xDE2B, 0xEEA7, 0xCAE2, 0x6201, 0x69A1, 0x51E1, 0x59E1,
    0x59C1, 0x2980, 0x2960, 0x2961, 0x21A1, 0x3181, 0x2981, 0x2180,
    0xBDE4, 0xC5E4, 0xBDE4, 0xB5E4, 0xB5C4, 0xBE05, 0xD624, 0x7B03,
    0x6184, 0x7A25, 0x69E4, 0x69C5, 0x71E4, 0x69E4, 0x61C4, 0x61C4,
    0x61A4, 0x59C4, 0x61A4, 0x51C4, 0x2165, 0x18C3, 0x2862, 0x2881,
    0x20A1, 0x20A1, 0x2081, 0x2081, 0x2081, 0x20A2, 0x2081, 0x2081,
    0x2081, 0x2081, 0x2081, 0x2081, 0x1881, 0x2081, 0x1881, 0x1881,
    0x1881, 0x1881, 0x1881, 0x1881, 0x20A1, 0x20C1, 0x1001, 0x10C9,
    0x64B8, 0xEFBD, 0xDF59, 0xA59B, 0x72AE, 0x2940, 0x2962, 0x71A1,
    0x92A0, 0x9B03, 0x9A82, 0x81E0, 0x4961, 0x3945, 0x59A5, 0x59C5,
    0x5983, 0x5300, 0x6400, 0x7BA0, 0x5BA0, 0x6380, 0x83E0, 0x73A0,
    0x6C00, 0x9A06, 0xC56C, 0xEDA9, 0xE4A4, 0xE4E3, 0xED43, 0xE4E3,
    0xE503, 0xED03, 0xE4C4, 0xD484, 0xBC03, 0xBB23, 0xDC03, 0xECC7,
    0xFD68, 0xF4E4, 0xCC24, 0x9CCB, 0xADB1, 0xCE8F, 0xCE50, 0xCE70,
    0xAD25, 0xB5A1, 0x8401, 0x5A81, 0x83A1, 0x7B40, 0x6302, 0x9303,
    0xD4C7, 0xC340, 0xE606, 0xCD46, 0xBB61, 0xBB40, 0xCC62, 0xDE47,
    0xDD66, 0xDD46, 0xB5A5, 0xC526, 0xDDAD, 0xE6F8, 0xF7D7, 0xF736,
    0xAD94, 0x31A4, 0x5161, 0x59E1, 0x5A21, 0x9AE2, 0xCBC1, 0xE3C3,
    0xDC83, 0xCAE2, 0xBAE2, 0xD583, 0xDCA0, 0xC480, 0x5B00, 0x5A01,
    0xBB21, 0x7A41, 0x4A21, 0xAB81, 0xC381, 0xCC40, 0xC3C1, 0xC4E2,
    0xD4C0, 0xCC40, 0xC420, 0xC422, 0xC4C3, 0xC362, 0xB462, 0x9442,
    0x8CA3, 0x94C5, 0x9D07, 0x9548, 0xAE09, 0xA5A7, 0x9382, 0xBBC6,
    0xBC49, 0xB408, 0xB408, 0xC468, 0x7222, 0x3140, 0x3980, 0x41C0,
    0x4221, 0x6381, 0x61E1, 0x4AA1, 0x52E1, 0x4465, 0x5401, 0xAB60,
    0x6B61, 0x8422, 0x8321, 0x3140, 0x1100, 0x1920, 0x1920, 0x1100,
    0x1120, 0x1140, 0x1940, 0x2140, 0x1920, 0x1920, 0x2140, 0x08E0,
    0x5221, 0xDD45, 0xC545, 0xC4C3, 0xC423, 0xC3E0, 0xBB00, 0xB424,
    0xD5A2, 0xE300, 0x6940, 0x1980, 0x2980, 0x2960, 0x2960, 0x2960,
    0x2982, 0x2A44, 0x53A7, 0x93E4, 0x92A2, 0x9C92, 0xEF79, 0xFFBB,
    0xFF9C, 0xFF91, 0xDBC1, 0x9A41, 0x8281, 0xB3E5, 0xDCCA, 0xE5B0,
    0xE5F2, 0xDDD0, 0xD3A4, 0x8A62, 0x71E2, 0x51E1, 0x59E2, 0x5221,
    0x51A1, 0x29C1, 0x39E0, 0x2941, 0x21A1, 0x21A0, 0x2981, 0x29C1,
    0xBDE4, 0xBDE4, 0xB5C4, 0xB5C4, 0xBE44, 0xC563, 0x7283, 0x6184,
    0x7A04, 0x69E4, 0x69E5, 0x69C4, 0x69E4, 0x69C4, 0x61C4, 0x61C4,
    0x61C4, 0x61A4, 0x59A4, 0x6184, 0x5984, 0x49E4, 0x2A26, 0x18C5,
    0x2042, 0x2861, 0x2081, 0x2081, 0x20A1, 0x20A1, 0x2081, 0x2081,
    0x2081, 0x2081, 0x2081, 0x2081, 0x1881, 0x2081, 0x1881, 0x1861,
    0x1881, 0x1881, 0x2081, 0x1841, 0x1822, 0x1081, 0x32E9, 0xA71D,
    0xFFDD, 0xF73C, 0xEF5C, 0xE737, 0x6326, 0x2941, 0x3182, 0x3962,
    0x5981, 0x5AC3, 0x3961, 0x20E1, 0x3964, 0x59A5, 0x59A5, 0x4942,
    0x4A40, 0x7420, 0x6BA0, 0x6C00, 0x6C01, 0x6BA0, 0x6BC0, 0x6BE0,
    0x7B60, 0xC409, 0xF7B2, 0xEE6A, 0xDD03, 0xE4A3, 0xED04, 0xE543,
    0xE4A3, 0xE4A4, 0xE504, 0xE4E4, 0xE4E4, 0xDD64, 0xC504, 0xBCC4,
    0xBCA6, 0xABA7, 0x7BC7, 0x958C, 0xDEEF, 0xCE70, 0xCE8B, 0xCE24,
    0xAD82, 0xBDC2, 0x8421, 0x62A0, 0x83C1, 0x7320, 0x7BE3, 0x5322,
    0xB425, 0xC465, 0xD422, 0xE5A5, 0xBB20, 0xBB21, 0xC2E2, 0xDCA4,
    0xD587, 0xE5A4, 0xE484, 0xC4E1, 0xA44F, 0xE717, 0xFF76, 0xF6D5,
    0xE5CC, 0x83E2, 0x6A20, 0x5280, 0x5200, 0x49E1, 0x51E1, 0x7243,
    0xB3A3, 0xCD44, 0xBC84, 0xC342, 0xC423, 0xC3C1, 0xC400, 0x6300,
    0x4201, 0x5A42, 0x4181, 0x92A2, 0xC484, 0xC4A3, 0xC3E3, 0xC422,
    0xC3E1, 0xC422, 0xC443, 0xC545, 0xD4C1, 0xBAE5, 0xADC9, 0x8D48,
    0xA5C9, 0xA5C8, 0xBE08, 0xCE08, 0xCDE8, 0xD626, 0xA482, 0x7301,
    0xB3A5, 0xBC68, 0xB408, 0xBC48, 0xAB86, 0x4140, 0x39E0, 0x4221,
    0x5AA1, 0x69C1, 0x3A82, 0x6482, 0x9BC0, 0x85A3, 0x9723, 0x6B41,
    0x7441, 0xAD02, 0x82C0, 0x3100, 0x1980, 0x2140, 0x21E0, 0x3B41,
    0x4B00, 0x4240, 0x2940, 0x1940, 0x1920, 0x1120, 0x1920, 0x1920,
    0x1100, 0x7322, 0xE5C4, 0xDD65, 0xC4C4, 0xC4C3, 0xC3E0, 0xCC02,
    0xD280, 0x6920, 0x2180, 0x2980, 0x2980, 0x2960, 0x2142, 0x21E3,
    0x42C4, 0x7B63, 0x9B65, 0x9C67, 0xABE4, 0x82E7, 0xBE54, 0xFFB8,
    0xFFD6, 0xFCC2, 0x8140, 0x31A3, 0x29F1, 0x4419, 0x7D5A, 0xA63C,
    0xCEFD, 0xD73E, 0xC654, 0x7AC2, 0x69A1, 0x6242, 0x51E2, 0x59E1,
    0x41A1, 0x21A1, 0x29A1, 0x2980, 0x2161, 0x21C1, 0x31C1, 0x29C1,
    0xB5C2, 0xB5C2, 0xBE04, 0xBE04, 0x9443, 0x61E4, 0x61A5, 0x71E5,
    0x69E5, 0x69E4, 0x69E4, 0x69C4, 0x69C4, 0x69A4, 0x61C4, 0x61C4,
    0x61C4, 0x61A4, 0x59A4, 0x5984, 0x59A5, 0x6144, 0x8A02, 0x5327,
    0x21E7, 0x18E5, 0x1863, 0x2041, 0x2881, 0x2081, 0x20A1, 0x20A1,
    0x20A1, 0x2081, 0x1881, 0x2081, 0x18A1, 0x20A1, 0x2081, 0x1881,
    0x2081, 0x2081, 0x1881, 0x1941, 0x4344, 0x7BC4, 0xC341, 0xFE6B,
    0xFF34, 0xFED1, 0xEE0D, 0x8AC3, 0x3920, 0x3182, 0x3162, 0x3162,
    0x39C2, 0x2A60, 0x1181, 0x3964, 0x59A4, 0x5184, 0x4942, 0x31E0,
    0x5221, 0x73C0, 0x6BC0, 0x7400, 0x6BE0, 0x6BA0, 0x6BA0, 0x63E0,
    0x9321, 0xEDE8, 0xFFEB, 0xF666, 0xEDC3, 0xE523, 0xE4A4, 0xED23,
    0xE5A3, 0xE4E3, 0xED44, 0xE5A3, 0xE4C5, 0xED23, 0xED43, 0xED43,
    0xCD82, 0x9DC5, 0x8DA5, 0xB520, 0xCD87, 0xD64A, 0xBD04, 0xABE0,
    0xAC21, 0xBCE0, 0x8C00, 0x62A0, 0x8B83, 0x7301, 0x73E2, 0x7461,
    0x6280, 0xD4A8, 0xBC6E, 0xD4C8, 0xC465, 0xBC25, 0xB305, 0xC302,
    0xE523, 0xCB42, 0xC3A0, 0xCB21, 0xB5D7, 0xEF59, 0xF6F6, 0xF6F9,
    0xB50A, 0xBAE0, 0xB1E1, 0x5A20, 0x4A40, 0x5A40, 0x79E0, 0x6AA0,
    0x6301, 0x92E1, 0xD522, 0xD483, 0xCCC3, 0xCD85, 0xC464, 0xCC62,
    0x7B82, 0x4A42, 0x4981, 0x6A82, 0xDE24, 0xCC83, 0xC504, 0xCD84,
    0xC504, 0xCD24, 0xCD65, 0xD5E4, 0xCB61, 0xAB66, 0xCE48, 0xCE08,
    0xCE08, 0xCE08, 0xCDE8, 0xCDE8, 0xC608, 0xCD43, 0x93E1, 0x7BA0,
    0x59A0, 0x9AA3, 0xC468, 0xB3E7, 0xC427, 0x7202, 0x4A40, 0x6221,
    0x4921, 0x32E2, 0x7D62, 0xB501, 0xA441, 0x7B81, 0x9681, 0x9CE0,
    0xAC00, 0xAC41, 0x9380, 0x3960, 0x2120, 0x2920, 0x2980, 0x8381,
    0x8260, 0x3920, 0x2140, 0x1940, 0x1940, 0x1920, 0x1920, 0x1920,
    0x1920, 0x08C0, 0x5200, 0xBC42, 0xDD42, 0xDC20, 0xBA00, 0x89A0,
    0x5140, 0x1160, 0x2980, 0x2980, 0x2161, 0x21E3, 0x3AA4, 0x7304,
    0x9324, 0x9324, 0x9344, 0x9385, 0xA4A5, 0xB382, 0x8A42, 0xB42A,
    0xFE08, 0xCA00, 0x2940, 0x296B, 0x65FE, 0xE7FC, 0xFFFC, 0xFFBB,
    0xFF9C, 0xFFFC, 0xFFFC, 0xE673, 0x7A42, 0x5A02, 0x6AC1, 0x59A0,
    0x29C0, 0x39C0, 0x31C1, 0x29C1, 0x29A1, 0x29A1, 0x29E1, 0x31A0,
    0xB5C1, 0xBDC1, 0xACE1, 0x72C3, 0x59A4, 0x6A05, 0x7205, 0x71E5,
    0x71E5, 0x69E4, 0x69C4, 0x69C4, 0x61C4, 0x61A4, 0x61C4, 0x61A4,
    0x61C4, 0x61A4, 0x59A4, 0x61C5, 0x5944, 0x4263, 0x62C2, 0xA263,
    0x8B47, 0x6307, 0x3A67, 0x21A6, 0x1905, 0x10A4, 0x1862, 0x1842,
    0x1841, 0x2061, 0x2060, 0x2061, 0x2061, 0x2040, 0x1800, 0x1800,
    0x1021, 0x1080, 0x20E2, 0x5A02, 0x7A84, 0x51A2, 0x3141, 0x8AE3,
    0x9B63, 0x7A20, 0x5140, 0x2921, 0x3182, 0x3182, 0x3162, 0x3182,
    0x59E2, 0x4221, 0x41A4, 0x5185, 0x5185, 0x4142, 0x29C1, 0x3A22,
    0x3961, 0x6281, 0x6BC0, 0x73E0, 0x6BC0, 0x6BA0, 0x6BA0, 0x63E0,
    0xBB21, 0xFEE4, 0xFFE4, 0xF5C4, 0xED23, 0xEE03, 0xE583, 0xE4A3,
    0xED23, 0xEE03, 0xED43, 0xF583, 0xE5E4, 0xECE3, 0xE523, 0xE503,
    0xECE3, 0xECE3, 0xC542, 0x7C42, 0x9463, 0xAB24, 0xB389, 0xAC4B,
    0xABAA, 0xBB89, 0x92E7, 0x6281, 0x8BE3, 0x7341, 0x8422, 0x9441,
    0x5300, 0x9BC6, 0xEFF1, 0xDEC9, 0xDDC6, 0xD482, 0xCD03, 0xBB81,
    0xCB80, 0xC380, 0xCB40, 0xA343, 0xC5CA, 0xFEF2, 0xEF15, 0xF6F1,
    0xB3E1, 0xB382, 0x6261, 0x4A40, 0x59E0, 0x4980, 0x5180, 0x79C0,
    0x9AA3, 0x6A01, 0x61C0, 0x92E1, 0xBA61, 0xDC02, 0xDDE4, 0xD563,
    0xDD83, 0x9524, 0x4222, 0x3941, 0xB382, 0xCCA4, 0xCD84, 0xD564,
    0xD584, 0xD584, 0xD5E4, 0xD481, 0xBA23, 0xB547, 0xC5E8, 0xCDE8,
    0xC5E8, 0xCDE8, 0xC5E8, 0xC5E8, 0xCE28, 0xB526, 0x7BE3, 0x5A01,
    0x3980, 0x3940, 0x8241, 0xC427, 0xBC28, 0xA365, 0x4921, 0x4161,
    0x3A61, 0x7C41, 0xABC1, 0x8BE1, 0xA4A0, 0xAC21, 0x6380, 0x2AE0,
    0x48C0, 0x5A81, 0x8280, 0x28E1, 0x0981, 0x1140, 0x1160, 0x31E0,
    0x7260, 0x1900, 0x1940, 0x1940, 0x1920, 0x1920, 0x1920, 0x1920,
    0x1920, 0x1940, 0x1100, 0x18E0, 0x4920, 0x5100, 0x2900, 0x1120,
    0x1960, 0x2960, 0x2141, 0x21E3, 0x3AC4, 0x6B04, 0x9303, 0x92E3,
    0x8B04, 0x8B24, 0x9363, 0xA322, 0x9A81, 0x9222, 0x4960, 0x1940,
    0x59A0, 0x5161, 0x2961, 0x1986, 0x8E59, 0xFFB9, 0xF77A, 0xFFDB,
    0xFF7D, 0xF79D, 0xF7DB, 0xFFFD, 0xEDF0, 0x71C0, 0x5166, 0x29C9,
    0x21C8, 0x21A6, 0x2121, 0x29C1, 0x31E1, 0x29A0, 0x29A1, 0x2A02,
    0xACC1, 0x7AE3, 0x6184, 0x71C5, 0x7A05, 0x7246, 0x7225, 0x7205,
    0x71C4, 0x69C4, 0x69C4, 0x69C4, 0x61A4, 0x69A4, 0x61A4, 0x61C4,
    0x61C4, 0x61C4, 0x61C4, 0x5964, 0x5262, 0xCDE4, 0x85E7, 0x7A84,
    0x9AE5, 0x92E7, 0x92E6, 0x8B07, 0x6AE7, 0x52A7, 0x3A67, 0x3207,
    0x21C6, 0x1105, 0x10A1, 0x1101, 0x10C1, 0x0905, 0x1291, 0x2314,
    0x2B76, 0x3B10, 0x5444, 0x5487, 0x6589, 0x7C83, 0x9C62, 0xB727,
    0xA465, 0x5A41, 0x2182, 0x3982, 0x2961, 0x3182, 0x3163, 0x39A2,
    0x4162, 0x3924, 0x5184, 0x5165, 0x4122, 0x31C1, 0x8C62, 0x7CC1,
    0x3B41, 0x42A1, 0x63C2, 0x63C1, 0x6380, 0x6B80, 0x6BA0, 0x6C00,
    0xCAE1, 0xFE43, 0xFF83, 0xF603, 0xE4C3, 0xF544, 0xF5E4, 0xEDC3,
    0xE523, 0xF583, 0xF5E3, 0xED83, 0xF623, 0xED23, 0xECE3, 0xE503,
    0xE503, 0xE504, 0xECC3, 0xD5E4, 0xA242, 0xBBE6, 0xDF6F, 0xEF4F,
    0xE74E, 0xEF6F, 0xBE2E, 0x5A83, 0x7C82, 0x6B81, 0x83C1, 0x8B62,
    0x7BA1, 0x5B81, 0xDE04, 0xEE03, 0xE565, 0xC406, 0xC3A5, 0xC405,
    0xC3E4, 0xC425, 0xC509, 0xD609, 0xBCEB, 0xB4B1, 0xD48C, 0xC3C0,
    0xABA6, 0xC4A4, 0x6281, 0x4A63, 0x4161, 0x39E0, 0x41E0, 0x3960,
    0x61C3, 0x7A03, 0x7200, 0x6240, 0x5342, 0x6A02, 0xA281, 0xC301,
    0xCAC1, 0xEC41, 0xA341, 0x3941, 0x49A1, 0xD543, 0xE5C3, 0xDDC3,
    0xDDE4, 0xDDC3, 0xDC61, 0xCB03, 0xA382, 0x7B04, 0xC688, 0xCE48,
    0xCE48, 0xCE47, 0xCE47, 0xCE46, 0xCDA4, 0xBD23, 0x9341, 0x6240,
    0x4180, 0x41A1, 0x3120, 0x71C1, 0xBBE6, 0xC448, 0x69E1, 0x3140,
    0x4A40, 0x62E1, 0x52E1, 0x7421, 0x8A40, 0x69E0, 0x6240, 0x1B20,
    0x11E0, 0x3AA1, 0x51E0, 0x3382, 0x6C01, 0x41C0, 0x41E0, 0x3120,
    0x20C0, 0x1920, 0x1940, 0x1940, 0x2180, 0x1940, 0x1920, 0x1920,
    0x1900, 0x1940, 0x2140, 0x1940, 0x1120, 0x1160, 0x1960, 0x2180,
    0x2140, 0x1962, 0x2223, 0x5B04, 0x9344, 0x9B04, 0x8AE4, 0x8B04,
    0x9323, 0x9B01, 0x9220, 0x6960, 0x3920, 0x1982, 0x3A21, 0x3180,
    0x19A2, 0x2202, 0x3242, 0x4A81, 0x6B8B, 0xEF17, 0xF6F6, 0xF739,
    0xFFBA, 0xFF7B, 0xF7D9, 0xFF9D, 0xFFD4, 0xCB70, 0x54FD, 0x867C,
    0xA6BC, 0x9E9C, 0x9594, 0x5222, 0x21A1, 0x31E1, 0x29A1, 0x29A1,
    0x61A4, 0x6185, 0x7A05, 0x7A05, 0x7A46, 0x7245, 0x7225, 0x69C4,
    0x69A5, 0x69A4, 0x69A5, 0x61A4, 0x61A4, 0x61A4, 0x61A4, 0x61C4,
    0x61C4, 0x6164, 0x5184, 0x62A5, 0xCDA3, 0xEEA7, 0xDEC9, 0x75C8,
    0x8A66, 0x8B06, 0x8AE7, 0x8AC7, 0x92C6, 0x92C6, 0x92E6, 0x8AE6,
    0x8AE6, 0x5AE7, 0x21C6, 0x3142, 0x31C1, 0x9DF7, 0xCF9C, 0xCF5B,
    0xCF9A, 0xA597, 0xEDC9, 0xFF66, 0xF644, 0xCBC1, 0xD401, 0xF502,
    0xB2A1, 0x4141, 0x3162, 0x2941, 0x6302, 0x4204, 0x3163, 0x3161,
    0x3944, 0x5184, 0x5185, 0x4983, 0x29E0, 0x5A01, 0xE46E, 0xECCE,
    0xCD0F, 0xC54A, 0xBD82, 0xA563, 0x7503, 0x5C02, 0x6381, 0x6C00,
    0xBB00, 0xFB82, 0xFE43, 0xF5C3, 0xE5A2, 0xED24, 0xF544, 0xF5E3,
    0xF5E3, 0xEDC3, 0xF5A3, 0xF5E3, 0xFE03, 0xEDC3, 0xE503, 0xE4E3,
    0xE4E3, 0xE523, 0xDCA3, 0xFD83, 0xCD23, 0xC161, 0xF66B, 0xF771,
    0xF70F, 0xFF4E, 0xDECF, 0x6305, 0x8CA1, 0x73C1, 0x83C1, 0x7BA1,
    0x7340, 0x7C41, 0xACC0, 0xDC21, 0xC301, 0xCC01, 0xD544, 0xDDE4,
    0xDDE4, 0xE623, 0xF645, 0xD550, 0xBE16, 0xBF1A, 0xA5D9, 0xA44E,
    0xE6A8, 0xD649, 0xB405, 0x9D44, 0x6444, 0x5B40, 0x62A0, 0x4220,
    0x5B62, 0x5442, 0x5BA1, 0x9AA1, 0x9AC1, 0x6A81, 0x3961, 0x5181,
    0x59A1, 0x71A1, 0x8202, 0x52A1, 0x39A1, 0x6181, 0xAA41, 0xB2A1,
    0xBB01, 0xBAC1, 0xA9E1, 0x9A82, 0x8A41, 0x4A83, 0xBC43, 0xC3E2,
    0xBBC2, 0xB362, 0xAB61, 0xB341, 0x81C1, 0x8241, 0x6141, 0x3921,
    0x4141, 0x3940, 0x4182, 0x3161, 0x6181, 0xBBE6, 0xA345, 0x3920,
    0x3960, 0x4A81, 0x5B21, 0x6B21, 0x49C0, 0x3201, 0x5341, 0x29E0,
    0x2260, 0x62E1, 0x6301, 0x73E2, 0xAC43, 0x6BA3, 0x2940, 0x0900,
    0x1AE1, 0x31C0, 0x1940, 0x1940, 0x2960, 0x2960, 0x1920, 0x1920,
    0x1920, 0x1940, 0x2120, 0x1940, 0x2120, 0x2140, 0x2140, 0x2141,
    0x19E3, 0x3AC4, 0x7B23, 0x92E3, 0x8B04, 0x9324, 0x9343, 0x9B02,
    0x9220, 0x6140, 0x3120, 0x1940, 0x2180, 0x2160, 0x2982, 0x3202,
    0x3222, 0x5302, 0x6AE2, 0x62A2, 0x5A60, 0x838A, 0xE6B8, 0xEF19,
    0xEEF8, 0xF718, 0xF7B9, 0xF7F7, 0xFEA6, 0xC2EF, 0xBFFF, 0xFFFB,
    0xFFFB, 0xFFFA, 0xFFFA, 0xF608, 0x59E0, 0x29C1, 0x39E1, 0x31C1,
    0x71E4, 0x7A05, 0x71E5, 0x8225, 0x8246, 0x7A25, 0x69C5, 0x69C5,
    0x69C5, 0x69E5, 0x61A5, 0x61A4, 0x61A4, 0x61A4, 0x69C5, 0x6185,
    0x5143, 0x5244, 0x95A8, 0xCDE9, 0xE523, 0xEF47, 0xEE87, 0xD686,
    0x6D48, 0x8A44, 0x8B06, 0x8AE7, 0x8AE6, 0x8AE7, 0x82C6, 0x82C6,
    0x8AC6, 0x92A6, 0x62E7, 0x21A7, 0x8302, 0xFF94, 0xF71C, 0xF719,
    0xF73A, 0xBE98, 0xC515, 0xE549, 0xC423, 0xB321, 0xC461, 0xC462,
    0x51E1, 0x2142, 0x31E2, 0x8B62, 0xD544, 0x6CA6, 0x20E2, 0x3944,
    0x5164, 0x5184, 0x5164, 0x4162, 0x52E0, 0x5BCB, 0xC6BC, 0xBE7A,
    0xC6BD, 0xC4D0, 0xF561, 0xF5A3, 0xF561, 0xBDE1, 0x8542, 0x6422,
    0x93E1, 0xE1E1, 0xFD22, 0xF5E3, 0xF5A2, 0xF664, 0xE544, 0xF563,
    0xF5E3, 0xF5E3, 0xF5E3, 0xF5E3, 0xF5C3, 0xF5E3, 0xEDA3, 0xE4E3,
    0xE4E4, 0xE523, 0xE4E3, 0xECE4, 0xF644, 0xB2E2, 0xDB65, 0xFFEE,
    0xF72C, 0xF74B, 0xEF0D, 0x63A5, 0x8C00, 0x7BC1, 0x7BA1, 0x73E1,
    0x6B40, 0x83C0, 0x8B40, 0xAB22, 0xC4C6, 0xBB80, 0xD3A0, 0xDBC1,
    0xD380, 0xDB22, 0xBBB0, 0xB637, 0xE6D7, 0xFF38, 0xFF99, 0xC678,
    0xCD4F, 0xFEC9, 0xE6E9, 0xDC44, 0xCD44, 0x6B42, 0x62E0, 0x6B40,
    0x7341, 0x8B41, 0x7221, 0x49C1, 0x4A21, 0x52C1, 0x5361, 0x5361,
    0x4B61, 0x5BE1, 0x4A81, 0x51A1, 0x49C0, 0x42A0, 0x3AA1, 0x3A40,
    0x3A00, 0x4180, 0x4181, 0x4AC4, 0x4B24, 0x6342, 0x6303, 0x5B87,
    0x5BA5, 0x5B85, 0x4120, 0x4120, 0x3960, 0x38E0, 0x3940, 0x3980,
    0x3960, 0x3940, 0x3961, 0x4180, 0x3140, 0x5980, 0xBBC6, 0x61C1,
    0x3140, 0x4281, 0x5B21, 0x5B21, 0x5241, 0x4301, 0x8360, 0x20E1,
    0x5562, 0x52E1, 0x62E1, 0x7C63, 0x9D43, 0xBE23, 0x8421, 0x3B41,
    0x7B40, 0x6140, 0x08E0, 0x10C0, 0x08C1, 0x1100, 0x1100, 0x1120,
    0x1900, 0x18E0, 0x1900, 0x18E0, 0x1920, 0x2140, 0x1942, 0x2264,
    0x6303, 0x9324, 0x9303, 0x8B04, 0x8B23, 0x9302, 0x9240, 0x6960,
    0x3120, 0x1940, 0x2140, 0x21E1, 0x2960, 0x2961, 0x29C3, 0x4303,
    0x6B02, 0x6A82, 0x6AA2, 0x6AA2, 0x62A2, 0x5A41, 0x7B47, 0xE631,
    0xF6B2, 0xF64E, 0xEDB0, 0xE549, 0xDAA0, 0x5165, 0x967A, 0xFFFD,
    0xFFDB, 0xFFBB, 0xFF73, 0xFCA1, 0x91C1, 0x21E1, 0x31E1, 0x31E1,
    0x7225, 0x7205, 0x7A05, 0x8245, 0x79E5, 0x69C6, 0x69E6, 0x69E5,
    0x6A05, 0x6205, 0x61A5, 0x69A4, 0x6184, 0x6164, 0x5984, 0x5223,
    0x7C24, 0xD6C8, 0xFF49, 0xCDE8, 0xDD44, 0xED82, 0xD5E5, 0xEE89,
    0xCF08, 0x6CE9, 0x9265, 0x9306, 0x8AE7, 0x8AE7, 0x8AC7, 0x8AE6,
    0x8AC6, 0x82C6, 0x92C6, 0x6AE7, 0x6A06, 0xF486, 0xEF73, 0xEF5D,
    0xEF3B, 0xEF3B, 0xBE37, 0xCD4A, 0xD626, 0xB445, 0xD361, 0x82A1,
    0x2922, 0x39C1, 0xAC82, 0xDD22, 0xEE43, 0x9342, 0x2904, 0x5184,
    0x4944, 0x59A4, 0x4280, 0x3200, 0x4100, 0xC508, 0xF79B, 0xF719,
    0xE75C, 0xACD6, 0xF562, 0xE521, 0xA844, 0xE227, 0xFD88, 0xC563,
    0x7482, 0x9B21, 0xEA82, 0xF5E2, 0xF5A3, 0xFE63, 0xEE23, 0xE543,
    0xF563, 0xF603, 0xF5E3, 0xF603, 0xF5E3, 0xF5E3, 0xF604, 0xEDC4,
    0xE526, 0xED04, 0xE503, 0xED25, 0xF565, 0xDDC3, 0xB9E2, 0xF607,
    0xEE8A, 0xEE49, 0xF6CB, 0x7C67, 0x8381, 0x7BA1, 0x73A1, 0x7BA0,
    0x6B60, 0x7320, 0x8301, 0x5980, 0xD5E5, 0xB485, 0xBAE2, 0xC548,
    0xBAC2, 0xABCF, 0xB6F9, 0xEF59, 0xEF19, 0xEF38, 0xEF17, 0xF759,
    0xC696, 0xBCF0, 0xF6C9, 0xDEC9, 0xD545, 0xAD04, 0x7AC0, 0x61A1,
    0x4921, 0x6260, 0x6BC0, 0x6C81, 0x7CC1, 0x8CC1, 0x94A1, 0x9CA1,
    0x9CC1, 0x93C1, 0x5961, 0x3A61, 0x53C0, 0x7400, 0x7C00, 0x7420,
    0x7340, 0x4A40, 0x4BA1, 0x7C82, 0x9D23, 0x8C63, 0x8548, 0xAE45,
    0xBD83, 0xB4E4, 0x7385, 0x3182, 0x3963, 0x3B06, 0x4A81, 0x3960,
    0x4180, 0x3961, 0x3960, 0x3940, 0x41A0, 0x3160, 0x6202, 0x92A3,
    0x3A20, 0x5321, 0x5B01, 0x5B01, 0x5321, 0x5AC0, 0x6281, 0x33C1,
    0xBD61, 0xCCE1, 0x7CC2, 0xA501, 0xAC80, 0xA481, 0xB562, 0xACC1,
    0x6241, 0x19E3, 0x3346, 0x4BC7, 0x5425, 0x5384, 0x49E1, 0x2900,
    0x1140, 0x1A00, 0x2160, 0x2280, 0x2180, 0x1963, 0x3282, 0x7A82,
    0x8AE4, 0x82E4, 0x8B43, 0x9322, 0x9240, 0x6960, 0x3120, 0x1960,
    0x2160, 0x2960, 0x2140, 0x3A00, 0x4182, 0x2A42, 0x52A2, 0x6282,
    0x6322, 0x72C2, 0x62A2, 0x62A1, 0x6281, 0x6227, 0x51CD, 0x5AF2,
    0x9C93, 0xA455, 0x9576, 0xB5BA, 0x9D35, 0x4A25, 0x4224, 0xE654,
    0xFFFB, 0xFFBA, 0xFF6E, 0xD260, 0x2941, 0x3AC1, 0x5201, 0x29A1,
    0x79E5, 0x79C4, 0x8205, 0x7A25, 0x7A26, 0x7226, 0x7205, 0x79A4,
    0x7226, 0x6165, 0x5983, 0x51C3, 0x5265, 0x63C4, 0x8D65, 0xC645,
    0xEEA6, 0xF667, 0xEEC7, 0xDE88, 0xCC03, 0xCC85, 0xEEE9, 0xEEC9,
    0xF6A8, 0xC729, 0x6CC9, 0x9265, 0x8B06, 0x8AE7, 0x8AE6, 0x8AE6,
    0x8AC6, 0x8AC6, 0x82C6, 0x8AA6, 0x72E7, 0x7206, 0xE3E5, 0xFF30,
    0xF7BA, 0xF6F5, 0xBD4B, 0xD5C6, 0xEEC7, 0xD5E6, 0x71E2, 0x2942,
    0x2942, 0x8AA1, 0xD422, 0xE481, 0xCBC2, 0x4924, 0x5164, 0x4965,
    0x59C4, 0x4961, 0x63A0, 0x5C00, 0x2A40, 0x9A41, 0xFEED, 0xEFBB,
    0xF7FD, 0xBEBB, 0xE3C8, 0xBD14, 0x84FA, 0x9D7B, 0xBD3A, 0xF524,
    0xE4A1, 0xAC62, 0xC2A1, 0xEB82, 0xF623, 0xFE23, 0xFDE3, 0xF603,
    0xED43, 0xF5A3, 0xF603, 0xF5E3, 0xF5E3, 0xF603, 0xF644, 0xF685,
    0xEE69, 0xED26, 0xE503, 0xEDA5, 0xED65, 0xFE43, 0xC402, 0xDC49,
    0xEFB1, 0xE6CE, 0xF790, 0xA4EB, 0x7B82, 0x7BC1, 0x73A1, 0x7B61,
    0x6B40, 0x6B21, 0x7380, 0x4240, 0x8A60, 0xD60C, 0xB347, 0xED22,
    0xBB86, 0xADB4, 0xF716, 0xF718, 0xF737, 0xEF15, 0xEEB4, 0xEED4,
    0xF6D2, 0xC614, 0xC588, 0xFEC4, 0xED02, 0xD300, 0x6903, 0x29C7,
    0x4C88, 0x7D04, 0x9441, 0xA4A1, 0x9C81, 0x9461, 0x9461, 0x9441,
    0x9CC1, 0x7241, 0x29C1, 0x74A1, 0x8C81, 0x7C00, 0x73C0, 0x7B40,
    0x5140, 0x6420, 0x94A0, 0x8C41, 0xA506, 0x9D66, 0xC5E1, 0xCCC2,
    0x9BE5, 0x7280, 0x8342, 0x8569, 0x6D88, 0xA563, 0x8220, 0x3160,
    0x4161, 0x3981, 0x3960, 0x3980, 0x4281, 0x4B01, 0x4AE1, 0x6A21,
    0x5A41, 0x5B21, 0x5B01, 0x52E1, 0x5A20, 0x3140, 0x6421, 0xB4C1,
    0x9420, 0xB420, 0xAD02, 0xAD22, 0x8421, 0x7C21, 0xA521, 0xAC45,
    0x8C4E, 0xAE33, 0xD6F8, 0xE6CC, 0xE584, 0xD607, 0xC506, 0x62A1,
    0x2B00, 0x5A20, 0x4B80, 0x7BE0, 0x4982, 0x3AA4, 0x92E2, 0x5961,
    0x5AA3, 0x9322, 0x9280, 0x7980, 0x3900, 0x1920, 0x2160, 0x2960,
    0x2960, 0x2960, 0x2941, 0x2182, 0x3262, 0x5A82, 0x6282, 0x5A62,
    0x5AA2, 0x6B02, 0x6AA1, 0x6285, 0x5AD2, 0x64DA, 0x8EBF, 0xB7DE,
    0xCFBD, 0xD7BD, 0xE7F8, 0xFF99, 0xFFFC, 0xF71B, 0x8455, 0x52CC,
    0xBDB1, 0xFFF1, 0xFDA3, 0xA9C0, 0x2180, 0x2960, 0x3180, 0x31E1,
    0x6222, 0x6A22, 0x6A22, 0x6202, 0x62A4, 0x6A24, 0x6202, 0x6B29,
    0x5A6A, 0x6322, 0x7BA3, 0x9D64, 0xC686, 0xE6E4, 0xEE84, 0xEDE4,
    0xE5C3, 0xDE48, 0xEE65, 0xCD03, 0xC424, 0xF76A, 0xEEE9, 0xEEC9,
    0xEEE8, 0xFEA8, 0xC729, 0x6CA7, 0x9282, 0x8B06, 0x8AE7, 0x8AE6,
    0x8AE7, 0x8AE7, 0x8AC6, 0x82C7, 0x8AC7, 0x7AE6, 0x6A46, 0xC325,
    0xDCC8, 0xB423, 0xCD41, 0xEE43, 0xF5E3, 0x82E2, 0x2101, 0x3181,
    0x2942, 0x9202, 0xD3C1, 0x9A42, 0x5144, 0x4944, 0x4985, 0x6225,
    0x4160, 0x3121, 0x6B20, 0x7400, 0x6400, 0x42E0, 0x9A40, 0xF506,
    0xEDA7, 0xAC26, 0xA537, 0xDF7D, 0xEFBB, 0xF7BA, 0xBEBA, 0xC3F0,
    0xFDE3, 0xE2E2, 0xDAC1, 0xDBC2, 0xF5C3, 0xF5E3, 0xF5C3, 0xF5E4,
    0xF5E3, 0xEDA3, 0xF5E3, 0xFE44, 0xF5E4, 0xF603, 0xFE83, 0xFE43,
    0xFF28, 0xF688, 0xED43, 0xF604, 0xEDA4, 0xF5A3, 0xDD03, 0xD2E4,
    0xFF4E, 0xEF0F, 0xFF90, 0xB5AB, 0x7BA2, 0x7C02, 0x7380, 0x6C41,
    0x6B81, 0x6B42, 0x6B60, 0x6361, 0x3940, 0xC4E6, 0xC4A7, 0xCB28,
    0xB510, 0xC636, 0xEEF8, 0xEEF6, 0xEF17, 0xEEF7, 0xE694, 0xE633,
    0xDE97, 0xE690, 0xAB01, 0xA160, 0x5922, 0x3A6E, 0x3C73, 0x868C,
    0xE76A, 0xEF0A, 0xB62A, 0x9482, 0x9481, 0x9481, 0x9461, 0x94A1,
    0x9BC1, 0x5181, 0x5C41, 0x9C81, 0x9460, 0x8C00, 0x7B80, 0x5921,
    0x3B27, 0x8CC4, 0x83CD, 0x7C73, 0xA574, 0xB572, 0xA3CE, 0x6AA8,
    0x9D66, 0x71E0, 0x30A0, 0xA547, 0xDCE1, 0x9180, 0x4160, 0x4161,
    0x3981, 0x3940, 0x3980, 0x3960, 0x4AC1, 0x5B21, 0x5B01, 0x52C1,
    0x5281, 0x5B01, 0x5B01, 0x5AE0, 0x38E0, 0x1241, 0x7B20, 0x8C21,
    0x8441, 0x8C20, 0x9CA1, 0xBDA2, 0xAD21, 0x8401, 0x8C87, 0xAC96,
    0xDF79, 0xF799, 0xF7D6, 0xEE28, 0xCCE5, 0xDDC6, 0xE647, 0xCD04,
    0x71C0, 0x28E0, 0x4A81, 0x7340, 0x29A0, 0x7362, 0x92A4, 0x72A2,
    0x5A00, 0x79C0, 0x4920, 0x2120, 0x2140, 0x2140, 0x2140, 0x2160,
    0x2960, 0x2961, 0x21E2, 0x4282, 0x5AA2, 0x5A63, 0x5AC2, 0x5A82,
    0x5A82, 0x62A2, 0x6AA2, 0x6313, 0x7E7B, 0xDFBC, 0xFFBB, 0xFFBB,
    0xFFDB, 0xFF9B, 0xFF59, 0xF737, 0xF719, 0xFF7C, 0xFFFD, 0xEFBD,
    0xA3A6, 0xA280, 0xAA20, 0x49E1, 0x31C0, 0x2980, 0x2180, 0x2960,
    0x8DA1, 0x8D61, 0x95E1, 0xA4C3, 0xB5C4, 0x9405, 0xBD85, 0xCFF1,
    0xB5AB, 0xD383, 0xE602, 0xE607, 0xED05, 0xDD04, 0xD504, 0xC3E3,
    0xE544, 0xE6E8, 0xDE07, 0xBB82, 0xEE87, 0xF6EA, 0xEEC9, 0xEEC9,
    0xEEC9, 0xEEC8, 0xF6A9, 0xBE65, 0x6BC2, 0x9202, 0x8B06, 0x8AE7,
    0x8AE7, 0x8AC6, 0x8AC6, 0x8AE7, 0x82C7, 0x8AA6, 0x8AC7, 0x6A87,
    0x6206, 0x7A86, 0xB363, 0xC300, 0x7180, 0x2121, 0x4260, 0x39E0,
    0x3161, 0x3942, 0x6903, 0x5184, 0x4965, 0x51E6, 0x7244, 0x49A0,
    0x3180, 0x2986, 0x5AF0, 0x638A, 0x638E, 0x6B64, 0x73C0, 0x6382,
    0x5A80, 0x6306, 0xF757, 0xF75A, 0xF73B, 0xF73B, 0xEF18, 0xAE16,
    0xE50F, 0xB4C2, 0xA8A2, 0xF3E2, 0xF462, 0xF5E3, 0xF5E3, 0xF624,
    0xF5E3, 0xF5E3, 0xF624, 0xFE44, 0xF644, 0xF663, 0xF401, 0xEC04,
    0xF6E6, 0xFF67, 0xF5E5, 0xFEC3, 0xF685, 0xF5A3, 0xEE02, 0xCAC2,
    0xEDAA, 0xF7AE, 0xFF8C, 0xCD8A, 0x72C2, 0x8CA3, 0x7320, 0x74A1,
    0x6BC3, 0x6B62, 0x6B60, 0x7361, 0x4AA1, 0x69C0, 0xCB29, 0xB596,
    0xBE79, 0xD6D8, 0xF718, 0xEF16, 0xF717, 0xEF18, 0xE6B7, 0xDEF8,
    0xF711, 0xCB63, 0x3923, 0x2B09, 0x5C45, 0xA585, 0xE707, 0xFF67,
    0xFEC8, 0xFEAB, 0xFF0D, 0xD4A9, 0x9B20, 0x94A1, 0x94A1, 0x9C61,
    0x69A1, 0x4B61, 0x94C1, 0x94A0, 0x93E0, 0x7AC0, 0x5942, 0x3307,
    0x9E67, 0xB50A, 0x95DA, 0xBF3B, 0xCEFA, 0xCEDA, 0xB6BC, 0x7D96,
    0xB508, 0x7392, 0x2B34, 0x84F6, 0x93B1, 0x3162, 0x3980, 0x4181,
    0x4160, 0x3980, 0x4180, 0x3960, 0x4220, 0x5B21, 0x5B01, 0x5B01,
    0x5B01, 0x5B01, 0x5B20, 0x59C0, 0x1960, 0x6380, 0x7340, 0x7C81,
    0x8C40, 0x8441, 0x8C21, 0x8B21, 0x9C40, 0x84A3, 0xA4F3, 0xDF59,
    0xF7B7, 0xF7B8, 0xF72E, 0xEEB7, 0xDDE9, 0xCC24, 0xDE27, 0xEE06,
    0xA240, 0x08C1, 0x19E3, 0x7C21, 0x6421, 0x74A1, 0x8B21, 0x89E0,
    0x5120, 0x18E0, 0x1940, 0x2940, 0x2940, 0x2160, 0x2160, 0x2160,
    0x2141, 0x2202, 0x4AA2, 0x5A62, 0x5A82, 0x5A82, 0x5AA3, 0x62E2,
    0x6282, 0x5A81, 0x5A24, 0x64B7, 0xDF9A, 0xFF5A, 0xF77B, 0xF77B,
    0xF79A, 0xFF9C, 0xFF78, 0xF6F8, 0xF79C, 0xFF9C, 0xF77A, 0xFFFD,
    0xFF2C, 0x71E0, 0x19C1, 0x31C0, 0x39C0, 0x31A0, 0x2960, 0x2980,
    0xBD81, 0xBDA1, 0xD601, 0xE503, 0xF5E3, 0xD5A7, 0xFF07, 0xF7CD,
    0xE6A6, 0xC525, 0xE445, 0xE543, 0xE603, 0xDE64, 0xDE44, 0xD604,
    0xE604, 0xEE86, 0xCDC6, 0xD422, 0xF705, 0xEF0A, 0xEEC9, 0xF6E9,
    0xEEC9, 0xEEC9, 0xE667, 0xE604, 0xAB61, 0x6B44, 0x8AC5, 0x92E5,
    0x8B07, 0x8AC7, 0x8AE7, 0x8AE7, 0x8AC6, 0x82C7, 0x8AA6, 0x8AA6,
    0x82E7, 0x6A86, 0x5247, 0x39C6, 0x1945, 0x4202, 0x6B41, 0x3140,
    0x28E2, 0x2924, 0x4185, 0x51E6, 0x6AA6, 0x7A63, 0x41A0, 0x3A21,
    0x3120, 0x7BE8, 0x9F3A, 0x9E5D, 0x9EBD, 0x5CBA, 0xC2EB, 0xE601,
    0x9603, 0x94A3, 0xF719, 0xEF5C, 0xF73A, 0xF75A, 0xE6D9, 0xE6B5,
    0xAD15, 0xECE3, 0x9C43, 0xD262, 0xEC22, 0xF482, 0xF603, 0xF664,
    0xF603, 0xF603, 0xF644, 0xFE64, 0xF664, 0xEBA1, 0xD321, 0xEEE5,
    0xFF83, 0xFF44, 0xFE85, 0xFE43, 0xFEA5, 0xF5E5, 0xF622, 0xDC43,
    0xDB63, 0xED22, 0xED02, 0xD566, 0x62E5, 0x9C62, 0x7404, 0x83A0,
    0x7C63, 0x6C63, 0x7360, 0x6B61, 0x6BA1, 0x4180, 0x83EF, 0xD759,
    0xF738, 0xEF18, 0xEF18, 0xEED7, 0xEEF8, 0xEEF8, 0xEF36, 0xED89,
    0xB343, 0x4A64, 0x74A4, 0xD7AA, 0xE6AA, 0xD529, 0xDCC8, 0xE42A,
    0xD595, 0xCDF9, 0xCDB8, 0xBE38, 0xB3EE, 0x9AA1, 0x9CA1, 0x79E1,
    0x3A41, 0x8501, 0x9C60, 0x8A60, 0x59C4, 0x4266, 0x4428, 0x9E28,
    0xD607, 0xBD47, 0xC657, 0xFF59, 0xF73A, 0xF73A, 0xF739, 0xFF58,
    0x9C4F, 0xAE5A, 0xCF9B, 0xD73A, 0xD77C, 0x8CAE, 0x3940, 0x4181,
    0x3960, 0x41A0, 0x4180, 0x4180, 0x41A0, 0x5B01, 0x5B01, 0x5B01,
    0x5AE1, 0x5B21, 0x5A40, 0x4120, 0x1960, 0x51A0, 0x6C21, 0x9461,
    0x8C41, 0x84A2, 0x9542, 0x84A1, 0x7C60, 0x9D4A, 0xD678, 0xEFB6,
    0xF798, 0xF750, 0xEDD7, 0xE7B4, 0xF6A5, 0xC3C4, 0xD5C7, 0xE647,
    0xD3E2, 0x5223, 0x6AA3, 0x8AE2, 0x9501, 0x94E0, 0x9480, 0x49A1,
    0x0923, 0x2A02, 0x2960, 0x1920, 0x1920, 0x2140, 0x2140, 0x2141,
    0x2202, 0x4AA2, 0x5A82, 0x5282, 0x5A82, 0x5A82, 0x5A82, 0x62C2,
    0x62C2, 0x6282, 0x5A61, 0x636B, 0xE737, 0xFF77, 0xF77A, 0xF75C,
    0xF75D, 0xF7DC, 0xFF57, 0xEE97, 0xEF5C, 0xFFDC, 0xFF9E, 0xF7CE,
    0xFBC0, 0x79C1, 0x2240, 0x39C0, 0x3180, 0x31A0, 0x2980, 0x2960,
    0xB5A1, 0xB582, 0xCE49, 0xD58C, 0xF625, 0xF7C7, 0xF626, 0xE645,
    0xEDC5, 0xF6E4, 0xCEA7, 0xCC86, 0xDC06, 0xDC23, 0xE5A3, 0xDE04,
    0xDDA4, 0xEEC9, 0xD66A, 0xCCC6, 0xF625, 0xEEC6, 0xEEE9, 0xEEE9,
    0xEEC9, 0xEEC7, 0xE603, 0xC3E1, 0xAAC3, 0x84E5, 0x6C46, 0x7A63,
    0x9263, 0x8AE6, 0x8AE7, 0x8AC7, 0x8AC6, 0x8AC7, 0x82A6, 0x82A6,
    0x8AA6, 0x8AA6, 0x8AC6, 0x72C6, 0x5AA7, 0x5A67, 0x31C6, 0x1945,
    0x3986, 0x5227, 0x72A6, 0x8286, 0x71A5, 0x3980, 0x3A00, 0x4201,
    0x31A0, 0x9A80, 0xFDC6, 0xFF74, 0xFF58, 0xD7DB, 0x6C98, 0xF424,
    0xFE43, 0xB421, 0xF631, 0xFFFE, 0xEF7C, 0xF75C, 0xEF7C, 0xEED9,
    0xB52C, 0xDD22, 0xEE44, 0xC4C4, 0xEC02, 0xEC02, 0xF482, 0xFE84,
    0xF604, 0xF604, 0xF664, 0xFEA5, 0xF5C4, 0xD240, 0xDB61, 0xFE65,
    0xFE84, 0xFE84, 0xF684, 0xFE64, 0xFE45, 0xF665, 0xF5E3, 0xED43,
    0xC2E3, 0xCBE1, 0xCC01, 0xDC00, 0x7BA6, 0x7B01, 0xA5C5, 0x7C24,
    0x7463, 0x74C2, 0x7380, 0x6B61, 0x7381, 0x4281, 0x94CE, 0xFF79,
    0xEEF9, 0xEF19, 0xEF39, 0xE6F7, 0xEEF7, 0xEEF5, 0xEE53, 0x8BC6,
    0x85AB, 0xC68F, 0xDE6A, 0xF668, 0xF72C, 0xEF6B, 0xE5F0, 0xAD36,
    0xC6F9, 0xE77A, 0xE77A, 0xE779, 0xCED8, 0x8BB1, 0x79A0, 0x39A1,
    0x6441, 0xA3E0, 0x7181, 0x3226, 0x64E3, 0x9DC4, 0xC648, 0xD5E8,
    0xCE07, 0xBD63, 0xB56F, 0xEF5C, 0xEF39, 0xF75A, 0xEF3C, 0xF6F1,
    0xB3C8, 0xBE79, 0xFF19, 0xF71A, 0xF75B, 0xEDCB, 0x5120, 0x3A41,
    0x4A60, 0x4160, 0x41A0, 0x41A0, 0x3960, 0x52E1, 0x5B01, 0x5AE1,
    0x5B21, 0x5A80, 0x4940, 0x2920, 0x2140, 0x3300, 0x7C41, 0x8C41,
    0x8440, 0x9D01, 0xB4C0, 0xA421, 0x7A80, 0xA408, 0xEFB8, 0xF779,
    0xF7F1, 0xECC5, 0xD66F, 0xF6E6, 0xEE06, 0xD464, 0xCD47, 0xE686,
    0xDC01, 0x9222, 0x9302, 0x81E0, 0x72C0, 0x8BC4, 0x93C7, 0x9CA8,
    0x9D49, 0xC5EA, 0xBCEB, 0x8BC9, 0x5A86, 0x3203, 0x21A2, 0x19E3,
    0x3AA3, 0x5282, 0x5282, 0x5A82, 0x5AA2, 0x5AA2, 0x5AA2, 0x5AA2,
    0x5AA2, 0x6AC2, 0x6281, 0x51A0, 0x7B04, 0xDCE7, 0xEDB0, 0xFF99,
    0xFFB2, 0xFE8F, 0xFEF5, 0xF735, 0xF754, 0xFF74, 0xFF6E, 0xFCC1,
    0x9180, 0x21C0, 0x31E0, 0x3A00, 0x3180, 0x29A0, 0x2980, 0x2960,
    0xB5A3, 0xCE6B, 0xDECE, 0xE6CF, 0xFE2B, 0xFEC4, 0xE604, 0xE685,
    0xDDC6, 0xFD05, 0xEEE4, 0xE728, 0xDEA8, 0xCE25, 0xDDA4, 0xD565,
    0xEE66, 0xF767, 0xE687, 0xDE26, 0xE5E4, 0xEEA7, 0xF709, 0xEEC9,
    0xEEC8, 0xD4A2, 0xC342, 0xBBC3, 0x8CE5, 0x9C02, 0x8D06, 0x64AB,
    0x6B6A, 0x9267, 0x92C5, 0x8AE7, 0x8AE7, 0x8AC7, 0x8AA7, 0x82A6,
    0x82A6, 0x82A6, 0x82A6, 0x8AA6, 0x8AA6, 0x82A6, 0x7AC7, 0x72C7,
    0x82C6, 0x8A84, 0x8249, 0x6BD3, 0x3C38, 0x3A06, 0x41E0, 0x4201,
    0x41A2, 0x31E9, 0x722D, 0xDD52, 0xE693, 0xFED4, 0xA5B1, 0x92A1,
    0xFDE2, 0xB523, 0xC423, 0xF548, 0xF62C, 0xF6CD, 0xEE6E, 0xCD68,
    0xB4A3, 0xED23, 0xFDE3, 0xF624, 0xEB62, 0xEC41, 0xEBE2, 0xF522,
    0xF644, 0xF624, 0xFE66, 0xFE85, 0xEE24, 0xCAC2, 0xD382, 0xFEA5,
    0xFE66, 0xFE46, 0xFE03, 0xFE43, 0xFEE6, 0xF685, 0xF5E3, 0xF5C3,
    0xCB43, 0xD423, 0xD443, 0xD445, 0xB4C7, 0x5263, 0xB4A1, 0xA503,
    0x9DE5, 0x9502, 0x7341, 0x7464, 0x7404, 0x7483, 0x9BE4, 0xFE90,
    0xEF37, 0xEF18, 0xEEF5, 0xEEB5, 0xE6B6, 0xE6D8, 0xD656, 0xADB1,
    0xF798, 0xFF98, 0xEF77, 0xEF2D, 0xFF6A, 0xE5EC, 0xB5B7, 0xDF39,
    0xF719, 0xF739, 0xF73A, 0xFF58, 0xF696, 0xD6F8, 0x4228, 0x41A1,
    0x83A0, 0x6B00, 0x4342, 0x8DA3, 0xAC80, 0x9C20, 0xBD67, 0xCE07,
    0xC5C5, 0xBD82, 0x92E3, 0xE691, 0xF75A, 0xEF1B, 0xF7DB, 0xF545,
    0x5921, 0xBE17, 0xEF3A, 0xEF3A, 0xF799, 0xCBC3, 0x3940, 0x4B21,
    0x5B21, 0x4200, 0x3980, 0x3980, 0x3A21, 0x5321, 0x5AE1, 0x5B21,
    0x5AA0, 0x4960, 0x3140, 0x1920, 0x1081, 0x42C1, 0x8C60, 0x8420,
    0x8422, 0x8C43, 0x8C63, 0x8503, 0x6B21, 0x9AA1, 0xE6AE, 0xF7D4,
    0xFEA6, 0xD485, 0xD645, 0xE5A6, 0xDE47, 0xDC83, 0xCD07, 0xE645,
    0xD2A0, 0x50E0, 0x5980, 0x5165, 0x53AD, 0xB56B, 0xD629, 0xE66A,
    0xEE49, 0xE62A, 0xEEEE, 0xEF4F, 0xE6B0, 0xCE4F, 0xAD2D, 0x83C7,
    0x7345, 0x5AE4, 0x5283, 0x52A2, 0x52A3, 0x5AC3, 0x5AC3, 0x5AC2,
    0x5AC2, 0x62A1, 0x6201, 0x5201, 0x49A0, 0x5960, 0x5160, 0x9361,
    0xD340, 0x91C0, 0x82A2, 0xCBC2, 0xCB40, 0xAA60, 0xA200, 0x81E1,
    0x3A81, 0x39E0, 0x29A0, 0x31A0, 0x3980, 0x2980, 0x29C0, 0x2980,
    0xD68D, 0xDEAF, 0xE6AE, 0xF74D, 0xF5CE, 0xE5E8, 0xDC06, 0xF542,
    0xEF05, 0xD566, 0xED06, 0xE5E6, 0xE4E5, 0xDCA3, 0xCCA4, 0xE627,
    0xF705, 0xDCE3, 0xDCC3, 0xDDC4, 0xE5C3, 0xF749, 0xEEC9, 0xF709,
    0xD605, 0xBB02, 0xBD05, 0x9440, 0x8440, 0x8484, 0xB587, 0xB64C,
    0x9E8E, 0x6D4E, 0x72E6, 0x8A43, 0x8A86, 0x8AA5, 0x8AC5, 0x82C6,
    0x82C6, 0x82C7, 0x82A7, 0x82A6, 0x82A7, 0x8AC7, 0x92C6, 0x8A84,
    0x7A89, 0x6B94, 0x8DFA, 0xDF7C, 0xBE35, 0x39E1, 0x4220, 0x39E2,
    0x5C12, 0x8DD7, 0x9EFA, 0xC6DC, 0xDE37, 0xDE96, 0x9474, 0x90E7,
    0xF3C1, 0xF5E3, 0xCE06, 0x9BE2, 0xA1A0, 0xC2A0, 0xCD00, 0xCE44,
    0xEE04, 0xDD44, 0xF604, 0xF685, 0xB243, 0xE1E1, 0xF482, 0xEBC2,
    0xF502, 0xF684, 0xFEA7, 0xF645, 0xF6C5, 0xD443, 0xE401, 0xFF06,
    0xFEC6, 0xFEE8, 0xFE26, 0xF5C3, 0xFF04, 0xF6C5, 0xF604, 0xF623,
    0xD344, 0xD3C3, 0xD484, 0xDCA4, 0xDC65, 0x6C08, 0x7AE0, 0x9CC3,
    0xC563, 0xA4A3, 0x7D05, 0x9504, 0xADE6, 0x9CC4, 0x8443, 0x9A42,
    0xEE75, 0xEEF6, 0xE673, 0xE675, 0xDEF6, 0xEF39, 0xE696, 0xBE35,
    0xFFD8, 0xF777, 0xF798, 0xF775, 0xFEE8, 0xCDC7, 0xD655, 0xF77B,
    0xEF39, 0xF73A, 0xF739, 0xF716, 0xE6B9, 0xEF78, 0x9E16, 0x4B72,
    0x6C01, 0x8CE0, 0x8CA0, 0xAC80, 0x8461, 0x8440, 0x9D04, 0xCDC6,
    0xBDC4, 0xA2E0, 0x4140, 0x79E0, 0xD570, 0xF7FA, 0xFE28, 0xA1E0,
    0x2966, 0x95DB, 0xF75A, 0xE6F9, 0xFF55, 0x92A1, 0x3261, 0x5B41,
    0x5B01, 0x5B21, 0x4AC1, 0x4AC1, 0x5321, 0x5B01, 0x5B21, 0x5A80,
    0x4980, 0x3920, 0x20E0, 0x10E2, 0x1BA4, 0x6CE4, 0x8CA4, 0x8484,
    0x8D24, 0x9D85, 0xA5C4, 0xB4E2, 0x9B80, 0xA261, 0xCDC4, 0xEE01,
    0xE421, 0xCC81, 0xDD65, 0xDE27, 0xE645, 0xDC45, 0xC588, 0xEE03,
    0x99E0, 0x3204, 0x6B6F, 0x7D58, 0xDFB9, 0xF778, 0xE6CF, 0xE6AD,
    0xE6AE, 0xE68D, 0xE66C, 0xEEAD, 0xEF0F, 0xF70D, 0xF72F, 0xEE48,
    0xD4CB, 0xC56F, 0xAC6A, 0x8365, 0x62E2, 0x5281, 0x52A2, 0x5AC3,
    0x62C2, 0x5A01, 0x5201, 0x5221, 0x5A01, 0x4980, 0x1980, 0x1940,
    0x2141, 0x19C1, 0x1980, 0x2940, 0x2941, 0x1981, 0x1981, 0x19A1,
    0x3220, 0x4220, 0x31A0, 0x2981, 0x3180, 0x3180, 0x2980, 0x29C1,
    0xDEAE, 0xDEAF, 0xE6AE, 0xEECD, 0xDEAD, 0xE4ED, 0xCD8A, 0xD427,
    0xEC83, 0xEE63, 0xDE66, 0xCCC5, 0xCCE4, 0xDE24, 0xE666, 0xF644,
    0xDCC3, 0xC443, 0xE584, 0xD524, 0xEE04, 0xF6C6, 0xF6C8, 0xEE86,
    0xC361, 0xB446, 0x7CA6, 0x646A, 0x94EA, 0xB5E4, 0xBE0A, 0xC5E6,
    0xD627, 0xBE47, 0x7583, 0x644F, 0x73F9, 0x7A90, 0x822B, 0x8A48,
    0x8A66, 0x8A45, 0x8A45, 0x8A46, 0x8A64, 0x8A43, 0x69A0, 0x5960,
    0x9C65, 0xDFB6, 0xFFDD, 0xFF9A, 0x7B26, 0x39C0, 0x39E0, 0x6BAB,
    0xEF7C, 0xF71A, 0xFF5B, 0xF77B, 0xE71B, 0xE6F9, 0xC73B, 0x9CB9,
    0xD365, 0xEC81, 0xFFE5, 0xEE23, 0xC5C3, 0xB3E3, 0xD342, 0xFCE2,
    0xFDE3, 0xF5C4, 0xFC82, 0xFE64, 0xCDC4, 0x99C2, 0xE1C2, 0xEC22,
    0xE3A2, 0xEC62, 0xFE87, 0xF6A6, 0xFEC5, 0xE5E5, 0xDAE1, 0xFE64,
    0xF706, 0xFF07, 0xFEC6, 0xF625, 0xFE44, 0xFEE5, 0xF685, 0xF6A4,
    0xD444, 0xCB24, 0xD486, 0xD4E3, 0xD443, 0xC62A, 0x52A5, 0x9C21,
    0xA4C3, 0xA4C4, 0xB564, 0xA585, 0xC5E5, 0x9D66, 0xA564, 0x3A25,
    0xCE79, 0xEED8, 0xDE75, 0xDE97, 0xEF79, 0xF75A, 0xDE55, 0xCE76,
    0xFFD9, 0xF798, 0xF798, 0xF771, 0xF70A, 0xD522, 0xBD0A, 0xF6F6,
    0xF758, 0xF758, 0xEF18, 0xEED9, 0xEF5A, 0xEFB9, 0xF735, 0xD71B,
    0x8C8E, 0x9460, 0x8C81, 0x8461, 0x8C81, 0x8C40, 0x9CE4, 0xBE25,
    0xB380, 0x4900, 0x4160, 0x3100, 0x51A0, 0xE440, 0xB260, 0x3960,
    0x31A2, 0xB5EF, 0xFF13, 0xEF78, 0xF64A, 0x7A80, 0x4B41, 0x5B21,
    0x5B01, 0x5B01, 0x5B21, 0x5B01, 0x5B01, 0x5B21, 0x5A40, 0x4980,
    0x4140, 0x2162, 0x0983, 0x2424, 0x95E4, 0xC5A4, 0xB584, 0xADC4,
    0xACE3, 0xB583, 0xBCC1, 0xA320, 0x6980, 0x61A0, 0xD403, 0xCBA1,
    0xBAE1, 0xBAE1, 0xBAE0, 0xDD45, 0xE505, 0xCD27, 0xDE64, 0xD340,
    0x92E7, 0xBDD4, 0xE779, 0xF7F7, 0xF798, 0xF7B4, 0xF72D, 0xEEEE,
    0xEF0E, 0xEF0F, 0xEEEF, 0xE6CF, 0xEEEF, 0xEE8B, 0xE669, 0xED2B,
    0xCCCA, 0xE731, 0xF773, 0xE66E, 0xCD6B, 0xAC68, 0x8344, 0x6B01,
    0x5A41, 0x5201, 0x5201, 0x5201, 0x51C0, 0x3160, 0x2160, 0x29A1,
    0x29A0, 0x2980, 0x29C1, 0x31E1, 0x29A0, 0x29A0, 0x31C1, 0x31A1,
    0x29A0, 0x31C0, 0x39C0, 0x31A0, 0x2980, 0x29A0, 0x2980, 0x2980,
    0xDF31, 0xDEAE, 0xDEAD, 0xDE8D, 0xDEED, 0xCE8F, 0xDCEE, 0xD588,
    0xD503, 0xEC84, 0xE543, 0xCCC3, 0xDCC4, 0xED44, 0xE4A3, 0xD463,
    0xCC24, 0xDC62, 0xD583, 0xDE04, 0xE604, 0xE623, 0xE663, 0xC403,
    0xB428, 0x8525, 0xA562, 0xB6CF, 0xA547, 0xBD65, 0xBDE6, 0xB586,
    0xB5A5, 0xB5A7, 0xA4E2, 0xDEB3, 0xC7BC, 0x969B, 0x859A, 0x7CD9,
    0x7438, 0x73D6, 0x73D5, 0x6C18, 0x49AA, 0x28E0, 0x1922, 0x31E9,
    0x8183, 0xEC61, 0xFE6B, 0xABA4, 0x39C0, 0x4A22, 0x39E0, 0xCDD2,
    0xFFBC, 0xEF5B, 0xF75B, 0xF75A, 0xF75B, 0xEEF8, 0xFF36, 0xBF1A,
    0xCCC8, 0xDC82, 0xED43, 0xF442, 0xFE02, 0xDD83, 0xC3E2, 0xCB82,
    0xECC2, 0xE603, 0xB223, 0xD9C2, 0xFC21, 0xD502, 0xA2A2, 0xD181,
    0xEB61, 0xDC02, 0xE4A3, 0xF504, 0xF564, 0xF5E4, 0xD3A4, 0xEBE1,
    0xFF66, 0xFF48, 0xF6E6, 0xF6C5, 0xFE85, 0xFE85, 0xF6A5, 0xFEA5,
    0xE645, 0xCB23, 0xD402, 0xDE44, 0xCBE4, 0xED43, 0x8D64, 0x6220,
    0xA4C2, 0xA4C3, 0xA504, 0xBDC5, 0xB5A5, 0xBDE5, 0xB606, 0x6B62,
    0xDDAC, 0xF799, 0xE6D9, 0xE719, 0xFF7A, 0xFF58, 0xD5AE, 0xCEF0,
    0xFFB1, 0xF7B7, 0xF7B9, 0xF755, 0xF74D, 0xDDA6, 0xBD24, 0xC58A,
    0xEDEF, 0xF671, 0xEEF6, 0xEF79, 0xF717, 0xFFDA, 0xF759, 0xF717,
    0xCEFC, 0x848F, 0x8C60, 0x8C81, 0x8C80, 0x8C41, 0x9DA5, 0xBC81,
    0x5928, 0x32B0, 0x4396, 0x4BD7, 0x4375, 0x3A0E, 0x4144, 0x41A0,
    0x39A0, 0x7200, 0xA341, 0xCC43, 0xBB02, 0x5371, 0x5B45, 0x6300,
    0x5B21, 0x5B01, 0x5B01, 0x5B01, 0x5B20, 0x5A20, 0x4960, 0x4141,
    0x3A64, 0x6504, 0x7D44, 0xA584, 0xBD84, 0xAD44, 0xB544, 0xBD84,
    0xAD23, 0xA481, 0x9AC0, 0x6140, 0x18E0, 0x2940, 0xA201, 0xBB82,
    0xC423, 0xC424, 0xBC44, 0xBC04, 0xCC23, 0xD4A1, 0xE300, 0xAAA6,
    0xC635, 0xE778, 0xF7B7, 0xF797, 0xF798, 0xF797, 0xEEEE, 0xEEEE,
    0xEEEE, 0xEEEE, 0xEEEF, 0xEF0F, 0xEEEB, 0xEEA7, 0xE4C8, 0xCDAE,
    0xDEEC, 0xDD69, 0xF68D, 0xF74E, 0xEEAC, 0xEEAD, 0xE64C, 0xD4A3,
    0x92E4, 0x49E1, 0x5201, 0x51E1, 0x4180, 0x2160, 0x2160, 0x2180,
    0x2980, 0x2980, 0x2180, 0x29A0, 0x31C0, 0x2980, 0x2980, 0x29A1,
    0x31C1, 0x29A0, 0x2980, 0x3180, 0x29A0, 0x29A0, 0x29A1, 0x29C0,
    0xDE89, 0xD686, 0xDEA9, 0xDE8B, 0xDECE, 0xDEEE, 0xD6CE, 0xDCAE,
    0xE4E9, 0xDE04, 0xCD05, 0xD4A4, 0xDD45, 0xD526, 0xD544, 0xDE45,
    0xCDC3, 0xCBC4, 0xE423, 0xDCE1, 0xDD02, 0xDCC3, 0xDC85, 0xD607,
    0xB690, 0x7487, 0xBD04, 0xB503, 0x8464, 0xB56A, 0xB583, 0xB5C8,
    0xB584, 0xB5C5, 0x9D2A, 0xEE2E, 0xF73A, 0xF73A, 0xEF36, 0xDF98,
    0xD7BB, 0xCF7B, 0xD77B, 0xBF9C, 0x1A6A, 0x1923, 0x54B8, 0x65BC,
    0x341A, 0x61CB, 0x79E0, 0x39A0, 0x4221, 0x4221, 0x49E0, 0xE5A9,
    0xF77A, 0xF75B, 0xF75A, 0xF739, 0xF75A, 0xE6FA, 0xEE75, 0xCD48,
    0xBCC1, 0xEF23, 0xCE03, 0xD2A2, 0xEAC2, 0xE422, 0xCC62, 0xBBC2,
    0xCAC3, 0xEB62, 0xCD62, 0xA483, 0xB1E3, 0xEA63, 0xE4A3, 0xA322,
    0xC162, 0xEB61, 0xECE2, 0xE403, 0xE382, 0xDBA1, 0xD422, 0xD2C1,
    0xF502, 0xFF26, 0xF6E6, 0xF6A5, 0xF6C5, 0xF6A5, 0xF6A5, 0xF685,
    0xF705, 0xD544, 0xCB44, 0xDC84, 0xCC23, 0xD541, 0xE621, 0x5B61,
    0x8B21, 0x94E3, 0xA4E3, 0xB585, 0xBDE6, 0xBDA5, 0xC646, 0x8484,
    0x8200, 0xF5A9, 0xEF37, 0xEF17, 0xF734, 0xF60E, 0xBDEC, 0xEF6C,
    0xF70B, 0xF76E, 0xF7B6, 0xF79A, 0xF773, 0xE6A9, 0xD4E4, 0xD685,
    0xB5E7, 0xBDEA, 0xD589, 0xF632, 0xEEFA, 0xF77B, 0xFF9B, 0xEEB8,
    0xFF58, 0xCEDA, 0x8423, 0x8C80, 0x8C60, 0x84A3, 0xAD42, 0x820B,
    0x44B7, 0x9EB9, 0xCF9C, 0xDF9B, 0xD7BC, 0xB75C, 0x6D59, 0x3A0A,
    0x4180, 0x3A82, 0x4222, 0x4140, 0x42CA, 0x8E5B, 0x95B8, 0x4B4D,
    0x5B01, 0x5B21, 0x5B01, 0x5B20, 0x5A00, 0x4160, 0x4160, 0x3AA4,
    0x75A4, 0xBDA4, 0xBD64, 0xB564, 0xB584, 0xB544, 0xAD64, 0xB563,
    0xB4A1, 0x9240, 0x5120, 0x1120, 0x1920, 0x1900, 0x20E0, 0x30E0,
    0x9200, 0xCAA0, 0xCBE2, 0xDC01, 0xC280, 0xA940, 0x81A1, 0xB513,
    0xE798, 0xF797, 0xF797, 0xF797, 0xF798, 0xF7B8, 0xF74F, 0xEEEE,
    0xEEEE, 0xEEEE, 0xEEEC, 0xEEEB, 0xEE48, 0xE449, 0xCD4B, 0xD68B,
    0xEEAC, 0xEEAC, 0xD4A7, 0xE506, 0xEE4B, 0xE64B, 0xEEAC, 0xED86,
    0xCC46, 0x83A5, 0x49C0, 0x51C0, 0x2980, 0x2180, 0x2160, 0x2180,
    0x2180, 0x2180, 0x2980, 0x2980, 0x29A0, 0x29A0, 0x2960, 0x29C1,
    0x31A1, 0x29C0, 0x2981, 0x2980, 0x29A0, 0x29A0, 0x29C1, 0x3B01,
};
